fecha,medio,titulo,categoria_original,texto
2026-06-11,TVN,Mantienen aviso de vigilancia por altas temperaturas y se prevé llegada de onda tropical #11,nacionales,"Ciudad de Panamá/El Instituto de Meteorología e Hidrología de Panamá (IMHPA) mantiene vigente un aviso de vigilancia por altas temperaturas, luego de que durante este jueves gran parte de la población percibiera un aumento en la sensación térmica.
De acuerdo con los pronósticos, las condiciones de calor continuarán hasta este viernes debido al ingreso de una masa de aire seco y a la presencia de flujos de viento que estarían limitando la formación de tormentas abundantes en el territorio nacional.
“Se está observando para hoy y todavía aparte del día de mañana se estaría desplazando una masa en seco, lo cual, junto con algunos flujos de viento que estarían inhibiendo las condiciones favorables para abundantes tormentas en el país, se estaría dando esta condición de cielo parcialmente nublado a despejado en gran parte de la mañana y de igual manera gran parte de la tarde”, explicó Emanuel Velásquez, pronosticador del Imhpa.
Sin embargo, las condiciones del tiempo podrían cambiar durante el fin de semana. Los especialistas informaron que la onda tropical #11 de la temporada se aproxima al territorio nacional y podría ingresar a Panamá durante el sábado.
🔗Puedes leer: Instituto de Meteorología advierte disminución de lluvias de hasta 20% por fenómeno de El Niño
Actualmente, el fenómeno se encuentra sobre Venezuela y mantiene bajo vigilancia a las autoridades meteorológicas.
“Habrá un cambio drástico en las condiciones del tiempo y es ahora mismo se mantienen vigilancia, lo que es la onda tropical #11 y #12 de la temporada. Las mismas están sobre territorio venezolano, pero se prevé que la primera onda tropical esté incursionando sobre territorio panameño para el día sábado”, señaló Velásquez.
Ante estos cambios, se recomienda a la población mantenerse informada y tomar medidas preventivas ante posibles lluvias y variaciones en las condiciones climáticas.
Con información de Yamy Rivas"
2026-06-11,TVN,Fiscalía Anticorrupción inspecciona nuevamente la Junta Comunal de Ancón por investigación de presuntas irregularidades,nacionales,"Panamá/La Fiscalía Anticorrupción realizó este jueves un allanamiento e inspección en las instalaciones de la junta comunal de Ancón, como parte de una investigación relacionada con presuntos malos manejos administrativos que involucran a la representante del corregimiento.
La diligencia se extendió por varias horas y fue ejecutada por funcionarios del Ministerio Público, quienes recopilaron información y documentación vinculada a las pesquisas que adelantan las autoridades.
Hasta el momento, la Fiscalía no ha revelado detalles sobre los hallazgos obtenidos durante la inspección ni el alcance específico de las investigaciones.
La actuación del Ministerio Público ocurre en un contexto marcado por varias denuncias presentadas contra la representante de Ancón, Yamireth Batista.
Actualmente, la funcionaria enfrenta tres presuntas querellas interpuestas por exfuncionarios que laboraron en la Junta Comunal entre 2024 y 2026. Las acciones legales están relacionadas con supuestos malos tratos laborales denunciados por los exempleados.
Aunque las querellas conocidas están vinculadas a temas laborales, las autoridades no han precisado si guardan relación directa con la investigación que motivó el allanamiento realizado este jueves.
La diligencia representa un nuevo paso dentro de las pesquisas que desarrolla la Fiscalía Anticorrupción para determinar si existieron irregularidades en el manejo de recursos o en la administración de la Junta Comunal de Ancón."
2026-06-11,TVN,"Fuga en La Joyita: Tras una semana de silencio, ministro Ábrego explica cómo se produjo la evasión de 195 reos",nacionales,"Chiriquí/A más de una semana de la fuga de 195 reos de La Joyita, el ministro de Seguridad, Frank Ábrego, rompió el silencio y ofreció nuevos detalles sobre lo ocurrido. El funcionario atribuyó la evasión a un motín generado durante la reubicación de cabecillas de pandillas y reveló que aún permanecen prófugos 17 privados de libertad.
Detalló que las investigaciones continúan en marcha y son desarrolladas por distintas unidades especializadas.
El titular de Seguridad explicó que la Policía Nacional mantiene operativos específicos para ubicar a cada uno de los prófugos.
Ábrego aprovechó para pedir la colaboración de la ciudadanía y exhortó a reportar información que permita ubicar a los evadidos. “Denunciar el paradero de estas personas, no tanto por la recompensa, sino por el hecho de la tranquilidad de la comunidad”, expresó.
El ministro aseguró que los estamentos de seguridad mantienen un esfuerzo permanente para dar con los fugitivos.
“La Policía Nacional hoy día está trabajando sin franquicia, sin vacaciones, para llevarle esa seguridad a toda la población panameña”, afirmó.
Sobre las circunstancias que desencadenaron la fuga, Ábrego explicó que el incidente se produjo durante un proceso de reubicación de cabecillas de pandillas dentro del sistema penitenciario.
El ministro defendió la actuación de las autoridades y sostuvo que la información sobre el caso ha sido manejada con transparencia. “Somos transparentes en información”, señaló.
Ábrego también hizo referencia a los problemas estructurales que enfrenta el sistema penitenciario, entre ellos el hacinamiento, una situación que las autoridades han reconocido como uno de los principales desafíos en materia de seguridad y rehabilitación.
Las declaraciones del ministro se dieron durante una reunión entre autoridades de seguridad de Panamá y Costa Rica, en la que ambos países abordaron estrategias conjuntas para combatir el crimen organizado y fortalecer la cooperación regional frente a amenazas transnacionales.
Con información de Demetrio Ábrego."
2026-06-11,TVN,Minsa confirmó nuevo caso importado de sarampión en Panamá,nacionales,"Chiriquí/El Ministerio de Salud (Minsa) confirmó un nuevo caso importado de sarampión mediante una prueba de RT-PCR realizada por el Instituto Conmemorativo Gorgas de Estudios de la Salud, como parte de la vigilancia epidemiológica intensificada que se mantiene ante la detección de casos importados en el país.
El caso corresponde a un hombre de 24 años, de nacionalidad guatemalteca, que ingresó al país el 2 de junio de 2026 a través del puesto fronterizo de Paso Canoas. El paciente inició síntomas el 4 de junio con fiebre y presentó erupción cutánea el 9 de junio, acompañada de síntomas gastrointestinales.
La investigación epidemiológica identificó antecedentes de exposición a familiares con sarampión aproximadamente 15 días antes del inicio de los síntomas. Asimismo, se confirmó que el paciente no contaba con antecedentes de vacunación contra esta enfermedad.
El paciente acudió a una instalación privada de salud en la provincia de Chiriquí el 10 de junio, donde se notificó oportunamente la sospecha clínica a las autoridades sanitarias.
Tras la notificación, la Región de Salud de Chiriquí activó de inmediato los Equipos de Respuesta Rápida, que ejecutaron en menos de 24 horas las acciones de investigación epidemiológica, aislamiento, seguimiento de contactos, toma de muestras y vacunación de las personas expuestas.
Actualmente, el paciente permanece hospitalizado y en aislamiento en una instalación de salud, con buen estado general.
A la fecha, Panamá registra dos casos importados de sarampión y un caso relacionado con la importación. Adicionalmente, cinco casos sospechosos continúan bajo investigación epidemiológica para determinar su posible vínculo con los tres casos confirmados.
Como parte de las medidas de control y prevención, se han desarrollado actividades de bloqueo vacunal y seguimiento de contactos en las regiones de salud de Chiriquí, Panamá Metro, Panamá Norte, Coclé, Panamá Oeste y San Miguelito, áreas que visitó el paciente durante el período de transmisibilidad.
El Minsa mantiene activadas las acciones de vigilancia epidemiológica, búsqueda activa de casos y seguimiento de contactos, con el objetivo de prevenir la transmisión secundaria de la enfermedad.
El Minsa reitera que la vacunación continúa siendo la medida más efectiva para prevenir formas graves de la enfermedad, hospitalizaciones y defunciones asociadas al sarampión."
2026-06-11,TVN,Acodeco detecta anomalías comerciales y decomisa arroz contaminado en Bocas del Toro,nacionales,"Bocas del Toro/La Autoridad de Protección al Consumidor y Defensa de la Competencia (Acodeco), a través de su administración regional de Bocas del Toro, detectó 178 anomalías durante verificaciones realizadas en tres establecimientos comerciales de la comunidad de El Empalme, tras denuncias presentadas por residentes del área.
Indican que las inspecciones se efectuaron en el marco de una feria institucional desarrollada en esta comunidad, con el propósito de atender inquietudes ciudadanas y verificar el cumplimiento de las normas de protección al consumidor.
Entre los hallazgos más relevantes destaca la detección de 1,517.24 libras de arroz contaminado con gorgojos, situación que representa un riesgo para la salud y seguridad de los consumidores.
Durante los operativos también se identificaron diversas irregularidades relacionadas con la comercialización de productos, entre ellas:
La administradora regional de Acodeco en Bocas del Toro, Rosalba De León, recordó que los agentes económicos tienen la obligación de ofrecer productos aptos para el consumo humano, debidamente identificados y con información clara y verificable para los consumidores.
Acodeco reiteró su compromiso de velar por el cumplimiento de las disposiciones legales en materia de protección al consumidor, garantizando que los productos ofrecidos al público cumplan con los requisitos de calidad, seguridad e información establecidos en la legislación vigente."
2026-06-11,TVN,Aeronave privada sufre percance y se sale de la pista durante aterrizaje en aeropuerto de Chitré,nacionales,"Chitré, Herrera/La Autoridad Aeronáutica Civil (AAC) informó que la tarde de este miércoles se registró un incidente con una aeronave privada en el Aeropuerto Capitán Alonso Valderrama de Chitré, provincia de Herrera.
De acuerdo con el reporte, la aeronave modelo DA 40, con matrícula HP-1974, procedía del Aeródromo Rubén Cantú, ubicado en Santiago de Veraguas, y presentó un percance al momento de realizar las maniobras de aterrizaje, lo que ocasionó que saliera de la pista.
🔗Puedes leer: Aeronave realiza aterrizaje forzoso en Aguadulce tras emergencia en pleno vuelo
Tras lo ocurrido, se activaron de forma inmediata los protocolos de emergencia y seguridad establecidos en la terminal aérea.
La AAC confirmó que los tres ocupantes que viajaban a bordo de la aeronave resultaron ilesos.
Personal del equipo de Investigación de Accidentes de la Autoridad Aeronáutica Civil se trasladó al lugar para realizar las evaluaciones correspondientes y determinar las causas del incidente."
2026-06-11,TVN,Cuatro personas aprehendidas por presunto hackeo de cuentas de WhatsApp para cometer estafas,nacionales,"Ciudad de Panamá/Cuatro personas fueron aprehendidas durante la Operación Deep Scam, desarrollada por la Policía Nacional y el Ministerio Público, como parte de una investigación por delitos contra el patrimonio económico, en la modalidad de estafa, y contra la seguridad informática.
Los operativos se realizaron en los corregimientos de Pacora y Bella Vista, en la provincia de Panamá, así como en el sector de Villa del Caribe, en la provincia de Colón. Entre los aprehendidos figuran un hombre y tres mujeres, una de ellas de nacionalidad venezolana.
También puede leer: Avanzan proyecto ampliación de potabilizadora de Chitré para reforzar abastecimiento de agua potable en Azuero
Según las investigaciones, los sospechosos mantienen presunta vinculación con el hackeo de una cuenta de WhatsApp que era utilizada para contactar a distintas personas y solicitarles transferencias de dinero mediante engaños.
Durante las diligencias de allanamiento, las autoridades decomisaron varios equipos tecnológicos, entre ellos teléfonos celulares, que serán analizados como parte de las investigaciones.
También puede leer: De caserones y hacinamiento a un hogar propio: 600 familias reciben apartamentos en Colón
Los aprehendidos fueron puestos a órdenes de las autoridades competentes, mientras continúan las investigaciones para determinar el alcance de las presuntas actividades delictivas y la posible existencia de más víctimas."
2026-06-11,TVN,Avanza proyecto ampliación de la potabilizadora de Chitré para reforzar abastecimiento de agua potable en Azuero,nacionales,"Chitré, Herrera/El Gobierno Nacional informó sobre la aprobación de un proyecto destinado a brindar una solución permanente a la problemática del abastecimiento de agua potable que afecta a los residentes de la región de Azuero, específicamente en Herrera y Los Santos.
La decisión se dio durante una reunión de la Junta Directiva del Instituto de Acueductos y Alcantarillados Nacionales (IDAAN), donde se aprobó la solicitud de autorización del gasto correspondiente a la Solicitud de Ofertas N.° SDO-03-2025, relacionada con el proyecto denominado “Estudios, Diseño, Mejoras, Rehabilitación, Equipamiento y Ampliación del Sistema de Abastecimiento y Planta Potabilizadora Roberto Reyna del Distrito de Chitré, Provincia de Herrera”.
Además, se autorizó al director del IDAAN, Antonio Tercero González, a formalizar el contrato con la empresa Espina Obras Hidráulicas, S.A., luego de cumplir con los requisitos legales establecidos.
El ministro de Vivienda y Ordenamiento Territorial (Miviot) y presidente de la Junta Directiva del Idaan, Jaime Jované, destacó que existe un interés prioritario del presidente José Raúl Mulino, en atender la crisis del agua potable en Azuero, una situación que, según indicó, se ha extendido durante décadas.
El proyecto contempla una inversión superior a los $22.5 millones y busca mejorar la capacidad de producción y distribución de agua potable para los habitantes de Herrera y Los Santos.
Por su parte, el ministro de la Presidencia, Juan Carlos Orillac, señaló que la administración de Mulino mantiene como prioridad fortalecer el servicio de agua potable a nivel nacional, por lo que se impulsa un proceso de modernización del Idaan y la implementación de un Plan Nacional del Agua.
“Pueden contar con el respaldo del Ministerio de la Presidencia”, expresó Orillac, quien fue designado por el mandatario para trabajar en esta estrategia nacional.
Durante el encuentro, el director del Idaan explicó que el proceso relacionado con esta obra inició en 2023 y, tras varios trámites, el tercer acto público financiado por el Banco Interamericano de Desarrollo (BID) fue aprobado finalmente el pasado 4 de junio de 2026.
Tercero también detalló que se han ejecutado acciones para mejorar el servicio en Chitré, entre ellas la incorporación de un millón de galones de agua al sistema, la adquisición de válvulas para distintos corregimientos y el reemplazo de tuberías para optimizar la distribución.
Asimismo, informó que ya se han licitado siete plantas potabilizadoras y que equipos técnicos del Idaan han realizado inspecciones en diferentes instalaciones como parte de un plan de mantenimiento preventivo."
2026-06-11,TVN,De caserones y hacinamiento a un hogar propio: 600 familias reciben apartamentos en Colón,nacionales,"Panamá/Unas 600  familias colonenses comenzaron una nueva etapa de sus vidas este jueves al recibir las llaves de sus apartamentos en la segunda etapa del proyecto habitacional Altos de Los Lagos, una obra destinada a personas que durante años enfrentaron condiciones de hacinamiento, viviendas improvisadas y limitaciones para desarrollar plenamente su vida familiar.
La entrega, realizada por el Ministerio de Vivienda y Ordenamiento Territorial (Miviot), beneficiará de forma directa a unas 3 mil personas en la provincia de Colón.
El proyecto contempla 20 torres residenciales de cuatro niveles, con 30 apartamentos cada una, distribuidos entre unidades de dos y tres recámaras.
Durante el acto, encabezado por el ministro de la Presidencia, Juan Carlos Orillac, el ministro de Vivienda, Jaime Jované, y el administrador de la Autoridad Nacional de Administración de Tierras, Andrés Pagés, también se entregaron 37 títulos de propiedad que beneficiarán a más de 150 personas.
Orillac destacó que la iniciativa forma parte de los esfuerzos para mejorar la calidad de vida de familias que por años enfrentaron condiciones difíciles.
Entre las beneficiarias se encuentra María Rivera Sanjur, de 38 años, quien vivía agregada en la residencia de un familiar en el sector de El Valle, en Cativá. Ahora compartirá un apartamento con su hija Milagros Campbell, de 15 años, quien tiene diagnóstico de parálisis cerebral infantil y utiliza silla de ruedas.
La nueva vivienda representa para ambas una oportunidad de contar con un entorno más adecuado para la movilidad y el cuidado de la adolescente, quien recibe atención especializada en el Hospital del Niño y posee certificación de discapacidad emitida por la Secretaría Nacional de Discapacidad.
La segunda etapa de Altos de Los Lagos forma parte de un complejo urbanístico desarrollado sobre un terreno de 30 hectáreas. El proyecto contempla un total de 1,620 apartamentos distribuidos en 54 torres y una inversión pública superior a los 179 millones de dólares."
2026-06-11,TVN,La Gobernación Emberá-Wounaan lanza concurso para diseñar la bandera comarcal,nacionales,"Ciudad de Panamá/La Gobernación Emberá-Wounaan lanzó un concurso para escoger el diseño de la que será la primera bandera oficial de la comarca, una iniciativa que busca involucrar a las comunidades en la creación de un símbolo que represente su identidad cultural e histórica.
El concurso cuenta con el apoyo del Ministerio de Educación (Meduca) y está abierto a la participación de las comunidades que conforman la comarca. Los diseños recibidos serán sometidos a un proceso de votación y preselección, del que saldrán 41 propuestas, una por cada región.
También puedes leer: Agroferias del IMA: Conozca dónde se realizarán este viernes
Posteriormente, los diseños seleccionados serán presentados ante el Congreso General Emberá-Wounaan, organismo que tendrá la responsabilidad de elegir y ratificar la propuesta ganadora.
La gobernadora de la comarca, Raquela Carpio, calificó la iniciativa como un paso histórico, al destacar que la comarca cumplirá 43 años de creación el próximo mes de noviembre sin haber contado hasta ahora con una bandera oficial.
Carpio explicó que el proceso se desarrolla respetando las tradiciones y mecanismos de decisión de los pueblos indígenas, con el objetivo de garantizar la participación de toda la población.
La iniciativa busca fortalecer la identidad de la comarca y dotarla de un emblema que represente a las futuras generaciones de la población Emberá-Wounaan.
También puedes leer:Vamos pierde otros dos diputados y reduce aún más su fuerza en la Asamblea"
2026-06-11,TVN,Casos de dengue en Panamá disminuyen 48.8 % durante 2026,nacionales,"Ciudad de Panamá/Panamá registró una reducción del 48.8 % en los casos de dengue durante las primeras 20 semanas epidemiológicas de 2026, según datos del Ministerio de Salud (Minsa), que atribuye este resultado al fortalecimiento de la vigilancia epidemiológica y las acciones de control vectorial en las zonas de mayor riesgo.
Hasta la semana epidemiológica N.° 20 de este año se han notificado 2,720 casos acumulados, frente a los 5,311 casos reportados en el mismo período de 2025, lo que representa 2,591 casos menos.
La disminución también se refleja en las formas más severas de la enfermedad. Del total de casos registrados en 2026, 2,380 corresponden a dengue sin signos de alarma, 323 con signos de alarma y 17 a dengue grave. Para la misma fecha del año pasado se contabilizaban 41 casos de dengue grave.
Las hospitalizaciones asociadas a la enfermedad también mostraron una tendencia a la baja, pasando de 460 pacientes en 2025 a 341 en 2026. Asimismo, la tasa nacional de incidencia disminuyó de 116.2 a 57.6 casos por cada 100 mil habitantes.
La doctora Catherine Castillo, técnica de Vigilancia Epidemiológica del Departamento de Epidemiología de la Dirección General de Salud Pública del Minsa explicó que la mayoría de las regiones de salud reportan una disminución en los contagios. Entre las reducciones más significativas destacan San Miguelito, que pasó de 1,249 a 238 casos, y Panamá Norte, que disminuyó de 608 a 126.
También se registraron descensos en la Región Metropolitana, Panamá Oeste, Los Santos, Chiriquí, Veraguas, Darién, Coclé y la comarca Ngäbe-Buglé.
Sin embargo, algunas regiones reflejan incrementos respecto al año anterior. Colón pasó de 149 a 493 casos, convirtiéndose en la segunda región con más contagios reportados en 2026. Panamá Este, Herrera y la comarca Guna Yala también registraron aumentos.
En cuanto a las defunciones, el informe epidemiológico reporta ocho fallecimientos asociados al dengue en 2026, uno más que los siete registrados durante el mismo período de 2025.
Por su parte, el coordinador nacional de Control de Vectores, Carlos López El coordinador nacional de Control de Vectores del Minsa, señaló que las acciones se han concentrado en las comunidades con mayor incidencia, mediante la eliminación de criaderos, aplicación de larvicidas e inspecciones domiciliarias.
Las autoridades reiteraron el llamado a la población a eliminar recipientes que acumulen agua y permitir el ingreso de los inspectores de Control de Vectores debidamente identificados, con el fin de mantener la tendencia a la baja en los casos de dengue."
2026-06-11,TVN,Minsa Capsi de Pesé recibe tecnología israelí para producir agua potable sin electricidad,nacionales,"Pesé , Herrera/El Minsa Capsi de Pesé, provincia de Herrera contará con una microplanta capaz de convertir agua en potable sin utilizar electricidad ni productos químicos, gracias a una donación realizada por la embajada de Israel en Panamá como parte de los programas de cooperación que mantiene con el país.
La tecnología, denominada NUF Filtration, fue entregada por el embajador de Israel en Panamá, Mattanya Cohen, y recibida por la subdirectora regional del Ministerio de Salud en Herrera, Yitzel Rodríguez.
El sistema tiene la capacidad de eliminar patógenos, virus y otros agentes microbiológicos presentes en el agua, lo que permitirá fortalecer la atención de pacientes tanto dentro del centro médico como en comunidades apartadas donde se realizan giras de salud.
Además de su uso en el Minsa Capsi de Pesé, las autoridades prevén utilizar el equipo en el programa del Sistema de Atención Domiciliaria Integral y en actividades de promoción de la salud en centros educativos.
Durante el acto de entrega, el embajador Cohen destacó que la donación representa uno de los primeros resultados de los acuerdos de cooperación suscritos recientemente entre ambos países.
El diplomático también resaltó los vínculos históricos entre ambas naciones. “Este es un ejemplo de la cooperación y amistad que existen entre Israel y Panamá desde hace 78 años”, expresó.
La actividad contó con la participación del presidente del Grupo de Amistad Interparlamentaria Panamá–Israel, diputado Manuel Cohen; la alcaldesa de Pesé, Yecenia Alfonso; autoridades regionales de salud; líderes comunitarios y exbecarios panameños que han participado en programas de capacitación impulsados por MASHAV, la Agencia Israelí de Cooperación Internacional para el Desarrollo.
Como parte de la jornada, se realizó una demostración práctica del funcionamiento del sistema NUF, diseñado para proporcionar acceso a agua segura mediante procesos avanzados de filtración y purificación.
La incorporación de esta tecnología busca fortalecer la capacidad de respuesta del sistema de salud en Herrera, especialmente en áreas donde el acceso a agua potable puede representar un desafío para la atención médica y la salud comunitaria."
2026-06-11,TVN,Ifarhu solicita entrega de boletín a estudiantes con discapacidad con becas vigentes y preseleccionados 2026,nacionales,"Ciudad de Panamá/El Instituto para la Formación y Aprovechamiento de Recursos Humanos (IFARHU) informó a los estudiantes con becas vigentes y a los preseleccionados del Concurso General de Becas y Apoyo Económico para Estudiantes con Discapacidad 2026 que deberán presentar el boletín correspondiente al primer trimestre del año lectivo 2026.
La medida aplica para estudiantes de primaria, premedia y media que entregaron su documentación durante los meses de abril y mayo.
🔗Puedes leer: Becas Ifarhu: Promedios bajos, entre las irregularidades detectadas en recepción de documentos
Además, el Ifarhu indicó que aquellos estudiantes con becas vigentes que no entregaron en la fecha establecida en enero de 2026 los documentos correspondientes al boletín final 2025 y matrícula 2026, tendrán la oportunidad de presentarlos dentro de este nuevo periodo.
La entrega de documentos se realizará desde el lunes 15 de junio hasta el miércoles 15 de julio de 2026, en un horario de 8:00 a.m. a 3:00 p.m., en la sede del Ifarhu correspondiente.
La institución recordó que la no presentación de estos documentos será considerada causal de cancelación del beneficio otorgado."
2026-06-11,TVN,Agroferias del IMA: Conozca dónde se realizarán este viernes,nacionales,"Panamá/El Instituto de Mercadeo Agropecuario (IMA) continúa realizando las ""agroferias"" para que la población pueda adquirir los principales productos de la canasta básica a un bajo costo.
Para este viernes 12 de junio, la entidad anunció una nueva fecha y zonas en las que se estarán realizando las agroferias.
Entre los productos de primera necesidad que las personas podrán encontrar a bajos costos se encuentran arroz, menestras, pasta, aceite, sal, pan, azúcar, granos, verduras, huevo, tortilla, pollo, plátano, cárnicos, manzana y frutas variadas, entre otras.
Durante esta fecha, las agroferias se estarán realizando a partir de las 8:00 a.m. en los siguientes lugares:
📍Chiriquí
• Cancha de Bonilla, en Guabal, distrito de Boquerón
📍Coclé
• Casa Local de El Palmar, en el distrito de Olá
📍Colón
• Parque Público de Puerto Lindo, distrito de Portobelo
📍Panamá
• Parque de Las Madres, corregimiento de Pedregal, distrito de Panamá
📍Veraguas
• Casa Comunal de Bahía Honda, distrito de Soná
• Casa Comunal de Corozal, distrito de Las Palmas
📍Panamá Este
• Platanares, en el distrito de Chiman
📍Panamá Oeste
• Casa Cultural de La Colorada, corregimiento de Iturralde, en el distrito de La Chorrera"
2026-06-11,TVN,Panamá busca apoyo de Suecia para salir de lista fiscal de la Unión Europea,nacionales,"Panamá/La exclusión de Panamá de la lista de jurisdicciones no cooperadoras en materia fiscal de la Unión Europea se convirtió en uno de los principales objetivos de la agenda que desarrolla el canciller Javier Martínez-Acha Vásquez durante su visita oficial a Suecia.
El ministro de Relaciones Exteriores sostuvo reuniones con autoridades del Reino de Suecia para exponer los avances realizados por Panamá en materia de transparencia fiscal y reforzar la imagen del país como un destino seguro para la inversión extranjera.
Martínez-Acha Vásquez fue recibido por el presidente del Parlamento sueco, Andreas Norlén, ante quien presentó las reformas impulsadas por el Gobierno panameño para fortalecer los mecanismos de transparencia y mejorar la percepción internacional del país.
La visita forma parte de los esfuerzos diplomáticos que adelanta Panamá para obtener respaldo de los países miembros de la Unión Europea y lograr su exclusión de una lista que, según las autoridades, afecta la competitividad y la atracción de inversiones.
Posteriormente, el canciller se reunió con los integrantes del Comité de Relaciones Exteriores del Parlamento sueco, organismo encargado de analizar y orientar la política exterior de esa nación. Allí, Panamá reiteró su interés de consolidarse como un socio estratégico para Suecia y para el resto de Europa en América Latina, destacando aspectos como la seguridad jurídica, la estabilidad económica y las acciones adoptadas en materia de cumplimiento fiscal.
Además de los encuentros políticos, la delegación panameña realizó una ofrenda floral en la tumba del exprimer ministro sueco Olof Palme, en reconocimiento a su respaldo durante la década de 1970 a los tratados que hicieron posible la transferencia del Canal de Panamá a manos panameñas."
2026-06-11,TVN,Vamos pierde otros dos diputados y reduce aún más su fuerza en la Asamblea,nacionales,"Panamá/La Coalición Vamos volvió a sufrir una reducción en sus filas luego de que los diputados Neftalí Zamora y Manuel Samaniego anunciaran su salida del grupo, una decisión que deja a la bancada con 15 integrantes, cinco menos de los 20 con los que inició  en julio de 2024.
Las nuevas salidas ocurren mientras los distintos bloques políticos mantienen conversaciones de cara a la elección de la junta directiva de la Asamblea Nacional prevista para el próximo 1 de julio; y a meses de la salida de los diputados Manuel Cheng, Carlos Saldaña y  Betserai Richards, quienes también decidieron apartarse de la coalición.
El subjefe de bancada, Luis Duke, confirmó que tanto Zamora como Samaniego optaron por abandonar la agrupación tras la decisión de la junta directiva de suspenderlos.
Pese a las bajas, Duke aseguró que la bancada mantendrá las banderas con las que llegó a la Asamblea Nacional.
El diputado sostuvo que el grupo continuará impulsando iniciativas relacionadas con la lucha contra la corrupción, la reducción del presupuesto legislativo, la eliminación de planillas y las reformas al reglamento interno de la Asamblea.
Duke señaló que la bancada conversa con diferentes fuerzas políticas y que incluso evalúa la posibilidad de impulsar una candidatura propia.
También:
Por su parte, su colega, el diputado Jorge González, reconoció que la decisión de Zamora y Samaniego generó sorpresa entre varios integrantes del grupo.
González aseguró que la bancada aún no ha definido una postura oficial sobre la elección de la nueva directiva legislativa y que las conversaciones apenas comienzan.
Las renuncias de Zamora y Samaniego profundizan la reducción numérica de Vamos en la Asamblea Nacional en un momento clave para la conformación de alianzas políticas y la distribución de espacios en las 15 comisiones permanentes.
En ese contexto, este medio conoció que ambos diputados ya han recibido propuestas de otras bancadas. De concretarse su salida definitiva del bloque independiente, la representación de Vamos en las comisiones podría verse reducida de manera significativa.
Actualmente, la coalición cuenta con tres puestos en las comisiones integradas por nueve diputados y cuatro espacios en la Comisión de Presupuesto. Sin embargo, con la nueva correlación de fuerzas, pasaría a tener dos representantes en la mayoría de las comisiones y tres en Presupuesto.
Por otro lado, cualquier bancada que logre incorporar a los diputados Carlos Saldaña —quien permanece sin afiliación a una bancada desde su desvinculación de Vamos—, así como a Zamora y Samaniego, obtendría un espacio adicional dentro de las comisiones legislativas.
Según fuentes legislativas, una de las agrupaciones que más activamente ha sostenido conversaciones en las últimas semanas es la bancada Mixta.
Por ahora, Realizando Metas cuenta con  14 diputados; el PRD se mantiene con 12 diputados, mientras que Cambio Democrático (CD) y el Panameñista cuentan con ocho diputados cada uno. La bancada Mixta con 5, la bancada del Movimiento Otro Camino con 4.  Solos, sin bancada, están Patsy Lee (aliada  a Vamos), así como Zamora, Samaniego y Saldaña."
2026-06-11,TVN,Servicio de Récord Policivo en línea queda temporalmente suspendido por mantenimiento,nacionales,"La Policía Nacional informó este jueves 11 de junio que el servicio de emisión del Récord Policivo para uso laboral a través de la plataforma Panamá Conecta se encuentra temporalmente fuera de operación debido a labores de mantenimiento en el sistema.
La entidad, mediante un comunicado divulgado por la Dirección de Investigación Judicial (DIJ), indicó que la suspensión es de carácter temporal y que, una vez culminen los trabajos y el sistema sea restablecido, se anunciará oportunamente la reactivación del servicio por los canales oficiales.
Mientras se mantiene la interrupción de la plataforma digital, los ciudadanos que necesiten tramitar su récord policivo podrán realizar la gestión de manera presencial.
La Policía Nacional detalló que el trámite está disponible en las ventanillas de la DIJ ubicadas en el corregimiento de Ancón, en la sede de Roosevelt, así como en las oficinas de la DIJ en las distintas provincias del país.
La institución no precisó una fecha para el restablecimiento del servicio en línea y reiteró que informará a la población cuando el sistema vuelva a estar operativo.
Otra nota que le puede interesar:"
2026-06-11,TVN,"La historia que pocos conocen de 'El Puma': Dos veces mundialista, criado en El Chorrillo y por una madre soltera",nacionales,"Mientras José Luis “El Puma” Rodríguez se prepara para representar nuevamente a Panamá en un Mundial, su madre recuerda una etapa muy distinta de su vida: la de un niño que soñaba con jugar fútbol en las calles de El Chorrillo y que creció sin la figura de su padre.
Sandra Francis aún conserva uno de los recuerdos más valiosos de aquella época: el primer suéter que utilizó su hijo cuando ingresó al Club Deportivo El Chorrillo.
Allí comenzó el camino de quien hoy es uno de los futbolistas más importantes de Panamá y uno de los 26 jugadores convocados para defender los colores nacionales en la máxima cita del fútbol.
Rodríguez comenzó a jugar desde los seis años y desde muy pequeño manifestó su deseo de formar parte del equipo de su barrio. Sin embargo, el camino hacia el profesionalismo estuvo marcado por dificultades familiares y económicas.
El futbolista perdió a su padre cuando era apenas un niño, una situación que obligó a Sandra Francis a asumir sola la responsabilidad de criar a sus hijos.
Convertida en madre soltera, enfrentó los desafíos propios de sacar adelante a una familia en medio de limitaciones económicas, sin abandonar el sueño que su hijo alimentaba cada vez que pisaba una cancha.
“No fue fácil, fue un camino largo, de mucho esfuerzo”, recordó.
La madre del jugador relató que hubo momentos difíciles, pero aseguró que siempre encontró apoyo en personas que contribuyeron a que su hijo pudiera continuar desarrollándose en el fútbol.
“Fue difícil, pero Dios siempre me puso ángeles en el camino que me apoyaban para poder ayudar a mi hijo”.
Con el paso de los años, aquel niño de El Chorrillo avanzó desde las categorías formativas hasta llegar a la Liga Panameña de Fútbol y posteriormente a la Selección Nacional.
Cuando recibió el llamado a la Selección Mayor, Sandra Francis sintió que todos los sacrificios comenzaban a dar frutos.
Según contó, experimentó un profundo orgullo al comprender que su hijo estaba cumpliendo los sueños que había perseguido desde la infancia.
Ese orgullo se mantiene intacto hoy, cuando Rodríguez vuelve a representar a Panamá en una Copa del Mundo. Consultada sobre lo que siente al ver hasta dónde ha llegado su hijo, respondió que está “demasiado orgullosa como mamá”.
La historia familiar también tuvo uno de sus momentos más especiales durante el Mundial de Rusia 2018, cuando Panamá participó por primera vez en una Copa del Mundo. En aquella ocasión, Rodríguez tuvo la oportunidad de intercambiar camiseta con Luka Modrić, un recuerdo que permanece entre los más significativos de su carrera.
Ahora, antes de una nueva cita mundialista, otra generación de la familia se suma a los mensajes de apoyo.
Su hija le envió unas palabras cargadas de cariño y admiración.
“Estoy superorgullosa de él”, expresó, al tiempo que le deseó que anote muchos goles con la camiseta panameña.
Detrás de cada convocatoria, de cada partido y de cada logro de José Luis El Puma Rodríguez, existe una historia de perseverancia compartida entre un hijo que nunca dejó de perseguir su sueño y una madre que, pese a las adversidades, nunca dejó de creer que podía alcanzarlo.
Información de Jessica Román"
2026-06-11,TVN,Un escarabajo que nadie conocía: Científicos panameños descubren nueva especie ¿Cómo se llama?,nacionales,"Un grupo de investigadores vinculados a la Universidad de Panamá identificó una nueva especie de escarabajo longicornio, denominada Sternacutus crucolon, como parte de un estudio científico publicado en la revista especializada The Coleopterists Bulletin.
El hallazgo fue reportado por el profesor Alfredo Lanuza, docente e investigador del Centro Regional Universitario de Colón (CRUC) de la Universidad de Panamá, quien participó en la investigación junto a especialistas de Colombia y del Smithsonian Tropical Research Institute.
La nueva especie fue descrita en el estudio titulado “A New Species and New Records of Longhorned Beetles (Coleoptera: Cerambycidae) from Panama and Colombia”, que además documenta nuevos registros de escarabajos para Panamá y Colombia, ampliando la información disponible sobre la distribución de estos insectos en los bosques neotropicales.
De acuerdo con los investigadores, el nombre Sternacutus crucolon fue escogido en homenaje al Centro Regional Universitario de Colón, en reconocimiento a los aportes de esta unidad académica a la formación profesional y a la investigación científica en Panamá.
La publicación científica apareció en la edición 80(2) de The Coleopterists Bulletin.
El rector de la Universidad de Panamá, Eduardo Flores Castro, se refirió a la importancia del descubrimiento para el estudio de la biodiversidad del país.
“Este importante registro contribuye al conocimiento de la biodiversidad nacional y resalta la riqueza biológica del país. El descubrimiento constituye un valioso aporte a la entomología y fortalece los esfuerzos de investigación científica que desarrolla la Universidad de Panamá en materia de inventario, monitoreo y conservación de la fauna silvestre”, expresó Flores Castro.
La descripción de nuevas especies permite ampliar el conocimiento sobre la diversidad biológica, la distribución de organismos en distintos ecosistemas y los procesos de conservación de la fauna silvestre.
Panamá es considerado uno de los territorios con mayor diversidad biológica de América, por lo que investigaciones de este tipo contribuyen a la documentación científica de las especies presentes en el país y en la región neotropical.
También le puede interesar:"
2026-06-11,TVN,Aprehenden a exrepresentante y dos extesoreros de El Coco por presunto peculado de más de $181 mil,nacionales,"Ciudad de Panamá/La Fiscalía Anticorrupción aprehendió a un exrepresentante y dos extesoreros de la Junta Comunal de El Coco, en La Chorrera, por su presunta vinculación con el delito de peculado, en un caso que investiga un perjuicio económico al Estado de aproximadamente 181,661.51 dólares.
Las diligencias se realizaron en las provincias de Panamá Oeste y Chiriquí por la Procuraduría General de la Nación, con apoyo de la Dirección Nacional de Inteligencia Policial (DNIP). Durante los operativos, autorizados previamente por un juez de garantías, también fueron ubicados indicios relacionados con las investigaciones.
También puede leer: Servicio de Récord Policivo en línea queda temporalmente suspendido por mantenimiento
De acuerdo con el Ministerio Público, una de las investigaciones se originó por presuntas irregularidades en el manejo de recursos del Programa de Inversión de Obras Públicas y Servicios Municipales (PIOPSM) correspondientes al período comprendido entre julio de 2019 y junio de 2024.
En este expediente se investiga una posible lesión patrimonial de 52,838.01 dólares. Según un informe de auditoría de la Contraloría General de la República, no se encontraron documentos que sustentaran el uso de 147 cheques emitidos por la Junta Comunal de El Coco.
También puede leer: Un escarabajo que nadie conocía: Científicos panameños descubren nueva especie ¿Cómo se llama?
La Fiscalía también mantiene una segunda investigación relacionada con una denuncia presentada por la Dirección General de la Autoridad Nacional de Descentralización, vinculada al Programa de Desarrollo de Interés Social (PDIS)."
2026-06-11,TVN,Comercio electrónico y estafas digitales marcan agenda global de protección al consumidor,nacionales,"Ciudad de panamá/La protección de los consumidores en entornos digitales, el crecimiento del comercio electrónico y el aumento de las estafas en línea fueron algunos de los temas centrales abordados durante la Asamblea Anual de la Red Internacional de Protección y Cumplimiento al Consumidor (Icpen), encuentro que reunió a autoridades de cerca de 50 países de los cinco continentes.
Panamá estuvo representada por la Autoridad de Protección al Consumidor y Defensa de la Competencia (Acodeco), que participó en la reunión celebrada en República Dominicana, considerada uno de los foros más importantes a nivel mundial en materia de protección al consumidor.
Durante el evento, los participantes intercambiaron experiencias y analizaron los principales retos que enfrentan los consumidores en un mercado cada vez más digitalizado y globalizado. Entre los temas discutidos destacaron la publicidad engañosa en plataformas digitales, las estafas transfronterizas, el impacto de las nuevas tecnologías en las relaciones de consumo y los mecanismos de cooperación entre autoridades para combatir prácticas comerciales indebidas.
Te puede interesar: Autoridades intensifican vigilancia en cárcel Nueva Esperanza con requisas y controles de seguridad
Las autoridades coincidieron en que el crecimiento de las compras por internet y de las transacciones realizadas a través de plataformas digitales ha transformado los hábitos de consumo, ofreciendo mayores facilidades a los usuarios, pero también exponiéndolos a riesgos relacionados con fraudes, incumplimientos y ofertas engañosas.
La participación de Panamá en este espacio internacional permite a la Acodeco conocer tendencias globales, compartir experiencias con organismos homólogos y fortalecer las estrategias implementadas para la defensa de los consumidores panameños.
Te puede interesar: 'Unachi no tiene plata para pagar': Contralor señala que falta de fondos impide pagos de planilla
Acodeco destacó que la cooperación internacional se ha convertido en una herramienta para garantizar la protección de los consumidores, especialmente en un contexto donde gran parte de las relaciones comerciales se desarrollan a través de plataformas digitales que trascienden las fronteras nacionales."
2026-06-11,TVN,'No podemos refrendar algo que no tiene dinero': Contralor aclara situación del contrato para mantenimiento de puentes vehiculares,nacionales,"La Contraloría General de la República informó que algunos contratos relacionados con la rehabilitación de puentes vehiculares tipo Bailey por parte del Ministerio de Obras Públicas (MOP) permanecen pendientes de refrendo debido a la falta de disponibilidad presupuestaria.
Aunque los proyectos ya fueron adjudicados, aún deben completar el proceso de refrendo para poder avanzar.
En ese contexto, el contralor Anel Flores detalló que el procedimiento aplicado a estos contratos es el mismo que se exige para cualquier otra obra pública, lo que incluye contar con una partida presupuestaria que garantice los recursos necesarios para su ejecución.
“El proceso es el mismo que todos: Tienes que tener una partida presupuestaria para la instalación, se está avanzando, hay una negociación permanente con el Ministerio de Economía para que se pongan los fondos”, explicó.
El funcionario señaló que la Contraloría ha mantenido el respaldo a los proyectos impulsados por el MOP y destacó que ya se han refrendado más de mil millones de dólares en contratos vinculados a esa entidad.
Asimismo, enfatizó que la institución que dirige no puede aprobar contratos que no cuenten con respaldo financiero.
El contralor precisó que durante el mes pasado la entidad aceleró la aprobación de proyectos del MOP y logró refrendar, en un período de 10 días, contratos por 329 millones de dólares que estaban próximos a vencer dentro de la reserva presupuestaria de 2025.
En cuanto a los tiempos de gestión, indicó que actualmente un trámite de pago demora aproximadamente cuatro días, mientras que el refrendo de un contrato toma alrededor de 17 días, siempre que se cumplan todos los requisitos establecidos.
A principios del año, el Ministerio de Obras Públicas (MOP) adjudicó al consorcio Puentes Modulares, integrado por Constructora Urbana, S.A. y Toronto Global Holdings, el proyecto de diseño, rehabilitación, construcción y mantenimiento de 12 puentes vehiculares, ubicados en los distritos de Panamá y San Miguelito.
Se trata de infraestructuras largamente esperadas por miles de conductores que transitan a diario por la capital, tomando en cuenta que estas estructuras no habían recibido intervenciones estructurales profundas en aproximadamente 25 años, pese a su alta demanda vehicular.
Información de Fabio Caballero
También le puede interesar:"
2026-06-11,TVN,Autoridades intensifican vigilancia en cárcel Nueva Esperanza con requisas y controles de seguridad,nacionales,"Unidades de la Policía Nacional y del Servicio Nacional Aeronaval (Senan) ejecutan la Operación Cerrojo en el centro penitenciario Nueva Esperanza, ubicado en la provincia de Colón, como parte de las acciones para reforzar la seguridad dentro de los centros penales del país.
La intervención se desarrolla bajo la coordinación del Ministerio de Seguridad Pública e incluye requisas en celdas y áreas comunes con el objetivo de detectar e incautar artículos prohibidos que puedan ser utilizados para actividades ilícitas dentro del penal.
De acuerdo con las autoridades, las operaciones se realizan bajo estrictos protocolos de seguridad para garantizar tanto la protección de los funcionarios como la integridad de la población penitenciaria.
Durante las inspecciones, personal especializado utiliza técnicas y equipos destinados a localizar armas, teléfonos celulares, sustancias ilícitas y otros objetos prohibidos que representen una amenaza para la seguridad y la convivencia dentro del centro penitenciario.
Las autoridades indicaron que este tipo de acciones forman parte de la estrategia de control y vigilancia que se mantiene en las cárceles del país para prevenir hechos delictivos y fortalecer la seguridad ciudadana.
La Policía Nacional reiteró su compromiso de continuar desarrollando operativos coordinados para combatir las actividades ilícitas dentro de los centros penitenciarios y contribuir a la protección de la población."
2026-06-11,TVN,'Unachi no tiene plata para pagar': Contralor señala que falta de fondos impide pagos de planilla,nacionales,"El contralor general de la República, Anel Flores, se refirió a la situación financiera que enfrenta la Universidad Autónoma de Chiriquí (Unachi), luego de que una docente solicitara la suspensión de los pagos a los vicerrectores de la institución, argumentando que estas autoridades habrían contribuido al deterioro financiero de la universidad junto con la exrectora Etelvina Medianero de Bonagas.
Consultado sobre la situación, Flores sostuvo que el problema que enfrenta actualmente la casa de estudios superiores responde a la falta de recursos económicos para hacer frente a sus compromisos.
“Los pagos en este momento se están efectuando porque simplemente la universidad no tiene fondos. O sea, no es un tema de que se pararon o se detuvieron. Simplemente, la Unachi no tiene plata para pagar su planilla”, manifestó.
El contralor señaló que la situación es consecuencia de problemas administrativos acumulados y que la institución deberá buscar mecanismos para hacer frente a sus obligaciones financieras.
“Lo que está sucediendo en este día, simplemente no hay dinero para pagar esa planilla; obviamente, tendrá que hacer su esfuerzo con el Ministerio de Economía y Finanzas para ver cómo resuelve ese tema”, reiteró.
Respecto a la solicitud de una profesora que planteó la suspensión de los salarios de los vicerrectores, como establecen los estatutos universitarios, el contralor evitó pronunciarse sobre decisiones internas de la institución, alegando respeto a su autonomía.
“En la vida de la Unachi yo no voy a meterme. Es un tema autónomo y yo respeto las decisiones”, indicó.
No obstante, reiteró que desde la perspectiva de la Contraloría, la principal limitante para efectuar desembolsos es la falta de capacidad financiera de la universidad.
“Sin embargo, en lo que compete a la contabilidad, nosotros no estamos efectuando pagos de planilla porque simplemente no tienen viabilidad económica. Eso quiere decir que no tienen dinero en la cuenta para poder pagar sus diferentes obligaciones contractuales”, subrayó.
Las declaraciones del contralor se producen en medio de los cuestionamientos sobre la administración financiera de la Unachi y las dificultades que enfrenta la institución para cumplir con diversas obligaciones económicas y las afectaciones que esta situación ha tenido en el personal administrativo universitario.
Precisamente, el pasado 3 de junio, la vicerrectora Administrativa, Rosa Moreno, en compañía de la directora de Planificación, Iris Fuentes, y Sugeli Castillo, se reunieron con un equipo técnico del MEF para analizar la situación relacionada con el pago de acreedores y el pago de la cuota del Seguro Social, lo que mantiene en incertidumbre a los funcionarios debido a que no han podido cumplir con sus obligaciones financieras.
A pesar de la crisis, la institución garantizó el funcionamiento académico y administrativo.
""Para tranquilidad de toda la comunidad universitaria, se confirma que el funcionamiento académico y administrativo de la Unachi continuará su recorrido con normalidad"", informó la institución en un comunicado.
Otras notas que le pueden interesar:"
2026-06-11,TVN,Lotería Fiscal: Próximo sorteo regional ya tiene calendario; aquí te decimos desde cuándo son válidas las facturas,nacionales,"La Lotería Fiscal Regional volverá a recorrer el país con el objetivo de incentivar la solicitud de facturas fiscales y promover la cultura tributaria entre los consumidores.
Las autoridades informaron que serán válidas todas las facturas fiscales emitidas entre el 14 de junio y el 14 de agosto de 2026, las cuales podrán depositarse en las urnas oficiales que estarán disponibles a partir del 15 de junio.
Las urnas serán instaladas en distintos centros comerciales del país, además de las oficinas del Ministerio de Economía y Finanzas (MEF) a nivel nacional, facilitando la participación de los ciudadanos.
La iniciativa busca incentivar a los consumidores a exigir sus facturas al momento de realizar compras, contribuyendo así a fortalecer la formalidad comercial y la recaudación tributaria.
Las autoridades invitaron a la población a conservar sus facturas y participar en el sorteo, recordando que cada compra puede representar una nueva oportunidad de ganar.
""Tu próxima factura puede traer mucho más de lo que imaginas"", destaca la campaña de promoción de la Lotería Fiscal Regional.
Desde este año, el Ministerio de Economía y Finanzas implementó sorteos regionales para ampliar la posibilidad de beneficiar a más ganadores, dividiendo el país en cuatro zonas, entregando más de 100 mil dólares."
2026-06-11,TVN,Contralor realizó recorrido en la policlínica JJ Vallarino para fiscalizar atención a los asegurados,nacionales,"El contralor general de la República, Anel Flores, realizó la mañana de este jueves 11 de junio un recorrido de fiscalización en la policlínica Dr. J.J. Vallarino de la Caja de Seguro Social (CSS), con el objetivo de verificar la atención brindada a los pacientes, los tiempos de espera y el abastecimiento de medicamentos.
Durante la visita, Flores supervisó el proceso de entrega de medicamentos, el cumplimiento de los tiempos de atención, que según se informó se mantienen en aproximadamente 30 minutos, y el abastecimiento de fármacos, que alcanza el 94%.
No obstante, al consultador a dos usuarias, las mismas les explicaron que las recetas que habían ingresado las recibirían en unas dos horas.
El contralor señaló que la atención médica a los asegurados debe responder al aporte que estos realizan al sistema de seguridad social. Dijo que el servicio médico en el tema de asegurados es un prepago, porque le descuentan y usted debe recibir su atención y sus medicamentos.
Además, observó la asistencia y atención que brindan los médicos a los pacientes que acudían a la instalación de salud.
“Queremos asegurarnos de que esa gente sea atendida oportunamente, porque nosotros sí le estamos pidiendo a los médicos, que pongan esa milla extra, que cumplan con esas 8 horas como todos los panameños hacemos”, subrayó.
El contralor indicó que durante la inspección observó fluidez en la atención de los pacientes, aunque enfatizó que es necesario continuar reduciendo los tiempos de espera para las citas médicas.
Durante el recorrido, Flores conversó con una asegurada, quien manifestó su inconformidad por las demoras en la entrega de resultados médicos y la dificultad para conseguir citas de medicina familiar.
""Por lo menos, un resultado de una mamografía, me lo hice en octubre de 2025, y me lo entregaron el viernes 5 de junio. No hay citas aquí para medicina familiar, tengo que venir en octubre, para apuntarme para ver para cuándo hay cita"", detalló la usuaria.
Ante situaciones como esta, el contralor cuestionó las demoras en la asignación de citas y en algunos procesos de atención a los pacientes, quienes cuestionan que deben esperar más de 4 y 5 meses para recibir una cita, y por algún motivo ajeno al paciente la cita no se concreta, el asegurado entra nuevamente en un tiempo de espera que puede tardar incluso hasta un año.
Le puede interesar: Vamos suma otra renuncia: Manuel Samaniego deja la coalición por 'diferencias de criterio'
En su misión de este jueves, el contralor también se dirigió a centros de distribución, en donde se están corroborando los inventarios, y analizando las falencias, para, según dijo, tener una mejor idea para apoyar a la CSS desde Contraloría a que se mejore el flujo de medicamentos a la población.
Durante el recorrido, anunció la creación de un equipo de trabajo para fiscalización de medicamentos e insumos en depósitos de medicamentos de la capital y del interior del país de la CSS.
La visita forma parte de las acciones de fiscalización que desarrolla la Contraloría General para verificar la calidad de los servicios que reciben los asegurados en las instalaciones de la Caja de Seguro Social.
Información de Fabio Caballero
Otras notas que le pueden interesar:"
2026-06-11,TVN,Jonathan Gutiérrez: El niño de Pedregal que venció las estadísticas y hoy le pone voz a los sueños de Panamá,nacionales,"Hay historias que trascienden el deporte. Historias que hablan de esfuerzo, sacrificio y oportunidades. La de Jonathan Gutiérrez, narrador de TVMAX y colaborador de TVN Media, es una de ellas.
Detrás de cada gol que canta con toda pasión, existe un recorrido marcado por la perseverancia de un joven que creció en Pedregal, en un entorno donde muchos de sus amigos de infancia tomaron caminos equivocados.
""Gran parte de mis amigos tomaron malas decisiones"", recuerda Jonathan. Sin embargo, su destino fue diferente gracias a personas que aparecieron en momentos clave de su vida.
Una de ellas fue el conocido DJ Macoy, quien se convirtió en una especie de mentor cuando Jonathan acababa de terminar la escuela secundaria.
Mientras muchos jóvenes permanecían en las esquinas del barrio sin mayores perspectivas, Macoy lo invitó a acercarse a la radio y le insistió en que estudiara periodismo y obtuviera su licencia de locución.
Aquella decisión terminó cambiando su vida.
Desde pequeño, el fútbol ocupaba un lugar especial en su corazón. Los domingos se escapaba de casa para jugar en las canchas de su comunidad. Su madre muchas veces no sabía dónde estaba hasta descubrir que había salido temprano para participar en algún torneo improvisado.
Con el tiempo, esa pasión evolucionó.
Compró un celular y comenzó a grabar entrevistas para un canal de YouTube que él mismo creó. Mientras otros buscaban a las figuras consagradas del fútbol panameño, Jonathan apostaba por entrevistar a jóvenes promesas que casi nadie conocía.
Entre ellos estaban nombres como Adalberto Carrasquilla y Andrés Andrade, cuando apenas daban sus primeros pasos en el deporte y hoy son selección nacional.
Y así fue como poco a poco, fue labrando su camino, desarrollando las herramientas que años después le abrirían las puertas del periodismo deportivo.
Antes de llegar a TVN Media, Jonathan contó que trabajaba durante las madrugadas en una empresa de aviación cargando y descargando aviones. Las jornadas eran agotadoras.
Trabajaba de noche, asistía a la universidad durante el día y luego acudía a la emisora, donde comenzaba a aprender el oficio.
Cuando recibió la oportunidad de realizar una práctica como community manager en TVMAX, enfrentó uno de los mayores retos de su vida.
Durante un mes mantuvo ambos trabajos. Cumplía ocho horas en la empresa de aviación y luego otras ocho horas en TVN Media.
""Yo tenía mi canal de YouTube. Me metía en Instagram y ponía el YouTube. Entonces, empezaba a practicar, a practicar, a practicar, a practicar. Un buen día, me llegó un correo de TVN. Decía: <¿Usted quiere ser Community Manager?> Entonces, empecé siendo Community Manager, manejaba las redes sociales de TVMAX, ahí en el 2016. Cuando empecé, un mes me dieron de práctica.  En ese mes, yo no podía renunciar a la empresa de aviación. Porque la empresa de aviación era seguro. Acá era un mes"", recordó.
Al finalizar el período de prueba, recibió una propuesta formal y decidió apostar por el periodismo.
Su madre, Olda Ortiz, recuerda cómo practicaba narraciones frente al espejo utilizando una peinilla como si fuera un micrófono.
Lo hacía hasta altas horas de la noche. Mientras el resto de la familia intentaba dormir, Jonathan seguía imaginando partidos, goles y transmisiones. Aquellas prácticas silenciosas fueron el inicio de una carrera que hoy llega al gran escenario, el Mundial de Fútbol.
Jonathan nunca habla de sus logros sin mencionar a sus padres. Su padre, Marcelino Gutiérrez, vendía galletas desde la madrugada para sostener a la familia. Muchas veces Jonathan lo acompañaba antes de ir a la escuela.
Su madre, por su parte, hacía sacrificios silenciosos para que nada faltara en casa.
""Recuerdo a mi mamá sacándose la comida de la boca para que yo comiera"", confesó emocionado.
Hoy, ambos observan con orgullo cómo aquel niño inquieto de Pedregal alcanzó una meta por la cual tuvo que esperar, pero nunca dejó de luchar y aprender.
El camino tampoco fue sencillo dentro de los medios. Durante el Mundial de Rusia 2018 no tuvo la oportunidad de narrar. Tampoco ocurrió en Catar 2022. Muchos se habrían rendido.
Jonathan decidió prepararse más. Tomó cursos, buscó capacitación internacional, aprendió de referentes del periodismo deportivo y siguió trabajando en silencio. Esperó su momento.
Y finalmente llegó.
Hoy, Jonathan Gutiérrez es una de las voces que acompaña a miles de panameños durante las transmisiones deportivas de TVMAX. Pero más allá de la narración, su historia representa algo mucho más grande. Es el ejemplo de que el lugar donde se nace no determina el destino. Que el esfuerzo sí tiene recompensa.
Y que detrás de cada voz que emociona a un país entero, puede existir un niño de barrio que un día soñó frente a un espejo con una peinilla en la mano. Ese niño nunca dejó de creer. Y hoy Panamá escucha su historia en cada narración."
2026-06-11,TVN,Cinco aprehendidos y más de 4 mil paquetes de presunta droga incautados en dos operaciones,nacionales,"Un total de 4,217 paquetes de presunta sustancia ilícita fueron decomisados por el Servicio Nacional Aeronaval durante dos operaciones ejecutadas en aguas del Pacífico panameño en menos de 24 horas.
Las acciones permitieron además la aprehensión de cinco personas y la incautación de dos embarcaciones presuntamente utilizadas para actividades vinculadas al narcotráfico.
La primera operación se desarrolló al sureste de la isla Jicarón, en la provincia de Veraguas, con el apoyo de la Guardia Costera de Estados Unidos. Durante la intervención fue detectada una embarcación tripulada por tres ciudadanos, en la que las unidades aeronavales ubicaron varios sacos que contenían presunta droga.
Tras culminar las diligencias junto con la Fiscalía de Drogas de Veraguas, las autoridades contabilizaron 1,790 paquetes de presunta sustancia ilícita, cuyo contenido será determinado mediante los análisis correspondientes.
La segunda acción se llevó a cabo al sur de Punta Coco, en el Archipiélago de Las Perlas, como resultado de labores de patrullaje marítimo.
Según el Senan, la embarcación intervenida era tripulada por dos personas que intentaron evadir a las autoridades al percatarse de la presencia de las unidades aeronavales. Sin embargo, fueron interceptadas y posteriormente aprehendidas.
Por instrucciones de la Fiscalía de Drogas de Panamá, los sospechosos, la embarcación y la presunta sustancia ilícita fueron trasladados a la Base Naval Capitán de Fragata Noel A. Rodríguez J., donde se realizaron las diligencias correspondientes.
Como resultado de esta segunda operación, se contabilizaron 2,427 paquetes de presunta droga.
Con estos resultados, el Servicio Nacional Aeronaval destacó que continúa afectando las estructuras criminales dedicadas al tráfico internacional de drogas y reforzando la seguridad en los espacios marítimos del país.
De acuerdo con cifras oficiales, en lo que va de 2026 la institución ha desarrollado 58 operaciones antidrogas, logrando el decomiso de 39,045 paquetes de sustancias ilícitas.
Las autoridades señalaron que estos resultados reflejan el compromiso permanente de la entidad en la lucha contra el crimen organizado transnacional y el narcotráfico."
2026-06-11,TVN,Vamos suma dos renuncias: Manuel Samaniego y Neftalí Zamora abandonan la coalición por 'independencia de criterio',nacionales,"Los diputados Manuel Samaniego y Neftalí Zamora anunciaron este jueves su renuncia a la Coalición Vamos y a la bancada independiente Vamos de la Asamblea Nacional, una decisión que profundiza las divisiones internas que han aflorado en la agrupación durante los últimos meses.
Con estas nuevas renuncias, Vamos ya ha sufrido la renuncia de tres diputados que abandonan la coalición por diferencias internas. La primera de estas ocurrió con el diputado Manuel Cheng en el periodo pasado, quien también se apartó de Vamos alegando discrepancias dentro del colectivo.
La decisión de Samaniego y Zamora se produce luego que la Coalición Vamos informara en horas de la mañana los diputados habían sido suspendidos tras la controversia generada por la aprobación de traslados de partidas que incrementaban el presupuesto de la Asamblea Nacional, principalmente para el pago de planilla.
A través de un comunicado dirigido al país, Samaniego explicó que su decisión responde a la defensa de su autonomía como independiente. ""Tomo esta decisión porque mi independencia de criterio no es negociable"", expresó.
Añadió que los ciudadanos lo eligieron ""para actuar con libertad de conciencia, analizar cada tema por sus méritos y tomar decisiones pensando en el bienestar del país"".
La salida de Samaniego ocurre luego de varios episodios que pusieron en evidencia diferencias dentro de Vamos, entre ellos votaciones divididas sobre temas de alto perfil y desacuerdos sobre la estrategia política de la bancada.
En su comunicado, Samaniego sostuvo que asumir posiciones propias forma parte de la responsabilidad adquirida con el electorado. ""Tomar decisiones, incluso cuando no son las más populares, forma parte de la responsabilidad que asumí al recibir la confianza de los ciudadanos"", indicó.
Asimismo, agradeció a sus compañeros de bancada ""por los buenos momentos compartidos, por el trabajo realizado y por las luchas que hemos impulsado juntos en beneficio del país"".
El diputado también dejó claro que su salida no responde a conflictos personales. ""Mi salida responde a diferencias de criterio, no a diferencias personales"", afirmó.
""Continuaré ejerciendo mis funciones como diputado independiente, con responsabilidad, transparencia y total libertad de conciencia, siempre poniendo por delante los intereses de Panamá y de las comunidades que me otorgaron su confianza"", manifestó.
Ante los señalamientos realizados sobre su voto favorable en el traslado de partida para la Asamblea Nacional, el diputado respondió y sustentó su decisión de la siguiente manera:
Mi decisión respondió a una realidad institucional y a obligaciones presupuestarias que hoy existen y deben ser honradas. Más allá de cualquier diferencia política, el Estado tiene compromisos que debe cumplir”
De no aprobarse dicho traslado, se habría puesto en riesgo el pago de obligaciones laborales legítimamente adquiridas por la Asamblea Nacional. Detrás de esas obligaciones hay panameños que trabajan largas jornadas, sostienen a sus familias y, en muchos casos, incluso esperan meses para recibir la remuneración correspondiente por su trabajo, manteniendo aun así el funcionamiento de nuestro Parlamento.
Además, calificó como “falsa” la información señalada por la Junta Directiva de Vamos de que con ese voto contribuyó al aumento del presupuesto de la Asamblea Nacional.
“Cualquier ciudadano que compare el presupuesto vigente con el del año anterior podrá constatar que el presupuesto actual es inferior en más de veinte millones de dólares”, subrayó.
Añadió que “no se puede hacer política sobre la base de información falsa. Mi voto fue emitido de manera transparente y responsable, pensando en el cumplimiento de las obligaciones del Estado y en el respeto a los derechos de los trabajadores que hacen posible el funcionamiento de nuestras instituciones”.
Tres horas más tarde, Zamora se pronunció a través de su cuenta de Instagram, subrayando, al igual que Samaniego, que su ""independencia de criterio no es negociable"".
Zamora argumentó que ""la política va más allá de tomar decisiones populares, requiere la valentía y coherencia de asumir transformaciones estructurales, poniendo siempre al país por encima de cualquier beneficio personal o proyecto político futuro"".
Recordó los proyectos que ha impulsado, entre estos, la sanción de la Ley 250 de transparencia en la transición de gobiernos locales, citando que se trata de la ""Única ley de transparencia sancionada de la Bancada Independiente Vamos"".
Además, mencionó la presentación de los proyectos para la salida de Panamá del Parlacen y la liberación de las concesiones de transporte, y gestioné la licitación del Hospital de Panamá Norte.
""Son propuestas con criterio técnico que atacan frontalmente la corrupción y promueven el desarrollo de mi circuito y del país"", subrayó.
En el caso de su voto sobre el traslado de partida, dijo que ""respondió estrictamente a obligaciones presupuestarias para honrar el salario de los funcionarios de la Asamblea Nacional, incluidos los de la propia bancada Vamos. Esta decisión fue pública y explicada a la Junta Directiva Provisional en su momento"".
Al igual que Samaniego, dijo que era ""falso que aumentamos el presupuesto de la Asamblea; este es menor que el de la gestión pasada 2024-2025 y considerablemente inferior al presupuesto del periodo 2019-2024"".
Ante esta situación, Zamora presentó su renuncia formal a la bancada Vamos.
""Asumo este paso con total responsabilidad. Seguiré trabajando desde mi curul con absoluta independencia y firmeza, defendiendo los intereses de los ciudadanos de Panamá Norte y de todo el país"", enfatizó.
La organización, dirigida por el exdiputado Juan Diego Vásquez señaló además que, durante la discusión de los traslados de partidas, se evidenció que 4.2 millones de balboas ya habían sido trasladados a favor de la Asamblea Nacional, sin haber pasado por una sesión ordinaria de la Comisión de Presupuesto ni mediante el mecanismo de aprobación por silencio administrativo.
“Vamos no llegó a la Asamblea para aumentar el presupuesto de la propia Asamblea”, enfatizó el colectivo en el comunicado.
La Junta Directiva indicó que el procedimiento interno buscará determinar la continuidad de ambos diputados a la luz de los principios y valores que promueve la organización.
Otras notas que puede leer:"
2026-06-11,TVN,Clima en Panamá: Lluvias dispersas en el Caribe y calor intenso en gran parte del país este jueves,nacionales,"El Instituto de Meteorología e Hidrología de Panamá (Imhpa) informó que para este jueves 11 de junio, día en que se inaugura el Mundial de Fútbol 2026, se esperan lluvias y aguaceros aislados en distintos puntos del país, con mayor intensidad durante la tarde en zonas montañosas del Caribe y del Pacífico.
En la vertiente del Caribe, durante las primeras horas del día se prevén aguaceros dispersos con actividad eléctrica en el sector marítimo occidental, afectando principalmente Costa Abajo de Colón y el norte de Veraguas. También se esperan lluvias aisladas en las costas del resto de la vertiente. Estas condiciones podrían mantenerse durante la mañana, aunque con una disminución gradual de las precipitaciones.
Para la tarde y noche se pronostican aguaceros aislados, algunos puntualmente fuertes y acompañados de actividad eléctrica en áreas montañosas de Bocas del Toro y la comarca Ngäbe-Buglé. En el resto de la vertiente caribeña podrían registrarse chubascos de corta duración.
En la vertiente del Pacífico predominarán condiciones de poca nubosidad a parcialmente nubladas durante la madrugada, la mañana y la noche. Sin embargo, en horas de la tarde se esperan aguaceros aislados, algunos fuertes y con tormentas eléctricas en sectores montañosos de Chiriquí, Panamá Norte, Panamá Centro y Darién. También podrían presentarse chubascos breves en otras áreas de la vertiente.
Las temperaturas mínimas oscilarán entre 10°C y 15°C en la cordillera Central, mientras que en el resto del país estarán entre 21°C y 26°C. Las máximas alcanzarán entre 22°C y 26°C en la cordillera Central y entre 30°C y 34°C en el resto del territorio nacional.
En cuanto a los vientos, durante la madrugada y la mañana se esperan corrientes del sureste al oeste con velocidades inferiores a 20 kilómetros por hora. En la tarde y noche, en el Caribe predominarán vientos del noroeste al noreste de hasta 15 kilómetros por hora, mientras que en el Pacífico soplarán del sureste al suroeste con velocidades de hasta 20 kilómetros por hora.
Las condiciones marítimas se mantendrán favorables. En el Caribe se esperan olas entre 0.4 y 1.4 metros de altura, con periodos de 6 a 8 segundos. En el Pacífico, las olas oscilarán entre 0.3 y 1.4 metros, con periodos de 13 a 16 segundos.
El Imhpa advirtió además que los índices máximos de radiación ultravioleta (UV-B) estarán entre 9 y 11, niveles considerados de riesgo muy alto a extremo, por lo que recomienda tomar medidas de protección durante las horas de mayor exposición solar.
Los avisos por mar de fondo en el Pacífico y lluvias finalizaron en horas de la noche del miércoles 10 de junio, pero ahora se mantiene activo un nuevo aviso por temperaturas y sensación térmica elevadas.
Otras notas que le pueden interesar:"
2026-06-11,TVN,Vamos suspende a Neftalí Zamora y Manuel Samaniego por traslados de partidas a la Asamblea,nacionales,"La Coalición Vamos informó este miércoles la suspensión de los diputados Neftalí Zamora y Manuel Samaniego tras la controversia generada por la aprobación de traslados de partidas que incrementaban el presupuesto de la Asamblea Nacional, principalmente para el pago de planilla.
A través de un comunicado oficial, la Junta Directiva Provisional explicó que tomó la decisión luego de considerar que la actuación de ambos diputados, quienes forman parte de la Comisión de Presupuesto, no ha sido explicada de manera suficiente ante la organización.
Según el documento, durante una reunión extraordinaria se determinó suspender a Zamora y Samaniego de su condición de miembros de Vamos, mientras se inicia un proceso interno para analizar su permanencia dentro del colectivo.
La organización señaló además que, durante la discusión de los traslados de partidas, se evidenció que 4.2 millones de balboas ya habían sido trasladados a favor de la Asamblea Nacional, sin haber pasado por una sesión ordinaria de la Comisión de Presupuesto ni mediante el mecanismo de aprobación por silencio administrativo.
“Vamos no llegó a la Asamblea para aumentar el presupuesto de la propia Asamblea”, enfatizó el colectivo en el comunicado.
La Junta Directiva indicó que el procedimiento interno buscará determinar la continuidad de ambos diputados a la luz de los principios y valores que promueve la organización.
Finalmente, la Coalición Vamos reiteró que la transparencia, la rendición de cuentas y la coherencia son principios fundamentales para el movimiento y aseguró que actuará con responsabilidad frente a la situación.
“Actuaremos con responsabilidad y daremos la cara”, concluye el comunicado firmado por la Junta Directiva Provisional de la Coalición Vamos."
2026-06-10,TVN,Mascotas también se preparan para el Mundial con accesorios y outfits futboleros,nacionales,"Ciudad de Panamá/La fiebre mundialista no solo se vive entre los fanáticos del fútbol, también llegó a los integrantes de cuatro patas de la familia.
Con la llegada del Mundial, las mascotas se convierten en protagonistas con una variedad de outfits y accesorios inspirados en el torneo, desde camisetas y bandanas hasta elementos personalizados para acompañar la celebración.
Este es el caso de Pinkyto, un schnauzer que cumplió 12 años y que recibió de su familia un festejo especial inspirado en la pasión por el fútbol. Bajo el lema “12 años, 3 mundiales”, sus dueños prepararon una celebración temática mundialista para conmemorar la vida de Pinkyto y su historia junto a este deporte.
Vianka Zamora, integrante de la familia, explicó que la conexión entre Pinkyto, las mascotas y el fútbol ha sido tan especial que han creado una colección con las camisetas que el schnauzer ha utilizado durante distintos mundiales.
“Tenemos colecciones de todas las camisetas que Pinkyto ha utilizado en los diferentes mundiales de fútbol, y estamos tan locos por las mascotas, el tema de fútbol y demás que hemos hecho hasta un álbum de figuritas del mundial, con nuestras mascotas como principales protagonistas”, indicó Zamora.
🔗Puedes leer: La pasión por la Roja se vive en familia: los Navarro conservan décadas de recuerdos de la selección
Tiendas especializadas ya registran una mayor demanda de productos temáticos para perros y gatos, con diseños alusivos al fútbol y a las selecciones favoritas de los aficionados.
TVN Noticias realizó un recorrido por algunos comercios para conocer cuáles son las tendencias que marcan esta temporada mundialista y cómo los dueños buscan incluir a sus mascotas en la fiesta deportiva.
”Tenemos camisetas de diferentes países, bufandas, corbatines, gorritos y también las pecheras”, detalló Lorena Guevara, vendedora en Vendela.
Entre juegos, colores y mucha emoción, los animales de compañía también se preparan para vivir el Mundial desde casa.
Con información de Jessica Román"
2026-06-10,TVN,"Pasión, historia e identidad: la camiseta panameña destaca en el Mundial",nacionales,"Ciudad de Panamá/La camiseta oficial de la Selección Nacional de Fútbol de Panamá fue destacada como una de las más llamativas del Mundial, según un ranking publicado por el diario estadounidense The New York Times.
La comparación internacional ubicó la indumentaria panameña en la posición número 18 entre las 48 selecciones participantes del torneo, resaltando su diseño inspirado en el estilo de los años 90, una tendencia que ha regresado con fuerza en la moda deportiva.
El uniforme rojo fue reconocido por representar la pasión y la lucha, además de incorporar elementos de identidad nacional como el escudo con la bandera de Panamá y la imagen del águila harpía, símbolo del ave nacional.
Mientras se acerca el debut de Panamá ante Ghana el próximo 17 de junio, el sentimiento patriótico continúa presente en las calles, donde los fanáticos siguen vistiendo de rojo como muestra de apoyo a la selección.
”Es una camiseta muy linda, al principio no me convencia pero cuando la compre las vi bien y son unas camisetas muy lindas que van a dejar en alto a la Selección”, señaló un fanático.
Además de la camiseta principal, Panamá contará con dos diseños alternativos. La versión azul rinde homenaje al escudo de la Federación Panameña de Fútbol (FEPAFUT), resaltando la historia del fútbol nacional con detalles en color dorado.
Por su parte, la camiseta blanca destaca nuevamente la figura del águila harpía, combinando elementos de historia, identidad y modernidad en su diseño.
Con información de Jocelyn Mosquera"
2026-06-10,TVN,"TVN, TVMAX y TVN Pass; cobertura del Mundial con contenido, tecnología y transmisión multiplataforma",nacionales,"Ciudad de Panamá/A pocos días del inicio del Mundial, TVN Media anunció la cobertura especial que llevará a la audiencia todos los detalles del torneo a través de sus diferentes plataformas, con una propuesta que combina experiencia, tecnología y contenido exclusivo.
Desde hace un año, el equipo de TVN, TVMAX, TVN Pass, YouTube y las redes sociales inició los preparativos para ofrecer una cobertura completa del evento deportivo más esperado del mundo.
“Hemos preparado una puesta al aire espectacular de la mano de una cobertura que considero que es una de las coberturas más completas del mundial que se ha hecho en Panamá y ya tenemos a nuestros equipos dispuestos en los puntos estratégicos para esta gran cobertura”, explicó Alexandra Ciniglio, directora de contenido de TVN Media.
La programación contará con transmisiones disponibles las 24 horas del día, los siete días de la semana, acompañando a los fanáticos antes, durante y después de cada partido.
El equipo estará conformado por figuras con amplia trayectoria, nuevos talentos y profesionales con experiencia dentro y fuera de la cancha, con el objetivo de acercar la emoción mundialista a todos los seguidores.
“Yo soy de esos que me emociono muchísimo; no sé si han visto esos videos y yo creo que para mí eso es una linda experiencia. Como saben, desde que me retiré me he dedicado a esto, me ha gustado y he estado con personas que me han enseñado muchas cosas”, manifestó Blas Pérez, analista deportivo y exdelantero mundialista de Panamá.
La cobertura estará disponible desde cualquier lugar, permitiendo que los aficionados puedan disfrutar de contenidos, narraciones y análisis desde sus hogares, trabajos o cualquier punto donde se encuentren.
TVN destacó que su misión será acompañar a la fanaticada panameña durante toda la fiesta del fútbol, llevando cada detalle del Mundial a través de múltiples plataformas.
Con información de Yenny Caballero"
2026-06-10,TVN,Accidente de tránsito en El Chirú de Antón deja dos mujeres fallecidas y un herido grave,nacionales,"Un accidente de tránsito registrado este miércoles al mediodía en la vía Interamericana, a la altura de El Chirú, en el distrito de Antón, en la provincia de Coclé, dejó como saldo dos mujeres fallecidas y un hombre herido de gravedad.
El hecho ocurrió cuando un vehículo sedán y un pick-up estuvieron involucrados en una colisión que provocó que tres personas resultaran afectadas. Tras el fuerte impacto, los heridos fueron trasladados de urgencia al Hospital Aquilino Tejeira de Penonomé para recibir atención médica.
“Uno de los vehículos tipo pick-up que transitaba desde el área de Ánton hacia Río Hato, por alguna circunstancia, pierde el control del vehículo y se va hacia la isleta central chocando de forma frontal con el vehículo que venía del área de Río Hato hacia Antón, donde lamentablemente fallece dos personas en el hospital que iban a borde del vehículo tipo sedán”, indicó Fernando Pérez, Dirección de Operaciones del Tránsito.
Posteriormente, se confirmó el fallecimiento de dos mujeres de aproximadamente 82 y 65 años, quienes no lograron sobrevivir a las lesiones ocasionadas por el accidente.
Mientras tanto, un hombre permanece en condición delicada bajo supervisión médica.
Las autoridades iniciaron las investigaciones correspondientes para esclarecer las causas de este hecho y determinar las circunstancias que provocaron la tragedia vial.
Con información de Nathaly Reyes"
2026-06-10,TVN,"Mundial BenchClub Summit 2026, un encuentro de los líderes de recursos humanos",nacionales,"Ciudad de Panamá/El rol de la gestión del talento en las organizaciones continúa en constante evolución y transformación digital. Con una propuesta diferente y dinámica, se llevó a cabo el Mundial BenchClub Summit 2026 en Panamá, un congreso anual que reunió a líderes de Recursos Humanos de más de 120 empresas para analizar los desafíos del sector, el avance tecnológico y las nuevas metodologías de trabajo.
La edición de este año se estructuró bajo una temática mundialista para ofrecer una experiencia interactiva a los asistentes. El foro se centró en actualizar las competencias de los ejecutivos locales frente a las demandas globales, abordando áreas críticas como la comunicación empresarial, la identificación de empleados de alto potencial y las nuevas normativas de gestión laboral.
El núcleo de las conferencias y mesas de trabajo se enfocó en el impacto de la inteligencia artificial en las organizaciones y las proyecciones tecnológicas para los departamentos de personal. Los expositores internacionales y locales plantearon herramientas de automatización para optimizar los procesos internos sin descuidar el valor del factor humano dentro de las corporaciones.
Mariangela Rosi, directora de BenchClub Panamá, explicó que el objetivo del evento fue presentar de forma disruptiva las innovaciones en inteligencia artificial para organizaciones.
Por su parte, Luciani Mangini, fundador de BenchClub Latinoamérica, destacó que la gestión del talento opera en un balance complejo entre las metas corporativas y el cuidado de los trabajadores.
Finalmente, Ileana Simosa, directora de Recursos Humanos de Copa Airlines, puntualizó que este espacio es clave para conectar con las tendencias mundiales en prácticas de Recursos Humanos aplicadas a las grandes empresas del país."
2026-06-10,TVN,Más de 6 mil empleos bananeros en Bocas del Toro se reactivaron; preparan el reinicio de exportaciones,nacionales,"Bocas del Toro/La actividad bananera en Bocas del Toro experimenta un importante repunte tras anunciarse la reactivación de 6,030 empleos en los sectores de cultivo y empaque.
Según los reportes de la empresa Chiquita Panamá, este incremento en las plazas de trabajo responde a una alta demanda del mercado y al incremento en el volumen de la fruta cosechada en la región.
Para hacer frente a este escenario, las plantas empacadoras modificaron su esquema de trabajo. A partir del primero de junio, las empresas asociadas extendieron sus operaciones de cinco a seis días por semana, laborando ahora de lunes a sábado en dos turnos diarios, garantizando así la continuidad de los procesos de procesamiento.
Tras el cierre registrado en el año 2025, el sector enfoca sus esfuerzos en oficializar el reinicio de las exportaciones.
Voceros de Chiquita Panamá confirmaron que ya se mantienen conversaciones y coordinaciones directas con el Gobierno Nacional para establecer la logística de los primeros envíos de exportación.
Alexander Gabarrete, vocero de Chiquita Panamá, señaló que la implementación de los dos turnos operativos se debe directamente al flujo actual de las cosechas y anticipó que los detalles para concretar la primera exportación están en fase de definición, por lo que el anuncio formal del reinicio de la actividad comercial exterior podría darse pronto."
2026-06-10,TVN,Agroindustria comprará 3 mil cerdos para aliviar sobreproducción nacional,nacionales,"Panamá/Miles de cerdos que permanecían sin una salida clara al mercado comenzarán a ser absorbidos por la agroindustria, luego de un acuerdo alcanzado entre porcinocultores, el Ministerio de Desarrollo Agropecuario, el Instituto de Mercadeo Agropecuario (IMA) y representantes del sector agroindustrial.
La medida busca atender una sobreproducción estimada en unos 13 mil cerdos, una situación que mantenía preocupados a los productores pese al buen momento que atraviesa la actividad porcina en términos de calidad y volumen de producción.
El director del IMA, Nilo Murillo, informó que la agroindustria asumirá inicialmente la compra de 3 mil cerdos, lo que permitirá reducir la presión sobre las fincas y estabilizar el mercado en las próximas semanas.
Murillo precisó que el proceso comenzará con la adquisición de 2 mil animales y posteriormente se ampliará.
Para los productores, el exceso de oferta es consecuencia directa del crecimiento que ha experimentado el sector durante los últimos años.
Mientras se implementan las medidas inmediatas para reducir los excedentes, el sector también analiza alternativas de mediano y largo plazo. Entre ellas figura una propuesta para que la canasta navideña incluya exclusivamente productos nacionales.
Los productores también comenzaron a explorar la posibilidad de exportar carne de cerdo panameña.
La actividad porcina genera más de 10 mil puestos de producción en el país y, según los productores, la compra acordada permitirá beneficiar a unas 12 mil unidades productivas que actualmente enfrentan las consecuencias de la sobreoferta.
El acuerdo representa un alivio inmediato para el sector, que ahora busca transformar el excedente de producción en nuevas oportunidades comerciales dentro y fuera del país.
Con información de Meredith Serracín."
2026-06-10,TVN,Minsa reforzará abastecimiento con 100 mil vacunas contra el sarampión,nacionales,"Panamá/El Ministerio de Salud (Minsa) reforzará el abastecimiento nacional de vacunas contra el sarampión con la llegada de 100 mil nuevas dosis entre el 12 y el 21 de junio, luego del aumento en la demanda registrado durante las últimas semanas, impulsado principalmente por personas que viajarán al Mundial de Fútbol de 2026 en Estados Unidos, México y Canadá.
La medida surge después de que más de 100 mil personas se vacunaran contra el sarampión en apenas un mes, según informó el Programa Ampliado de Inmunización (PAI).
La coordinadora del programa, Itzel de Hewitt, explicó que la demanda aumentó tras la confirmación de los casos importados detectados recientemente en el país y la cercanía de los viajes internacionales.
La funcionaria indicó que el incremento en las solicitudes ha obligado a las autoridades sanitarias a administrar cuidadosamente las dosis disponibles para garantizar la cobertura de la población prioritaria.
Las autoridades aclararon que la vacuna contra el sarampión no está dirigida exclusivamente a quienes viajarán al Mundial, sino que permanece disponible para toda la población en las instalaciones de salud del país.
De Hewitt recordó que la inmunización ofrece protección permanente. “Esta vacuna es para toda la vida, igual que la enfermedad”, señaló.
La especialista detalló que los niños reciben dos dosis dentro del esquema nacional de vacunación y que, en algunos casos, se aplican refuerzos durante la adolescencia o la adultez cuando no existe evidencia del historial de vacunación.
Actualmente, Panamá no registra casos autóctonos de sarampión. Los contagios detectados corresponden a casos importados y a un caso relacionado por contacto con uno de ellos.
El Ministerio de Salud reiteró el llamado a la población a verificar su esquema de vacunación y recordó que la vacuna continúa disponible de manera gratuita en las instalaciones de salud a nivel nacional.
Con información de Yami Rivas."
2026-06-10,TVN,Instituto de Meteorología advierte disminución de lluvias de hasta 20% por fenómeno de El Niño,nacionales,"Azuero/Azuero se mantiene entre las regiones más vulnerables ante los efectos de El Niño, un fenómeno que ya se manifiesta en Panamá y que podría provocar una reducción de entre 15% y 20% en las lluvias entre junio a agosto, según el Instituto de Meteorología e Hidrología de Panamá (Imhpa), una situación que mantiene en alerta a productores, ganaderos y autoridades.
La advertencia fue realizada por la directora del Imhpa, Luz Graciela Morales de Calzadilla, durante una reunión técnica celebrada en la provincia de Herrera para evaluar los posibles efectos del fenómeno climático en la región de Azuero y el resto del país.
De acuerdo con los pronósticos del Imhpa, junio, julio y agosto podrían registrar precipitaciones por debajo de lo normal en gran parte del Pacífico panameño, una condición que podría afectar principalmente a las actividades agropecuarias.
Morales explicó que una disminución de lluvias no significa la ausencia total de precipitaciones, sino una reducción en los acumulados habituales.
La directora del Imhpa señaló que las proyecciones actuales apuntan a una reducción de las lluvias de entre 15% y 20% en la región del Pacífico durante los próximos tres meses.
No obstante, el mayor nivel de preocupación se concentra hacia finales de año. Según los análisis meteorológicos, el fenómeno podría alcanzar su máxima intensidad entre octubre, noviembre y diciembre, meses en los que históricamente se registran importantes acumulados de lluvia en el país.
Las autoridades advirtieron que la región de Azuero podría figurar entre las más impactadas por los efectos de El Niño, aunque sus repercusiones también podrían extenderse a otras provincias.
Morales indicó que el comportamiento definitivo del fenómeno dependerá de la evolución del calentamiento de las aguas del Pacífico Ecuatorial, factor que influye directamente en su intensidad.
Ante este escenario, el Imhpa mantiene reuniones con productores, ganaderos, autoridades locales y representantes de distintos sectores económicos para preparar medidas de mitigación y adaptación.
La entidad también ha compartido información con los sectores agrícola, pecuario y turístico, considerados algunos de los más vulnerables ante una reducción prolongada de las precipitaciones.
Las autoridades meteorológicas reiteraron el llamado a mantenerse atentos a los próximos informes, ya que la evolución de El Niño durante los próximos meses será determinante para las condiciones climáticas que enfrentará el país entre finales de 2026 y parte de 2027.
Con información de Eduardo Javier Vega"
2026-06-10,TVN,Fuga de La Joyita: Aumentan recompensa a $2 mil por información para capturar a los 20 prófugos,nacionales,"Ciudad de Panamá/La Policía Nacional informó que la recompensa por información que conduzca a la ubicación y captura de los 20 prófugos que se evadieron el pasado 1 de junio del Centro Penitenciario La Joyita ha sido aumentada a $2 mi.
Paralelamente, la Policía Nacional indicó que continúan los operativos en diversas comunidades aledañas al centro penitenciario, así como las alertas en todas las zonas policiales del país, con el objetivo de lograr su recaptura.
La Policía Nacional indicó en sus redes sociales que ""se agradece de antemano la colaboración de la comunidad en este esfuerzo para poner a estas peligrosas personas a buen recaudo y así devolverle la tranquilidad a la ciudadanía""."
2026-06-10,TVN,MIDA se prepara para enfrentar los efectos del fenómeno de El Niño en sectores como la ganadería,nacionales,"Ciudad de Panamá/El Ministerio de Desarrollo Agropecuario (MIDA) aseguró que se encuentra tomando medidas para mitigar los posibles efectos del fenómeno de El Niño sobre la producción nacional, especialmente en sectores como la ganadería y la producción de arroz.
El ministro de Desarrollo Agropecuario, Roberto Linares, explicó que la institución trabaja en la construcción de pozos, abrevaderos y otras infraestructuras necesarias para hacer frente a la escasez de agua que podría registrarse en distintas regiones del país.
Linares indicó que una de las principales preocupaciones es apoyar a los pequeños y medianos ganaderos, quienes suelen verse afectados durante los períodos de sequía.
“Estamos buscando la forma de ayudar a los productores, a los pequeños y medianos ganaderos con medicinas. En este tiempo de sequía, el ganado está muy delgado y una garrapata puede transmitir enfermedades como piroplasmosis o anaplasmosis, que incluso pueden provocar la muerte de los animales”.
Puedes leer: Mundial 2026: Cancillería pide a panameños que viajarán realizar registro consular
También destacó que los trabajos para enfrentar la falta de agua se realizarán con recursos propios de la entidad.
“Estamos evitando alquilar equipos. Lo que vamos a hacer es trabajar con equipo propio del Ministerio de Desarrollo Agropecuario”.
El ministro reconoció que aún existe incertidumbre sobre el comportamiento del fenómeno climático, por lo que también se mantienen vigilantes para garantizar la seguridad alimentaria del país.
Puedes leer: ¡Ojo viajeros! Estas son las reglas para ir al Mundial 2026 desde Panamá
Según Linares, Panamá cuenta actualmente con reservas de arroz hasta el próximo 21 de octubre. No obstante, adelantó que el Gobierno podría convocar próximamente una nueva cadena agroalimentaria para evaluar la apertura de un contingente adicional del grano.
“Probablemente estaremos llamando una próxima cadena para aprobar un nuevo contingente de arroz y asegurarnos de que no falte en las tiendas”."
2026-06-10,TVN,Caso Blue Apple: Corte Suprema rechaza casación de tres condenados y ordena corregir recursos a otros cinco,nacionales,"La Sala Segunda de lo Penal de la Corte Suprema de Justicia no admitió los recursos de casación presentados a favor de Alcides Antonio Bernal Zambrano, César Jaramillo Gutiérrez y Juan Daniel Girón Samaniego condenados por el conocido caso Blue Apple.
Además, ordenó corregir, por considerar la sustentación deficiente, los recursos presentados a favor del exministro de Obras Públicas, José Federico Suárez Cedeño; el exdirectivo de la Caja de Ahorros, Ricardo Francolini Arosemena, el exasesor presidencial del periodo 2009-2014, Adolfo “Chichi” de Obarrio; también, a George Joseph Moreno Pérez y Octavio Samaniego Castillo.
La Sala otorgó un plazo de cinco días hábiles para que las defensas presenten nuevamente sus escritos con las correcciones señaladas, después que se cumpla con el periodo de notificación mediante edicto.
De igual forma, no fue admitido el recurso de casación promovido por la Fiscalía Anticorrupción contra Luis Antonio Donadío, Melina Cano, Jaime Martín de la Espriella y Luis Alberto Arias García.
Los recursos fueron presentados contra la sentencia de segunda instancia emitida en el caso Blue Apple, investigación que reveló el pago de sobornos mediante una red de sociedades y cuentas bancarias para la adjudicación de contratos de infraestructura pública durante el gobierno del expresidente Ricardo Martinelli, quien se encuentra asilado en Colombia.
En ese proceso, el exasesor presidencial Adolfo “Chichi” de Obarrio fue condenado a 120 meses de prisión por blanqueo de capitales y al pago de una multa de 5 millones 91 mil 486 dólares con 92 centavos.
Asimismo, el exministro de Obras Públicas Federico José Suárez y el expresidente de la junta directiva de la Caja de Ahorros, Ricardo Francolini, figuran entre los condenados por el delito de blanqueo de capitales.
Por el delito contra la administración pública, en la modalidad de corrupción de servidores públicos, Juan Daniel Girón Samaniego fue condenado a 64 meses de prisión, mientras que César Jaramillo Gutiérrez recibió una pena de 72 meses de cárcel.
Por el delito de blanqueo de capitales también fueron condenados George Joseph Moreno Pérez, a 80 meses de prisión; Alcides Antonio Bernal Zambrano, a 60 meses; y Ricardo Francolini Arosemena, a 60 meses de prisión, además del pago de una multa de 470 mil dólares.
Como parte de la sentencia, se ordenó el comiso de diversos bienes y cuentas bancarias, entre ellos una propiedad en el PH Bristol Buenaventura, valorado en 235 mil dólares; una unidad en el PH Wind Rose; y un terreno ubicado en el distrito de Mariato, valorado en 63 mil dólares.
Todos los bienes decomisados fueron puestos a disposición del Ministerio de Economía y Finanzas (MEF), conforme a lo establecido en la Ley 57 de 17 de septiembre de 2013."
2026-06-10,TVN,Centros de salud tendrán horarios extendidos y atención los fines de semana a partir de 2027,nacionales,"Panamá/Ir al centro de salud un sábado o un domingo dejará de ser una excepción en Panamá en algunos centros de salud. La Ley 528, promulgada hoy 10 de junio, establece horarios extendidos en las instalaciones de salud pública y obliga a garantizar atención durante los fines de semana; sin embargo, esto regirá a partir de 2027.
La norma, publicada en la Gaceta Oficial No. No. 30543 A busca ampliar el acceso de la población a los servicios de salud, especialmente fuera del horario regular de atención.
En un principio, esta norma fue objetada por el presidente de la República, José Raúl Mulino. Posteriromente siguió su curso legislativo y fue aprobada por insistencia.
Entre las principales disposiciones, la ley establece que el Ministerio de Salud (Minsa) deberá procurar que cada región sanitaria cuente, al menos, con una instalación de atención primaria que opere con horario extendido.
Añade que, durante los horarios que se establezcan de lunes a viernes, se deberá contar, como mínimo, con el personal necesario para la adecuada prestación de atención médica y sus áreas de apoyo en salud y administrativo para su adecuado funcionamiento.
Señala que, en el caso específico de los días sábado y domingo, se deberá contar, como mínimo, con atención médica y sus áreas de apoyo en salud y administrativo para su adecuado funcionamiento, sin perjuicio de que, conforme a la planificación regional, se amplíe la oferta de servicios.
La medida forma parte de una estrategia más amplia orientada a mejorar la cobertura de los servicios médicos y reducir las dificultades que enfrentan miles de personas para acceder a consultas, tratamientos y medicamentos fuera de los horarios tradicionales.
La nueva ley incorpora además obligaciones relacionadas con la sostenibilidad financiera del sistema. Para ello, el Órgano Ejecutivo deberá incluir en el Presupuesto General del Estado las partidas necesarias para financiar las jornadas extendidas y garantizar el abastecimiento de medicamentos.
Así las cosas, el éxito de la norma dependerá de que existan los recursos para implementarla."
2026-06-11,TVN,Francia teme ‘importantes amenazas’ de injerencias extranjeras durante la presidencial de 2027,mundo,"Francia teme ""importantes amenazas"" de injerencias extranjeras durante la elección presidencial de 2027, indicó este jueves el primer ministro, Sébastien Lecornu.
La próxima presidencial en la segunda economía de la UE se anuncia crucial, máxime cuando el actual presidente centroderechista, Emmanuel Macron, ya no puede presentarse y la ultraderecha lidera los sondeos de la primera vuelta.
El presidente francés, quien fue víctima de injerencias durante la campaña de 2017 con el ciberataque conocido como ""Macron leaks"", señaló meses atrás a Rusia que ""compra masivamente, en período electoral, millones de cuentas falsas"" en las redes sociales.
El riesgo de injerencia ""fue significativo en las elecciones municipales [de marzo], aunque sin efectos mayores"", lo que ""permite vislumbrar importantes amenazas para la elección presidencial"", indicó este jueves Lecornu.
Como posibles soluciones esbozó como ideas agilizar los señalamientos a la justicia con carácter de urgencia en período electoral y un ""endurecimiento de las penas"", consideradas por el momento como poco disuasorias.
En 2024, año de elecciones europeas y legislativas en Francia, la agencia de lucha contra las injerencias extranjeras en línea Viginum detectó 25 intentos, pero sin mucha visibilidad y poco efecto en el debate público.
Pero, según las autoridades, fueron las municipales de marzo las que sirvieron de ""ensayo general"" para la presidencial.
Viginum detectó cuatro operaciones: dos de cuentas prorrusas, otra de una empresa vinculada a un exmiembro de los servicios de inteligencia israelíes y otra de un actor no estatal desde Vietnam con fines ""lucrativos"".
Respecto a las atribuidas a redes prorrusas, una iba dirigida contra el candidato macronista a la alcaldía de París, Pierre-Yves Bournazel, y la otra consistía en la creación de falsos sitios de prensa local francesa, precisa un informe publicado este jueves.
La procedente de una empresa israelí se centraba en ""denigrar"" a tres candidatos del partido de izquierda radical La Francia Insumisa (LFI) y ""alimentar las tensiones sobre el lugar de la comunidad musulmana en Francia"", según esta fuente."
2026-06-11,TVN,Trump dice que se llegó a un ‘gran acuerdo’ con Irán,mundo,"El presidente estadounidense, Donald Trump, afirmó el jueves que se había alcanzado un ""muy buen acuerdo"" con Irán y anunció que la firma podría tener lugar este mismo fin de semana en Europa, un giro radical apenas horas después de amenazar con nuevos ataque
Trump piensa que el líder supremo iraní, el ayatolá Mojtaba Jamenei, aprobó personalmente el acuerdo.
""Entiendo que la respuesta es sí"", declaró a periodistas en el Despacho Oval, cuando se le preguntó si Jamenei había dado su aval.
El mandatario refirió que el acuerdo en cuestión es ""un muy importante memorándum de entendimiento"".
El pacto será firmado ""quizás en Europa"", sostuvo, señalando que no asistiría personalmente a la firma, pero que esta se llevaría a cabo en presencia del vicepresidente JD Vance.
El líder republicano organiza un torneo de artes marciales mixtas en la Casa Blanca el domingo, coincidiendo con su 80 cumpleaños.
Más temprano anunció que había anulado un ataque ""muy duro"" que tenía previsto realizar por la noche contra Irán.
""Las conversaciones y los últimos puntos han sido, en principio y en detalle, aprobados por todas las partes implicadas"", prosiguió, enumerando entre otros a los países del Golfo, Turquía e Israel, que junto a Estados Unidos inició el conflicto con una andanada de ataques contra Irán el 28 de febrero.
No hubo una reacción inmediata por parte de Irán."
2026-06-11,TVN,Netanyahu afirma que el acuerdo de paz incluirá que Irán se deshaga del uranio enriquecido,mundo,"Jerusalén, Indefinido/La oficina del primer ministro israelí, Benjamín Netanyahu, declaró el jueves que Donald Trump se comprometió a que un eventual acuerdo de paz entre Irán y Estados Unidos incluya el compromiso de que Teherán se desprenda del material nuclear enriquecido.
""El primer ministro expresó su agradecimiento por el compromiso del presidente Trump de que el acuerdo final al término de las negociaciones incluirá la retirada del material enriquecido, el desmantelamiento de la infraestructura de enriquecimiento, límites a la producción de misiles y el cese del apoyo de Irán a sus grupos terroristas aliados en la región"", declaró la oficina en X tras una conversación entre Netanyahu y Trump."
2026-06-11,TVN,Revuelo político en Argentina por confesión de jefe de Gabinete de que ocultó dinero,mundo,"La confesión del jefe de gabinete, Manuel Adorni, de que ocultó 500.000 dólares en sus declaraciones juradas generó revuelo y críticas este jueves de parte de referentes de la oposición y del propio gobierno en Argentina.
El jefe de ministros del presidente Javier Milei lleva más de tres meses en el ojo de la tormenta por revelaciones sobre compras de inmuebles y viajes onerosos, luego de su llegada a la función pública que están siendo investigadas por la justicia.
En la noche del miércoles, presentó ante las autoridades una nueva declaración jurada en la que incluyó 500.000 dólares que, según dijo, había ahorrado ""en negro"".
""Por supuesto que cometí un error. Voy a pagar hasta el último impuesto que me corresponda pagar, hasta la última multa, todos los intereses, todo lo que devenga de este error"", dijo Adorni.
Desde el oficialismo, la senadora Patricia Bullrich, exministra en el gabinete de Milei, reaccionó diciendo que ""esto es más que un error, esto es una omisión ética. Y nuestro gobierno tiene la moral como política de Estado"".
El diputado opositor Maximiliano Ferraro, de la Coalición Cívica (centro), calificó su declaración como ""un cúmulo de inconsistencias y mentiras"".
Adorni, de 46 años, ha sido una de las figuras más destacadas del gobierno de Milei. De su cargo inicial como portavoz presidencial pasó en noviembre a jefe de gabinete.
Hasta ahora, ha tenido el apoyo irrestricto de Milei, quien aseguró varias veces saber que su funcionario ""tiene todo en regla"".
Según el relato del ministro, todo el dinero que ahora declara provino de su actividad privada e inversiones en criptomonedas entre 2014 y 2018, antes de asumir como vocero presidencial en diciembre de 2023.
Sin embargo, este jueves comenzaron a circular videos con viejas declaraciones que contradicen su versión.
Más allá del origen de los fondos, Adorni reconoció que, junto con su esposa, decidió no declarar esos ingresos ""porque la manera de escaparse de la vieja política era tener un ahorro en negro"".
El reconocimiento de estos fondos implica un giro en el discurso del jefe de gabinete, quien en abril dijo ante el Congreso que ""nunca existió ocultación alguna"" de su patrimonio.
Para el consultor y analista político Facundo Cruz, la situación ""genera un problema al interior del gobierno"", porque obliga al gabinete a defender a un ministro que ""no está en una situación cómoda"" e impacta en uno de los ""pilares discursivos"" del oficialismo que es la crítica a lo que despectivamente ha llamado ""casta"" política.
""Es un boomerang para el gobierno"", señaló Cruz a la AFP, ya que cada vez que Adorni intenta explicar lo sucedido con su patrimonio ""embarra más una situación ya de por sí poco transparente"".
La polémica inició en marzo, cuando los medios pusieron el ojo sobre un viaje oficial a Nueva York al que llevó a su esposa, así como viajes vacacionales en jet privado con su familia.
Otras filtraciones desencadenaron una investigación judicial sobre la compra en los últimos dos años de bienes inmuebles no declarados.
El ministro todavía no fue citado a declarar en el marco de esa investigación.
Para el analista político Gustavo Marangoni, el caso ""daña reputacionalmente"" al gobierno ""en un punto que había sido clave en la campaña"" pero no necesariamente ese daño tendrá una traducción electoral en las presidenciales de 2027.
Para eso, dice Marangoni a la AFP, el asunto tiene que ""hacer combustión"" con otra cosa, como la economía. Mientras tanto, señala, es ""una debilidad objetiva, pero no necesariamente irreversible""."
2026-06-11,TVN,"Temperatura récord de 15,4 grados en la Antártida en la víspera del invierno austral",mundo,"La península antártica registró una temperatura récord para junio de 15,4°C, con derretimientos de hielo atípicos en la llegada del invierno austral, informaron climatólogos a la AFP.
El nuevo pico, jamás registrado para esa región de la Antártida en el sexto mes del año, se anotó el 6 de junio en la Base Esperanza, una base científica argentina situada en la península Trinidad.
Allí el récord anterior era de 13.3°C y databa de 1998.
La cifra está muy por encima del promedio de las máximas de junio en la Base Esperanza, de -6.2°C.
""Se batieron récords de temperaturas muy altas, muy inusuales para la época"", dijo este jueves a la AFP el climatólogo José Luis Stella, del Servicio Meteorológico Nacional argentino.
El especialista señaló que aunque toda la Argentina ""se presentó anómalamente cálido este comienzo de junio"", en la península antártica se registraron marcas de ""hasta 20°C por encima de lo normal"".
Entre el 5 y 6 de junio las bases argentinas Marambio y San Martín también midieron récords: con 11.8°C y 9.4°C superaron marcas previas de 9.2°C y 7.8°C respectivamente.
La máxima media en junio en esas locaciones es -10.7°C y -5.6°C.
Raúl Cordero, académico de la Universidad de Groningen en Países Bajos, dijo a la AFP que esta ""ola de calor que afectó el extremo norte de la península antártica"" no fue un evento aislado.
""Confirma una tendencia"", dijo Cordero, y añadió que a menos que se detenga ""el calentamiento global este tipo de eventos continuarán produciéndose de forma cada vez más frecuente"".
Sin embargo, el científico del clima Thomas Caton Harrison, del Servicio Antártico Británico, dijo a la AFP que ""existen pruebas fiables de que el cambio climático influye, pero el efecto es complejo en esta región"".
""Dado que la Antártida experimenta grandes oscilaciones de temperatura, es necesario recopilar una gran cantidad de datos a lo largo de muchos años para comprender el clima subyacente"", planteó.
Ambos especialistas coinciden en que las temperaturas están al alza en la región desde hace años y que algunos de sus efectos ya son visibles.
""Una cantidad sorprendente de precipitaciones ha caído en forma de lluvia en lugar de nieve"", dijo Caton Harrison.
""Esto tiene repercusiones para los ecosistemas polares, como las colonias de pingüinos, y supone un desafío para mis colegas que trabajan en las bases antárticas, ya que las abundantes lluvias líquidas generan escorrentía y formación de hielo"", explicó.
En la Base Esperanza las temperaturas máximas diarias han estado sobre cero de manera consecutiva durante las últimas tres semanas, y Cordero planeó que eso provocó que ""amplias zonas en el extremo norte del continente blanco permanecen sin nieve"".
""Una postal insólita en paisaje antártico durante el invierno"", dijo."
2026-06-11,TVN,EEUU anuncia sanciones contra la petrolera estatal cubana CUPET,mundo,"Estados Unidos sancionó este jueves a la petrolera estatal cubana Unión Cuba-Petróleo (CUPET) como parte de sus medidas de presión económica contra La Habana, anunció el secretario de Estado, Marco Rubio.
En consecuencia, la compañía, que controla la extracción en los yacimientos de crudo cubanos así como su refinado y la distribución de combustible, no podrá entablar ningún tipo de relación financiera o empresarial en Estados Unidos.
""El gobierno comunista de Cuba lleva mucho tiempo usando la energía como un arma, tanto para reprimir como para alimentar una cleptocracia de régimen en beneficio propio"", explicó Rubio en un comunicado.
CUPET pasó a engrosar la lista de la Oficina de Control de Bienes Extranjeros del Departamento del Tesoro.
""Con la sanción que aplica hoy contra la empresa CUPET, la administración estadounidense profundiza el cerco energético y con ello el genocidio que comete contra el pueblo cubano"", reaccionó en X el viceprimer ministro Osar Pérez-Oliva Fraga, también ministro de Comercio Exterior e Inversión Extranjera.
En su comunicado, Rubio acusó a la empresa de ""revender innumerables barriles de escasa energía en el mercado secundario, acaparando suministros energéticos para sus fuerzas militares, de inteligencia y represivas, y racionando la energía como herramienta de control social"".
Desde la vuelta de Donald Trump a la Casa Blanca, Washington ha incrementado las medidas de represalia económica contra Cuba, país al que considera como una amenaza a su seguridad nacional.
Cuba vive sometida a un embargo comercial desde 1962, aunque desde hace décadas algunos rubros, como la venta de trigo o de otros insumos alimenticios, ha podido llegar a la población mediante autorizaciones especiales de Washington.
La isla caribeña produce el 40% de su consumo de petróleo. El resto son importaciones, prácticamente interrumpidas desde enero a causa del bloqueo petrolero impuesto por el gobierno de Trump, con la sola excepción de la llegada hace semanas de un buque ruso.
El presidente decidió imponer ese bloqueo tras la captura del presidente venezolano, Nicolás Maduro, como herramienta de presión.
La CUPET surgió en 1992 como un conglomerado empresarial, muchos años después de las expropiaciones que el régimen comunista realizó al inicio de la revolución de 1959.
""Activos clave fueron expropiados ilegalmente a propietarios estadounidenses años atrás"", aseguró Rubio en su comunicado como justificación de la medida.
El sistema energético de Cuba atraviesa uno de sus momentos más críticos del año con apagones prolongados y niveles récord de déficit de generación, a causa de la escasez de petróleo."
2026-06-11,TVN,Presidente de Ecuador ordena baja de precio de la cerveza por el Mundial,mundo,"El presidente de Ecuador, Daniel Noboa, anunció este jueves una baja del 20% del precio de la cerveza, la bebida alcohólica más popular en su país, con ocasión del Mundial de Norteamérica 2026.
""Todas las bebidas de moderación, incluida la cerveza, vamos a quitarle el ICE (Impuesto a los Consumos Especiales) durante el Mundial"", expresó el mandatario en un acto público para la entrega de obras viales en la localidad costera de El Empalme (suroeste).
""De esa manera va a bajar el precio de la cerveza más del 20%"", agregó Noboa en medio de aplausos de pobladores.
La medida estará en vigencia hasta el 19 de julio, cuando concluirá la Copa del Mundo.
En su quinta participación mundialista, la selección ecuatoriana integra el Grupo E del certamen con Alemania, Curazao y Costa de Marfil.
Luciendo la camiseta amarilla de la Tricolor, que hará su debut este domingo ante Costa de Marfil, el gobernante dijo que ""todo el mundo ya está, en su cabeza, más (en) el fútbol que en cualquier cosa y es normal, este es un país futbolero, este es un país que le gusta estar con amigos, con familiares, viendo los partidos"".
""Nosotros vamos de parte del gobierno también a dar un apoyo extra durante el Mundial"" con la eliminación temporal de impuestos a las bebidas de moderación, entre ellas el vino, dijo el mandatario.
Noboa tiene previsto viajar este jueves a Estados Unidos en visita oficial hasta el próximo lunes, cuya agenda aún no ha difundido el gobierno.
""Cada uno de ustedes va a poder disfrutar de un Mundial de la mejor forma, con un equipo excepcional como el que tenemos, el cual va a llegar muy lejos"", señaló.
Ñ"
2026-06-11,TVN,Confinamiento en el Pentágono tras un 'incidente con sustancias peligrosas',mundo,"Una parte del Pentágono fue cerrada este jueves y las personas en su interior quedaron confinadas, informó un portavoz, en respuesta a lo que los bomberos describieron como un ""incidente con materiales peligrosos"" en la sede de las fuerzas armadas estadounidenses.
El Departamento de Bomberos del Condado de Arlington informó que tenía unidades desplegadas en el sitio, ""incluido su equipo especializado en materiales peligrosos"", para atender el incidente.
El portavoz del Pentágono, Sean Parnell, indicó en un comunicado que los sistemas de seguridad del edificio tenían un ""problema de calidad del aire que requiere tomar medidas de precaución hasta que determinemos su importancia"".
El Departamento de Defensa ""está aplicando protocolos de protección estándar, incluida una orden de confinamiento en el lugar para el área afectada"".
""Los equipos de respuesta están desplegados y listos para apoyar a las personas en el edificio"", añadió Parnell."
2026-06-11,TVN,Postergan indefinidamente apertura de nuevo puente entre Canadá y EEUU,mundo,"La inauguración de un nuevo puente fronterizo entre Estados Unidos y Canadá, cuestionado por Donald Trump, fue pospuesta indefinidamente pese a que el primer ministro canadiense aseguró que tendría lugar esta semana.
""Canadá y Estados Unidos han acordado posponer la inauguración del puente, tomándose el tiempo necesario para resolver los asuntos pendientes"", declaró el jueves Chuck Andary, director ejecutivo interino de la Autoridad del Puente Windsor-Detroit (WDBA), en un comunicado publicado en su sitio web.
Este anuncio se produce dos días después de que el primer ministro canadiense, Mark Carney, elogiara ""la cooperación entre ambos países"" y afirmara que el puente se inauguraría antes de que terminara la semana.
Andary no proporcionó una nueva fecha de apertura ni especificó la naturaleza de los asuntos pendientes.
La inauguración del puente Gordie Howe, que lleva el nombre de una leyenda canadiense del hockey sobre hielo, fue cuestionada en febrero por el presidente Trump, quien argumentó que su país debería poseer ""al menos la mitad"" de la infraestructura.
Según una ficha informativa emitida por la autoridad del puente, este fue financiado integralmente por Canadá y será de propiedad conjunta de los gobiernos de Canadá y del estado de Michigan.
Las amenazas del mandatario estadounidense respecto al puente surgieron en medio de una creciente tensión comercial entre ambos países, poco después de que Ottawa alcanzara un acuerdo comercial preliminar con Pekín, lo que provocó nuevas amenazas de aranceles estadounidenses.
En construcción desde 2018 con un costo total de 5.700 millones de dólares canadienses (4.068 millones de dólares estadounidenses), el puente Gordie Howe conectará la ciudad estadounidense de Detroit, Michigan, con la canadiense de Windsor, Ontario."
2026-06-11,TVN,Condenan a un francés después que su pitbull adiestrado para morder matara a su novia embarazada,mundo,"Francia/La justicia francesa condenó este jueves a un hombre por homicidio involuntario después de que el pitbull que había importado ilegalmente y adiestrado para morder matara a su novia embarazada a dentelladas durante un paseo.
El tribunal de Soissons, en el norte de Francia, condenó a Christophe Ellul, de 51 años, a cuatro años de prisión con suspensión de pena y ordenó que el perro llamado Curtis fuera sacrificado.
La decisión judicial llega después de que activistas por los animales hubieran pedido su indulto. Una de las peticiones, con más de 80.000 firmas, reclama que este american pitbull terrier sea trasladado a un refugio de animales.
En noviembre de 2019, Ellul encontró el cadáver de su novia Elisa Pilarski en un bosque a las afueras de la ciudad, con el cuerpo lacerado por 50 mordeduras. La mujer, de 29 años y embarazada de seis meses, estaba paseando al perro.
Antes de morir, lo había llamado mientras él trabajaba en un aeropuerto a las afueras de París, a unos 50 kilómetros de distancia, para pedirle ayuda, según la investigación.
Durante mucho tiempo, el hombre sostuvo que su perro no era agresivo y que los responsables debían de haber sido unos perros de caza, pero las pruebas de ADN demostraron que se trataba de Curtis.
El perro, que ahora tiene ocho años y medio, lleva más de seis años encerrado en una perrera desde el incidente.
En Francia, es ilegal importar pitbulls, clasificados como peligrosos. Ellul lo trajo desde Países Bajos."
2026-06-11,TVN,"Fenómeno El Niño ya comenzó, anuncia agencia estadounidense de monitoreo del clima",mundo,"El fenómeno meteorológico de El Niño ya comenzó, informó este jueves la Administración Nacional Oceánica y Atmosférica de Estados Unidos (NOAA). Los científicos prevén que se intensifique hacia finales de año y que podría alcanzar niveles históricos.
El Niño es un fenómeno climático natural que provoca el aumento de las temperaturas superficiales del océano Pacífico ecuatorial y genera cambios en los patrones de viento y lluvia a escala mundial, además de condiciones meteorológicas más extremas y erráticas.
Los expertos advierten que este fenómeno añade más calor a un planeta que ya enfrenta un acelerado proceso de calentamiento debido a la quema de combustibles fósiles, lo que podría intensificar eventos climáticos extremos.
En su informe más reciente, la NOAA señaló que ""durante el último mes se desarrollaron condiciones propias de El Niño"", reflejadas en temperaturas de la superficie del mar superiores al promedio en el Pacífico ecuatorial.
La agencia también indicó que existe un 63% de probabilidad de que entre noviembre y enero se registre un episodio de El Niño muy intenso, ubicándose entre los más fuertes observados desde 1950.
Aunque cada episodio de El Niño es diferente, los eventos más intensos suelen estar asociados a patrones climáticos recurrentes.
Entre ellos figuran sequías en zonas de la Amazonía, Indonesia y Australia, alteraciones en los vientos monzónicos de India y cambios significativos en los regímenes de lluvias de diversas regiones tropicales.
El fenómeno suele presentarse cada dos a siete años y tiene una duración aproximada de entre nueve meses y un año.
Generalmente, alcanza su máxima intensidad hacia finales de año. Sin embargo, el calor acumulado en los océanos tarda más tiempo en liberarse hacia la atmósfera, por lo que las temperaturas globales suelen incrementarse durante el año siguiente.
Por esta razón, numerosos climatólogos consideran posible que 2027 pueda convertirse en el año más cálido jamás registrado.
Al igual que la NOAA, expertos meteorológicos de distintos países coinciden en que las probabilidades apuntan a un evento particularmente fuerte.
""En esta etapa, las probabilidades apuntan claramente a un evento de intensidad moderada a fuerte, o probablemente de fuerte a récord"", afirmó Carlo Buontempo, director del Servicio de Cambio Climático del observatorio europeo Copernicus.
Tras la publicación del pronóstico, Mohamed Adow, director del centro de estudios climáticos y energéticos Power Shift Africa, aseguró que para millones de personas no se trata de una simple previsión meteorológica.
""Es una sirena mortal que debe inspirar temor"", expresó.
Según Adow, un episodio intenso de El Niño podría traducirse en lluvias insuficientes, pérdida de cosechas, aumento de los precios de los alimentos y mayores dificultades para millones de familias vulnerables.
A principios de este mes, el secretario general de la ONU, António Guterres, instó a los gobiernos a considerar este fenómeno como una seria advertencia sobre la crisis climática.
""Las condiciones de El Niño echarán más leña al fuego de un mundo que se calienta"", señaló.
Guterres insistió en que la respuesta pasa por acelerar las medidas de mitigación y adaptación climática.
""La única respuesta eficaz es una acción climática a la altura de la crisis: acabar con la dependencia de los combustibles fósiles, acelerar la transición hacia energías renovables, proteger a los más vulnerables e implementar sistemas de alerta temprana para todos"", concluyó."
2026-06-11,TVN,EEUU dice haber neutralizado un tercer petrolero por violar el bloqueo a puertos iraníes,mundo,"Estados Unidos atacó y dejó fuera de servicio otro petrolero comercial que intentaba eludir su bloqueo a los puertos iraníes, el tercero en esta semana, informó el jueves el Comando Central de Estados Unidos (Centcom).
El Centcom agregó que se trataba del noveno ataque de este tipo desde que comenzó el bloqueo.
Las fuerzas estadounidenses ""actuaron contra el M/T Jalveer, con bandera de Guinea-Bisáu, cuando intentaba transportar petróleo desde Irán a través del golfo de Omán"", informó el Centcom.
""Un avión estadounidense disparó dos misiles Hellfire contra la sala de máquinas del barco después de que la tripulación incumpliera repetidamente las instrucciones de las fuerzas estadounidenses"".
Según el Centcom, el ataque ocurrió alrededor de las 03H20 GMT del jueves, horas de la mañana en la región.
El Centro de Operaciones de Comercio Marítimo del Reino Unido (UKMTO) reportó este jueves un incendio en un petrolero a 21 millas náuticas al noreste de Sohar, Omán. La embajada india en el país señaló que la marina omaní estaba evacuando a los tripulantes.
Según la empresa británica de seguridad marítima Vanguard, el petrolero llevaba 20 tripulantes a bordo.
Este último ataque se produjo tras uno similar el miércoles frente a la costa de Omán. Tres tripulantes indios murieron, lo que llevó al gobierno indio a protestar por vía diplomática.
El ejército estadounidense indicó que desde el inicio del bloqueo, el 13 de abril, ha ""desviado 135 barcos que cumplieron las órdenes y permitieron el paso de 42 embarcaciones que prestaban apoyo a la ayuda humanitaria""."
2026-06-11,TVN,Los aliados del G7 buscan reducir la brecha con Trump en su cumbre en Francia,mundo,"Las potencias del G7 intentarán reducir las diferencias que las separan del imprevisible presidente estadounidense Donald Trump en torno a las guerras en Oriente Medio y Ucrania, además de reforzar los vínculos con los países emergentes durante una cumbre que se celebrará la próxima semana a los pies de los Alpes franceses.
En la ciudad termal de Evian, bajo estrictas medidas de seguridad, los líderes de Francia, Estados Unidos, Alemania, Canadá, Italia, Japón y el Reino Unido debatirán durante tres días sobre los desequilibrios económicos globales y la regulación digital, en unas conversaciones que se anticipan complejas debido a las posiciones de Trump.
Francia también invitó a varios líderes del sector tecnológico mundial, entre ellos Sam Altman, director ejecutivo de OpenAI, a participar en un almuerzo el miércoles para impulsar iniciativas relacionadas con la regulación digital y la prohibición del acceso a redes sociales para menores de 15 o 16 años.
Sin embargo, el presidente francés, Emmanuel Macron, también convocó a algunas sesiones a su homólogo brasileño, Luiz Inácio Lula da Silva, así como a los líderes de Corea del Sur, India y Kenia, con el objetivo de evitar que el foro sea percibido como un bloque enfrentado a las economías emergentes.
La cumbre marcará el primer gran encuentro transatlántico desde que Estados Unidos e Israel iniciaron una ofensiva militar contra Irán en febrero, conflicto que agravó unas relaciones ya tensas por la guerra comercial impulsada por Washington y sus aspiraciones sobre Groenlandia.
Los países europeos, junto con Canadá y Japón, no han respaldado esta guerra y prevén insistir en la reapertura inmediata del estrecho de Ormuz, cuyo cierre ha provocado un aumento en los precios internacionales de los combustibles.
A las conversaciones también se incorporarán representantes de Egipto, Arabia Saudita, Emiratos Árabes Unidos y Catar.
Por otro lado, los miembros europeos del G7 esperan que Trump les permita asumir un papel más activo en la gestión del conflicto en Ucrania.
""Hay que reconstruir la convergencia en el G7"" respecto al respaldo a Kiev, afirmó Macron.
El objetivo de los europeos es convencer al mandatario estadounidense de apoyar al presidente ucraniano, Volodímir Zelenski, y su propuesta de diálogo directo con el presidente ruso, Vladimir Putin, así como de abandonar la exigencia de que Ucrania ceda a Rusia la totalidad de la región del Donbás.
Zelenski podría asistir a la cumbre el próximo martes.
La organización del encuentro a orillas del lago Lemán ha estado marcada por el interés de evitar nuevas tensiones con Trump, quien en 2018 retiró su apoyo al comunicado final del G7 y abandonó anticipadamente la cumbre celebrada el año pasado en Canadá mientras lanzaba críticas contra Macron.
Las autoridades francesas esperan que el mandatario estadounidense participe durante los tres días del encuentro e incluso acepte una cena bilateral con Macron el miércoles por la noche, ya sea en París o en el Palacio de Versalles.
Inicialmente, la cumbre estaba prevista para comenzar el 14 de junio, fecha en la que Trump celebró su cumpleaños número 80. Sin embargo, el inicio fue aplazado para facilitar la organización de un evento de Artes Marciales Mixtas (MMA) en la Casa Blanca.
Diversas organizaciones no gubernamentales también criticaron la decisión del gobierno francés de relegar el tema del cambio climático para evitar confrontaciones con el presidente estadounidense.
Otro de los temas centrales será la reducción de los grandes desequilibrios macroeconómicos mundiales.
Según explicó Macron, el mensaje para China será que adopte reglas más equitativas en materia de subsidios empresariales y estimule su mercado interno. A Estados Unidos se le planteará que los aranceles comerciales fueron una mala decisión y que deberían eliminarse progresivamente. A Europa, por su parte, se le pedirá acelerar las inversiones y simplificar regulaciones.
Aunque Macron ha defendido un enfoque basado en la cooperación internacional, ya había advertido en diciembre sobre la posibilidad de imponer aranceles europeos a productos chinos si Pekín no muestra disposición a colaborar.
Debido a que China no forma parte del G7, Francia organizó para este jueves una reunión virtual previa denominada ""cumbre de convergencias"", con la participación de un alto representante chino y delegados de otros países emergentes."
2026-06-11,TVN,Suecia retira su propuesta de bajar a 13 años la edad mínima para entrar en prisión,mundo,"El gobierno conservador sueco retiró este jueves una propuesta polémica consistente en rebajar la edad mínima de ingreso en prisión de los 15 a los 13 años, alegando falta de apoyo en el Parlamento.
El ministro de Justicia, Gunnar Strömmer, anunció que el gobierno presentará una propuesta revisada en las próximas semanas para bajar la edad a 14 años, y dijo esperar que el Parlamento apruebe la medida antes de agosto.
Desde su llegada al poder en 2022, el ejecutivo minoritario en el Parlamento, respaldado por el partido de ultraderecha Demócratas de Suecia, ha convertido la lucha contra la delincuencia en una prioridad.
""Las cosas son un poco inciertas en el Parlamento, y por eso hemos decidido actuar con responsabilidad en esta situación, retirando el proyecto de ley esta mañana"", declaró Strömmer a los periodistas.
Suecia lleva más de una década sacudida por el crimen organizado violento, vinculado a la rivalidad entre bandas y al narcotráfico.
Estas redes, poco estructuradas, reclutan cada vez a más menores de 15 años, a menudo a través de internet, para que lleven a cabo atentados o tiroteos, sabiendo que no serán encarcelados si son capturados.
La propuesta, que el Parlamento iba a votar el 15 de junio, había recibido duras críticas en un país conocido por defender los derechos de los niños.
De las 126 autoridades y organizaciones consultadas por el gobierno antes de presentar el proyecto, la mayoría se mostró crítica o contraria a la medida, incluyendo la policía y el servicio penitenciario.
Un comisionado designado por el Gobierno había recomendado inicialmente bajar la edad a 14 años solo para delitos graves, pero el ejecutivo decidió dar un paso más y reducirla a 13."
2026-06-11,TVN,Familiares de desaparecidos se manifiestan en México a horas del inicio del Mundial 2026,mundo,"Casi un millón de personas, la mayoría familiares de desaparecidos, se manifestaron la noche de este miércoles cerca del estadio Azteca de Ciudad de México, donde al mediodía del jueves arranca el Mundial de fútbol de Norteamérica 2026.
Cerca de la medianoche, la multitud se mantenía en una de las avenidas que conduce al coloso deportivo, pero un fuerte despliegue policial los mantenía alejados del lugar, constató un periodista de la AFP.
La presidenta Claudia Sheinbaum ""nada más ve por su fútbol"", dijo a la AFP María de Jesús Soria Aguayo, quien busca a su hijo, desaparecido en el estado de Veracruz (este) hace una década.
""Es desaparición tras desaparición y ella no ha hecho nada"", reclamó la mujer.
La policía capitalina implementó un cerco policial que se mantuvo a la columna a poco más de un kilómetro de los accesos al estadio Azteca, que espera recibir aficionados desde temprana hora.
Los manifestantes lanzaron consignas contra el gobierno y aunque por momentos se vivieron momentos de tensión, no hubo confrontaciones directas.
Un grupo de jóvenes formaron una cruz sobre el pavimento con las coloridas flores de cempasúchil, utilizadas en las ofrendas a los muertos y que fueron plantadas fuera de temporada como parte de las celebraciones por la copa de fútbol.
El gobierno de México ha enfrentado largas semanas de protestas sociales, sobre todo de un sector del sindicato de maestros que exige mejoras laborales.
Para este jueves se esperan movilizaciones de maestros, estudiantes, familiares de desaparecidos, transportistas, campesinos y jubilados.
Las autoridades federales y locales han señalado que permitirán las protestas pacíficas, pero impedirán que pasen del perímetro de una milla en torno al Azteca y al que solo podrán acceder quienes tengan boleto para el partido inaugural.
Algunos de los manifestantes amagaron con quedarse a acampar en el lugar."
2026-06-11,TVN,Irán considera la tregua 'prácticamente irrelevante' y cierra el estrecho de Ormuz,mundo,"Irán advirtió este jueves que la frágil tregua en Oriente Medio se ha vuelto ""prácticamente irrelevante"" y decretó el cierre total del estrecho de Ormuz tras la última serie de ataques cruzados con Estados Unidos.
En vigor desde el 8 de abril, tras más de un mes de bombardeos israeloestadounidenses sobre Irán y represalias de Teherán en la región, el alto el fuego se había respetado en gran medida, pese a las declaraciones amenazantes de ambas partes.
Sin embargo, desde el domingo la situación escaló. Primero se produjo una nueva confrontación entre Irán e Israel y posteriormente ataques directos entre la república islámica y Estados Unidos, que comenzaron el martes por la noche y continuaron este jueves.
Es ""difícil mantenerse optimista"", resumió el portavoz de la Cancillería de Pakistán, país que ha mediado entre Washington y Teherán, al tiempo que llamó a retomar la diplomacia y el diálogo.
Una delegación catarí partió este jueves de Teherán, donde había llegado el miércoles para intentar impulsar una salida diplomática que ahora parece estancada. En las últimas horas, países como China, Rusia y Arabia Saudita han pedido un regreso urgente a la mesa de negociación.
Los ataques de Estados Unidos ""convierten la tregua en algo prácticamente irrelevante"", afirmó la Cancillería iraní en un comunicado emitido tras la segunda noche consecutiva de bombardeos sobre su territorio.
Poco después, la autoridad iraní encargada de supervisar el estrecho de Ormuz confirmó el cierre total de esta vía marítima ""hasta nueva orden"", tal como habían advertido la víspera los Guardianes de la Revolución.
Desde el 28 de febrero, cuando los ataques israeloestadounidenses desencadenaron la guerra, Irán ha restringido significativamente la navegación por este corredor estratégico para el comercio mundial de hidrocarburos, aunque hasta ahora permitía el paso de aproximadamente veinte buques diarios.
Durante la última noche, el ejército estadounidense aseguró haber atacado ""centros de vigilancia militar iraníes, sistemas de comunicación e instalaciones de defensa aérea en todo el país"".
Tres personas resultaron heridas, según medios iraníes, que reportaron explosiones en la isla de Qeshm, así como en Minab, Sirik y el puerto de Bandar Abás, en el sur del país.
Irán respondió con el lanzamiento de una veintena de misiles contra una base estadounidense en Jordania, los cuales fueron interceptados, además de nuevos ataques dirigidos contra países del Golfo aliados de Washington.
En Baréin, una niña resultó herida por restos de un dron. Kuwait, por su parte, cerró temporalmente su espacio aéreo debido a proyectiles iraníes.
La nueva escalada comenzó el martes, luego de que el presidente estadounidense Donald Trump anunciara nuevamente que un acuerdo estaba próximo. Según un recuento de CNN, se trata de la ocasión número 38 en que el mandatario asegura que un pacto es inminente desde el inicio de la guerra.
""Estamos realmente cerca de un acuerdo, pero seguimos dándonos largas, seguimos tomándonos por imbéciles"", declaró Trump el miércoles ante periodistas.
El secretario de Defensa de Estados Unidos, Pete Hegseth, acusó a Irán de ""jugar al gato y al ratón"" durante las conversaciones.
""Si tenemos que negociar a base de bombas, negociaremos con bombas, y somos muy buenos en eso"", advirtió.
Lejos de ceder, los Guardianes de la Revolución, el poderoso cuerpo militar ideológico de Irán, amenazaron con atacar cualquier embarcación que intentara cruzar el estratégico estrecho de Ormuz.
Posteriormente, la Marina iraní informó sobre acciones contra ""dos navíos"" que habrían intentado atravesar la zona ""ilegalmente"".
La agencia británica de transporte marítimo UKTMO reportó un buque en llamas frente a las costas de Omán, aunque sin ofrecer mayores detalles.
El día anterior, un petrolero había sido atacado por fuerzas estadounidenses que mantienen un bloqueo naval sobre Irán.
Según el ejército norteamericano, la embarcación intentaba evadir las restricciones para exportar petróleo iraní. Nueva Delhi informó que tres marineros indios murieron en el incidente.
Estados Unidos e Irán ya se habían atacado mutuamente entre la noche del martes y la madrugada del miércoles. Asimismo, el domingo y el lunes se registraron ataques directos entre Israel e Irán por primera vez desde la implementación de la tregua.
El detonante fue un bombardeo israelí contra los suburbios de Beirut, bastión del movimiento proiraní Hezbolá, que en marzo abrió un segundo frente en la guerra al atacar a Israel en apoyo a Teherán.
La república islámica insiste en que cualquier acuerdo de paz para poner fin al conflicto regional debe incluir también un alto el fuego en Líbano, donde las operaciones israelíes han dejado más de 3.600 muertos durante esta guerra."
2026-06-11,TVN,Los científicos alertan de una aceleración del calentamiento global y de la subida del nivel del mar,mundo,"El calentamiento global se está acelerando y el nivel del mar está subiendo cada vez más rápido, advirtió este jueves un destacado grupo de científicos, que teme además que los recortes presupuestarios pongan en peligro varios sistemas clave de observación del clima.
Sin una reducción del ritmo de emisiones de gases de efecto invernadero, advierten, el umbral de un calentamiento de 1,5 °C se alcanzará en torno a 2030, indica la cuarta edición de un estudio de referencia que se publica anualmente.
Más de 70 científicos de 17 países, varios de ellos autores del IPCC (el grupo de expertos en clima designados por la ONU), han actualizado 12 indicadores clave del calentamiento global.
""Estos indicadores constituyen un seguimiento esencial de los signos vitales de un paciente con síntomas cada vez más preocupantes"", subraya Peter Thorne, profesor de geografía física en la Universidad de Maynooth, en Irlanda, y miembro del IPCC.
El problema es que los sistemas de observación están ""debilitados o amenazados por decisiones geopolíticas o relacionadas con la financiación pública"", destacó Valérie Masson-Delmotte, paleoclimatóloga francesa y ex copresidenta de un grupo de trabajo del IPCC.
En 2025, el calentamiento global alcanzó 1,39 °C respecto al período preindustrial (1850-1900), de los cuales 1,37 °C son atribuibles al ser humano, estiman los investigadores.
Con un ritmo de 0,27 °C de calentamiento de origen antropogénico por década, la ""rapidez del calentamiento causado por el ser humano sigue en su nivel más alto hasta la fecha"", señala el estudio, publicado en la revista Earth System Science Data.
El ""desequilibrio energético de la Tierra"", es decir la diferencia entre la energía solar que entra y la que se devuelve al espacio, se ha duplicado en las últimas décadas.
""Sin influencia humana, debería estar cerca de cero, pero ha aumentado desde los años 1970 y hoy alcanza un nivel récord"", explica Piers Forster, profesor de climatología física en la Universidad de Leeds (Reino Unido) y coordinador del informe.
El rápido calentamiento se debe a dos factores: las emisiones récord de gases de efecto invernadero por la quema de combustibles fósiles, y la reducción de la contaminación por aerosoles, que debilita el efecto de enfriamiento que estas partículas generan al reflejar la radiación solar.
Aunque ""algunos elementos indican que el crecimiento de las emisiones de CO₂ se está ralentizando"", esto no será suficiente para limitar el calentamiento global a 1,5 °C, como se estableció en el Acuerdo de París de 2015.
Sin una reducción en el ritmo de las emisiones, este umbral se alcanzará hacia 2030, estiman.
""Dado que las emisiones de gases de efecto invernadero siguen aumentando, mantener el calentamiento por debajo de este umbral parece ahora imposible"", resume Aurélien Ribes, climatólogo de Météo-France, la agencia meteorológica francesa.
Por otro lado, el nivel del mar ha subido 23 cm entre 1901 y 2025, según las últimas mediciones, a un ritmo que se ha duplicado, alcanzando ahora 3,84 mm por año.
El número anual de días con olas de calor marinas se ha más que triplicado desde 1991, llegando a 65 días en 2025.
Este informe anual proporciona a la comunidad internacional los datos más actualizados, utilizando las metodologías del IPCC y sin esperar a los próximos informes del panel de la ONU, previstos a partir de 2028.
Se basa en unos cuarenta conjuntos de datos provenientes de satélites y una amplia gama de instrumentos terrestres, marítimos y aéreos, como estaciones meteorológicas, barcos, boyas y globos sonda.
Sin embargo, debido a recortes presupuestarios, varios programas satelitales y de observación de la Tierra están en peligro, especialmente en Estados Unidos.
El informe también señala que la financiación de la Organización Meteorológica Mundial (OMM) ha disminuido, que la del Programa Mundial de Investigación del Clima (PMIC) se ha reducido a la mitad y que el Sistema Mundial de Observación del Clima ""también está amenazado""."
2026-06-11,TVN,El papa llega a Canarias para lanzar un mensaje al mundo en defensa de los inmigrantes,mundo,"El papa León XIV llegó este jueves a las islas Canarias, donde se reunirá con inmigrantes que sobrevivieron a la peligrosa ruta atlántica, para lanzar un mensaje al mundo en favor de su acogida, en la última etapa de su visita a España.
El avión que trajo al sumo pontífice desde Barcelona aterrizó a las 09H40 GMT en el aeropuerto militar de Gran Canaria.
De allí será llevado al puerto de Arguineguín, por donde suelen entrar a esta isla los inmigrantes irregulares que llegan en sus precarias embarcaciones desde África.
""No soy cristiana, soy musulmana, pero estoy muy feliz"" de poder ver al papa, dijo a la AFP en Arguineguín Kaddijatou Jattaa, una gambiana de 16 años que llegó el año pasado en patera desde Senegal.
""Quiero concentrarme en ir a la escuela, para poder aprender el idioma"" y tener documentos, ""empezar a trabajar y así podré ayudar a mi familia"", sus padres, hermanas y abuela que se quedaron en Senegal, dice la joven.
Mohamed Amjahdi, llegado hace 20 años desde Marruecos y actualmente miembro de la Comisión Islámica Española, valoró la labor de la Iglesia católica hacia los inmigrantes"", sin ""diferencia, si es cristiano, blanco, todos reciben lo mismo"".
""Pasé también por la misma experiencia. Entonces, utilizando mi experiencia, estoy diciendo que por eso la visita del papa es muy importante"", agregó.
En Canarias, León XIV cumple un anhelo de su predecesor Francisco, el pontífice argentino que murió sin poder realizar el viaje.
En 2024, un año récord, más de 46.000 personas desafiaron el mar en precarias barcazas y llegaron a estas islas, muy próximas a las costas del noroeste de África.
En Arguineguín, junto al presidente del Gobierno español, Pedro Sánchez, y otras autoridades, León XIV escuchará el testimonio de inmigrantes, pronunciará unas palabras y realizará una ofrenda floral, en un acto bautizado como ""Encuentro con las Realidades de Acogida a los Migrantes"".
""En su momento, aquí sufrimos muchas emociones. Seguimos sufriendo muchas emociones. Emociones de alegría"" cuando los inmigrantes llegan a salvo, pero también de tristeza, cuando ""llegan a pie de muelle y fallecen o han llegado fallecidos"" a tierra, dijo a la AFP José Antonio Rodríguez Verona, responsable regional de Cruz Roja a cargo de la primera atención de los inmigrantes.
El año pasado casi 1.200 migrantes murieron o desaparecieron en la ruta hacia Canarias, según la Organización Internacional para las Migraciones.
""El papa Francisco nos escribió una carta"" en la que decía querer ""poner un foco de luz al problema o a la realidad de la migración"", explicó a la AFP José Mazuelos, obispo de la diócesis de Canarias.
""El puerto de Arguineguín, que es el llamado 'puerto de la vergüenza', porque allí se hacinaron más de tres mil personas que llegaron a la vez"" durante la pandemia de Covid-19, era ""un sitio emblemático"" para hacerlo, concluyó el obispo.
La presencia de León XIV allí busca ""cambiar esa imagen de muelle de la vergüenza, que fue consecuencia de una mala gestión del sistema de acogida humanitaria, para convertirlo en el muelle de la integración"", explicó a la AFP Caya Suárez, secretaria general de Cáritas de Canarias.
""El papa es un representante icónico para mí"", explicó la peruana Cecilia Tinoco, de 33 años, una inmigrante que vive en Canarias y verá a León XIV en Aguineguín.
""Él ha sido un papa emigrante. Él ha vivido en Perú"", argumentó, recordando el pasado del pontífice como obispo de la diócesis peruana de Chiclayo.
En un momento de endurecimiento de las políticas de acogida de inmigrantes en numerosos países, con excepciones escasas como la de España, León XIV ya se refirió a este tema el lunes en su discurso ante el Parlamento, en Madrid.
""Es indispensable una respuesta coordinada, solidaria y eficaz, capaz de garantizar protección, acogida y oportunidades reales de integración"" a los inmigrantes, dijo, reclamando esfuerzos internacionales.
El jueves será la penúltima jornada del viaje del papa por España, en una visita que desde el sábado lo ha llevado a Madrid, Barcelona y Gran Canaria. Concluye el viernes en otra isla del archipiélago, Tenerife, donde también acudirá a un centro de inmigrantes."
2026-06-11,TVN,Matan a cinco policías en región indígena de México azotada por crimen organizado,mundo,"Cinco policías murieron y cinco más resultaron lesionados este miércoles tras ser atacados a tiros por desconocidos en una región indígena del estado de Michoacán, distrito del oeste de México azotado por el crimen organizado, informó el gobierno estatal.
La camioneta en la que viajaban tiene numerosos impactos de bala, según imágenes a las que tuvo acceso la AFP. La agresión ocurrió en el municipio de Nahuatzen, una región habitada por la etnia purépecha y donde operan bandas criminales como el poderoso Cártel Jalisco Nueva Generación.
Michoacán, del tamaño de Costa Rica, es el epicentro de una millonaria industria agroexportadora y posee además un importante puerto en su costa Pacífica, lo que atrae a la extorsión, el narcotráfico y la violencia.
Su capital, Morelia se localiza a unos 300 kilómetros de Guadalajara y de Ciudad de México, dos de las sedes del Mundial de fútbol de Norteamérica.
La policía estatal inició un operativo en la región para localizar a los responsables del ataque, informó la secretaría de Seguridad local en sus redes sociales."
2026-06-11,TVN,Trump anuncia ataques contra Irán por burlarse de EEUU con el acuerdo de paz,mundo,"El presidente Donald Trump afirmó el miércoles que Estados Unidos reanudará los ataques contra Irán, tras acusar a Teherán de burlarse de Washington, en tanto el secretario general de la ONU advirtió contra el riesgo de regresar a una ""guerra total"" en Oriente Medio.
La guerra, que comenzó el 28 de febrero con ataques estadounidenses e israelíes contra Irán, sumió a la región en el caos y sacudió a los mercados globales. Una tregua vigente desde el 8 de abril ha estado marcada por estallidos de violencia.
""Vamos a atacarlos... atacarlos muy duro"", dijo Trump a los periodistas en el Despacho Oval y añadió que será desde ""hoy"" miércoles. ""Estábamos realmente cerca de un acuerdo, pero siguen dándonos largas, siguen tomándonos por imbéciles"", se quejó.
En vísperas del inicio del Mundial de fútbol, en el que la selección iraní jugará en suelo estadounidense, más temprano el martes Trump había acusado a Irán de haber ""tardado demasiado"" en negociar un acuerdo, por lo cual ""tendrán que pagar el precio"".
El martes había dicho que un acuerdo para acabar con más de tres meses de guerra llegaría en ""dos o tres días"", pero la madrugada del miércoles hubo fuego cruzado.
Trump también afirmó en Fox News que cada vez más considera lanzar ataques contra centrales eléctricas y puentes iraníes.
""Las infraestructuras críticas son vitales. Las amenazas de atacarlas (...) no son una demostración de fuerza, sino un signo de desesperación"", afirmó el presidente iraní Masud Pezeshkian en X.
Irán había reivindicado anteriormente ataques contra bases estadounidenses en Baréin y Jordania en respuesta a bombardeos de Estados Unidos en su territorio, desencadenados a su vez por el derribo el lunes de un helicóptero norteamericano atribuido a Teherán.
En Kuwait, el ejército afirmó enfrentarse a ""objetivos aéreos hostiles"" sin precisar su procedencia. Las autoridades en Baréin dijeron haber interceptado varios ataques, mientras que el ejército jordano reportó la destrucción de cinco misiles que tenían como objetivo la localidad de Azraq, donde se encuentra una base estadounidense.
Por su parte, India anunció el miércoles que tres tripulantes indios estaban desaparecidos tras un ataque reivindicado por el ejército estadounidense contra un petrolero frente a las costas de Omán, que, según Washington, intentaba romper el bloqueo de Estados Unidos a puertos iraníes.
El mando militar estadounidense identificó la embarcación como el M/T Settebello, con pabellón de Palaos.
El secretario general de la ONU, Antonio Guterres, lamentó ""la escalada de los ataques y de la retórica en las últimas 48 horas"" y advirtió contra un deslizamiento hacia una ""guerra total"" en el Golfo.
Sin embargo, negociadores de Catar, uno de los países mediadores entre Washington y Teherán, viajaron el miércoles a la capital iraní, indicó a la AFP un diplomático al tanto de las conversaciones.
La reciente escalada provocó llamamientos a la moderación por parte de Rusia y China, aliados de Irán.
Los bombardeos estadounidenses en represalia por el ataque al helicóptero —que sobrevolaba el estrecho de Ormuz, aún bloqueado por Irán— tuvieron como objetivo, en la noche del martes al miércoles, las ciudades de Jask y Sirik y la isla de Qeshm, en la costa sur de Irán.
En el tema nuclear, uno de los principales puntos de discordia entre Teherán y Washington, la Junta de Gobernadores del Organismo Internacional de Energía Atómica (OIEA) aprobó en Viena una resolución que exige a Irán proporcionar ""información completa"" sobre ""los inventarios de material nuclear"".
La adopción del texto es ""contraproducente en la situación actual"", dijo a la AFP el representante permanente de Irán ante las Naciones Unidas en Viena, Reza Najafi.
El primer ministro israelí, Benjamin Netanyahu, llamó el miércoles a los libaneses a sumarse a la lucha de Israel contra Hezbolá, al afirmar que su país ha sido ""tomado como rehén"" por este grupo islamista proiraní.
Tras bombardeos israelíes sobre Beirut, Irán e Israel se atacaron el domingo y el lunes, por primera vez desde la entrada en vigor del alto el fuego del 8 de abril.
Teherán exige que Líbano, donde Hezbolá se enfrenta desde el 2 de marzo a Israel, sea incluido en cualquier acuerdo para poner fin a la guerra en Oriente Medio.
Más de 3.600 personas murieron en Líbano en los bombardeos israelíes desde el inicio de la guerra.
El miércoles, la ONU anunció el envío de una misión para investigar las violaciones de los derechos humanos en el país.
Los precios del petróleo volvieron a subir el miércoles impulsados por las declaraciones beligerantes de Trump, aunque el barril sigue por debajo de los 100 dólares."
2026-06-11,TVN,"‘Nunca victimicé a nadie’, dijo Bill Gates en una audiencia sobre el caso Epstein",mundo,"El cofundador de Microsoft Bill Gates negó este miércoles tener conocimiento sobre conductas delictivas de Jeffrey Epstein y haber ""victimizado"" él mismo a nadie, al declarar en el Congreso de Estados Unidos a puertas cerradas sobre sus vínculos con el difunto delincuente sexual.
""Nunca presencié ni tuve indicio alguno de que Epstein estuviera involucrado en conductas delictivas en curso. Nunca fui a su isla, a su hacienda, ni a su casa en Florida. Nunca victimicé a nadie"", dijo Gates en su declaración, difundida al comienzo del interrogatorio en el Comité de Supervisión de la Cámara de Representantes y publicada en su sitio GatesNotes.
Tras más de cinco horas de audiencia, Gates abandonó el Capitolio en Washington sin hablar con la prensa.
Su nombre figura en los documentos publicados por el Departamento de Justicia, que revelaron amistades cercanas, operaciones financieras ilícitas y fotos privadas de Epstein con prominentes personalidades.
El financiero neoyorquino fue hallado muerto en su celda en 2019 mientras esperaba ser juzgado por cargos de tráfico sexual que involucraban a menores de edad. En 2008 había sido condenado por solicitar servicios de prostitución a una menor.
El comité solicitó la comparecencia de Gates después de que documentos publicados por el Departamento de Justicia plantearan nuevas dudas sobre sus contactos con Epstein.
El presidente Donald Trump, quien mantuvo una relación de años con Epstein, se opuso a la divulgación de los archivos, lo que provocó acusaciones de encubrimiento que marcaron su primer año en el cargo.
Gates declaró que apoyaba su publicación y esperaba que las víctimas de los crímenes de Epstein obtuvieran justicia.
Explicó a los legisladores que fue presentado a Epstein en 2011 por personas de su confianza en el ámbito profesional y filantrópico, y que aceptó el contacto porque el financista afirmaba que podía recaudar miles de millones de dólares para proyectos de salud mundial.
""Recuerdo ser consciente de que Epstein había enfrentado problemas legales previos, pero no comprendía plenamente el alcance de los delitos que cometió"", dijo. ""Acepté la presentación sin aplicar el escrutinio que debería haber aplicado"".
Gates señaló que mantuvo conversaciones y reuniones con Epstein sobre donaciones benéficas entre 2011 y 2014.
Sin embargo, aclaró que no se creó ningún mecanismo para las donaciones, no se recaudó dinero y sus interacciones finalizaron en diciembre de 2014.
""Nunca debí haberme reunido con Epstein en primer lugar"", afirmó Gates.
Los archivos sobre Epstein incluyen un borrador de correo electrónico de 2013 en el que el financiero parece sugerir que había ayudado a Gates a gestionar consecuencias de relaciones extramatrimoniales, incluso buscando antibióticos tras una infección de transmisión sexual.
Gates calificó de falso el correo electrónico y negó las acusaciones, pero reconoció este miércoles que Epstein había obtenido información confidencial sobre su vida personal, incluido el hecho de que había sido infiel en su matrimonio.
Acusó a Epstein de intentar utilizar información sobre sus infidelidades -""además de muchas mentiras que añadió a la historia""- para presionarlo a retomar el contacto.
""No tuvo éxito en este intento, pero demuestra algunas de las formas en que trató de aprovechar sus interacciones conmigo para promover sus propios objetivos"", afirmó.
Gates declaró que ahora comprendía que Epstein había buscado construir ""una imagen de legitimidad"" en torno a sí mismo mediante vínculos con personas influyentes y de buena reputación. ""Si el tiempo que pasé con Epstein le otorgó cierta credibilidad, lo lamento profundamente"", dijo.
El Comité de Supervisión de la Cámara de Representantes está analizando cómo gestionó el gobierno el caso Epstein y lo que ha divulgado de sus archivos.
Bill y Hillary Clinton, así como el secretario de Comercio, Howard Lutnick, ya han prestado testimonio.
Al salir de la entrevista, el congresista republicano Tim Burchett sugirió que Gates parecía haber sido ""bien asesorado"" y había revelado poca información, sin aportar nombres nuevos a quienes investigan el entorno de Epstein.
Sin embargo, Robert García, el demócrata de mayor rango en el comité, señaló que Gates les había ""proporcionado información sobre otras personas que formaban parte del entorno de Epstein"". ""Hasta ahora, Gates ha colaborado respondiendo a nuestras preguntas"", declaró a la prensa."
2026-06-10,TVN,Canadá presenta proyecto de ley para prohibir redes sociales a menores de 16 años,mundo,"El gobierno de Canadá presentó el miércoles un proyecto de ley que contempla fijar en 16 años la edad mínima para crear cuentas en redes sociales.
""La seguridad de los niños no puede ser una consideración secundaria. Todos sabemos que el contenido dañino en línea puede tener consecuencias muy graves"", declaró el ministro de Cultura, Marc Miller.
""A medida que la tecnología evoluciona, debemos asegurarnos de que nuestras leyes se adapten, porque los padres no pueden afrontar estos desafíos solos"", añadió Miller en un comunicado.
""Las redes sociales y los chatbots con inteligencia artificial no promueven un desarrollo saludable en los niños y se han convertido en una fuente de ansiedad, aislamiento, depresión y muchos otros problemas de salud mental para muchos jóvenes"", dijo a su vez Marjorie Michel, ministra de Salud.
Australia se convirtió en el primer país en prohibir el uso de redes sociales a menores en diciembre de 2025 para protegerlos de los temidos efectos nocivos en su salud mental, con resultados hasta el momento dispares.
El Alto Comisionado de las Naciones Unidas para los Derechos Humanos advirtió el 29 de mayo que prohibir el acceso de los menores a las redes sociales no era suficiente e instó a los gobiernos y las empresas a diseñar plataformas más seguras."
2026-06-10,TVN,Vance dice que Netanyahu ha ‘cometido algunos errores’,mundo,"El vicepresidente estadounidense, JD Vance, reconoció diferencias con el primer ministro de Israel, Benjamin Netanyahu, y afirmó que el líder israelí ha ""cometido algunos errores"" en la guerra en Oriente Medio, según un extracto de una entrevista emitido el miércoles
Vance enfatizó que Israel es un estrecho aliado de Estados Unidos, pero destacó que ""algunas veces tenemos intereses que están perfectamente alineados y otras tenemos intereses que no coinciden"", según un video publicado en X por CBS News.
""Lo que he visto con el primer ministro es que defiende con gran firmeza los intereses de su país"", dijo Vance en la entrevista que se emitirá completa el domingo. ""A veces eso significa que estamos de acuerdo y otras veces significa que no lo estamos"".
Las relaciones entre el presidente estadounidense, Donald Trump, y Netanyahu se han tensado en las últimas semanas. Trump llegó incluso a calificar al líder israelí de ""loco"" en una llamada telefónica, según el medio Axios.
Netanyahu dio luz verde a ataques contra Irán el fin de semana, en contra de la voluntad de Trump.
""Ellos han sido un gran socio en muchos aspectos, pero también tenemos que enfocarnos en lo que es el mayor interés para Estados Unidos, y en donde esto diverge, nosotros -desafortunadamente para los israelíes- tenemos que escoger el bando del pueblo de Estados Unidos"", dijo Vance.
Al preguntársele si Netanyahu había cometido errores en la forma en que ha trabajado con Washington sobre Irán, el vicepresidente dijo que ""sin duda ha hecho algunas cosas mal"", pero se negó a ser específico.
""Creo que esas conversaciones es mejor algunas veces dejarlas en privado"", zanjó."
2026-06-10,TVN,La policía usa cañones de agua en segunda noche de protestas en Irlanda del Norte,mundo,"La policía dispersó con cañones de agua una manifestación cerca de Belfast el miércoles por la noche, un día después de disturbios antinmigrantes que sacudieron la capital norirlandesa tras un ataque con cuchillo atribuido a un refugiado sudanés.
Si bien los principales focos de tensión de 24 horas antes parecían tranquilos, decenas de hombres se enfrentaron a los agentes en Sandyknowes, al norte de Belfast.
Una fila de vehículos policiales, respaldada por agentes antidisturbios, intentaba hacer retroceder a la multitud en una rotonda, según mostraron imágenes de la AFP.
""Se han congregado multitudes y se están lanzando proyectiles contra los agentes, que ahora han desplegado cañones de agua en un intento de mantener el orden público"", señaló la policía en un comunicado.
Imágenes emitidas por el canal Sky News muestran a personas enmascaradas que intentan lanzar lo que parecían ser ladrillos contra las fuerzas del orden.
En Belfast, una concentración pacífica congregó a más de 100 personas en Stormont, sede del Parlamento norirlandés, según la BBC.
Estas manifestaciones ocurren al día siguiente de disturbios antinmigrantes, desencadenados tras un ataque con cuchillo el lunes por la noche en Belfast.
La víctima de esta agresión, un hombre de unos 40 años identificado como Stephen Ogilvie, perdió un ojo y fue hospitalizado. Su familia llamó a la calma.
Con el rostro cubierto, algunas personas incendiaron la noche del martes autobuses y vehículos, y prendieron fuego a viviendas en las que vivían personas de origen extranjero, obligando a los bomberos a evacuar a los residentes.
El primer ministro británico, Keir Starmer, calificó de ""impactantes"" y ""completamente inaceptables"" los disturbios.
Refuerzos procedentes del resto del Reino Unido se esperan para el jueves.
La agresión, condenada unánimemente por la clase política británica, provocó llamamientos a manifestarse por parte de figuras de la extrema derecha, como el activista Tommy Robinson, y el multimillonario estadounidense Elon Musk.
La tensión era palpable el miércoles por la noche en Belfast: numerosas tiendas y restaurantes habían cerrado, y calles desiertas, constataron periodistas de la AFP.
También podían verse grafitis islamófobos en varios muros y persianas metálicas de comercios del barrio donde el martes se incendió un autobús. Vecinos expresaron a la AFP su estupor.
Uno de ellos, una mujer de 28 años que no quiso dar su apellido, dijo haber visto ""ventanas rotas, coches incendiados"". ""Es triste"", añadió.
Otra, que tampoco quiso identificarse, dijo comprender la ""rabia"" de los manifestantes, pero lamentó que ahora se meta a todos ""los extranjeros"" en la misma bolsa.
Hasta el momento, hubo tres detenciones y ""habrá más"", anunció el secretario de Estado británico encargado de la Seguridad, Dan Jarvis.
Los actos violentos se desencadenaron tras la difusión de un video del ataque con cuchillo ocurrido el lunes, que mostraba al agresor, sentado sobre un hombre tendido en el suelo y ensangrentado, asestándole golpes.
La ministra del Interior norirlandesa, Naomi Long, denunció el ""racismo"" detrás de la violencia y acusó a quienes, en las redes sociales, ""han instrumentalizado el miedo legítimo que la gente siente ante los acontecimientos"".
El miércoles por la noche, la policía indicó que difundir en redes sociales direcciones de extranjeros podría ""constituir un delito penal"".
El sospechoso del ataque con arma blanca, Hadi Alodid, un sudanés de 30 años, compareció el miércoles por la mañana ante un juez en Belfast.
Acusado, entre otros cargos, de intento de asesinato, rechazó la presencia de un abogado y estuvo acompañado por un intérprete de árabe. Tras la audiencia quedó detenido hasta una próxima comparecencia prevista para el 8 de julio.
Las autoridades indicaron que entró a Irlanda del Norte en 2023 en autobús desde Irlanda, procedente de Francia. A su llegada, obtuvo el estatuto de refugiado, con permiso de residencia hasta 2028.
Las motivaciones del ataque no están claras, pero la policía norirlandesa descartó la pista terrorista.
Figuras de partidos de extrema derecha, como Reform UK, de Nigel Farage, o Restore Britain, de Rupert Lowe, responsabilizaron de los hechos a las políticas migratorias del gobierno laborista y de sus predecesores conservadores.
Violentas protestas antinmigrantes tuvieron lugar en los dos últimos años en Irlanda del Norte, así como en otros lugares del Reino Unido.
Southampton (sur de Inglaterra) fue escenario hace una semana de una manifestación salpicada de violencia, para denunciar la gestión por parte de la policía local del asesinato en diciembre de un estudiante blanco, Henry Nowak, a manos de un joven asiático.
Además de Belfast, hubo concentraciones antinmigración el martes en Southampton, y en Glasgow y Edimburgo, en Escocia.
En Glasgow, tres hombres fueron detenidos y acusados tras actos violentos, durante los cuales varias personas fueron ""agredidas por el color de su piel"", según la policía."
2026-06-10,TVN,Trump resta importancia al último repunte de la inflación en EEUU,mundo,"El presidente de Estados Unidos, Donald Trump, restó este miércoles importancia al alza de la inflación, que alcanó en mayo su nivel más alto en tres años debido al aumento de los precios de la energía provocado por su guerra en Irán, supone un desafío clave para los republicanos de cara a las elecciones de mitad de mandato.
""Las cifras fueron magníficas... me encanta la inflación"", respondió Trump a periodistas que le preguntaron si estaba preocupado por los datos del miércoles.
Más tarde, el presidente de la Cámara de Representantes, Mike Johnson, insistió en que las declaraciones del mandatario habían sido sacadas de contexto.
El índice de precios al consumo (IPC) aumentó un 4,2% interanual, frente al 3,8 % registrado en abril, según informó el miércoles la Oficina de Estadísticas Laborales de Estados Unidos.
Se trató de la cifra más alta desde abril de 2023, según datos oficiales, aunque estuvo en línea con las previsiones de los analistas.
Este repunte se explica en gran medida por el alza de la gasolina por la guerra en Oriente Medio, que comenzó el 28 de febrero con el ataque de Estados Unidos e Israel contra Irán.
En represalia, Irán bloqueó el tránsito marítimo por el estrecho de Ormuz, por donde transita un 20% del petróleo mundial.
Los datos de la inflación de mayo muestran que los precios de la energía aumentaron 23,5% respecto al mismo período del año pasado, con un aumento de 40,5% en la gasolina.
Los precios de los alimentos aumentaron de forma significativa por segundo mes consecutivo, un 2,7%.
Trump ha insistido en que el impacto sobre los precios será temporal y en que pronto se firmará un acuerdo de paz, pero el encarecimiento de los costos es un tema clave para los votantes a medida que se acercan las elecciones de mitad de mandato de noviembre.
El Partido Republicano de Trump aspira a mantener el control de ambas cámaras del Congreso, pero se enfrentará a una dura prueba mientras los altos precios golpean a los hogares estadounidenses.
Si los legisladores demócratas recuperan una o ambas cámaras, limitarán la capacidad de Trump para sacar adelante sus políticas en el Congreso como lo ha hecho a lo largo de su segundo mandato.
""Las cifras fueron magníficas... me encanta la inflación"", respondió Trump a periodistas que le preguntaron si estaba preocupado por los datos del miércoles.
En el Salón Oval de la Casa Blanca, insistió en que ""la inflación va a caer como una piedra"" cuando termine la guerra.
Varios analistas estimaron que la situación debería mejorar en los próximos meses.
""Consideramos que la inflación alcanzó un techo y debería desacelerarse durante el segundo semestre, con la condición de que se encuentre un acuerdo rápidamente con Irán para reabrir el estrecho de Ormuz"", dijo Kathy Bostjancic, economista de Nationwide, en una nota.
Otros precios que subieron en Estados Unidos en mayo fueron la atención médica, las tarifas aéreas y el ocio.
Los estadounidenses llevan años lidiando con precios más altos de lo esperado, con una inflación que ha permanecido elevada mucho después de la pandemia.
La inflación subyacente -excluyendo energía y alimentos- también aumentó en mayo hasta un 2,9% interanual, frente al 2,8% de abril.
A comienzos de año, la inflación en Estados Unidos se mantenía estable, en 2,4% tanto en enero como en febrero.
La Reserva Federal de Estados Unidos (Fed) tiene una meta de inflación del 2% a largo plazo, y la comisión encargada de fijar la principal tasa de interés del banco central se reunirá la próxima semana.
Los mercados esperan que en esta reunión mantenga sin cambios las tasas, pero ahora están descontando subidas de tipos para más adelante en el año, lo que inquieta a los inversores en renta variable.
Antes de la guerra, los mercados habían descontado recortes de tasas de interés para más adelante en el año, con la expectativa de que la inflación impulsada por la política arancelaria de Trump comenzara a remitir.
El indicador de inflación preferido de la Fed, el índice de precios de los Gastos de Consumo Personal (PCE, por sus siglas en inglés), también alcanzó un máximo de tres años en su última lectura.
""La Fed no estará en posición de recortar las tasas si esto continúa"", afirmó Chris Zaccarelli, director de inversiones de Northlight Asset Management.
""El mercado bursátil ha estado escalando un muro de preocupaciones y ha sido capaz de repuntar gracias a unos beneficios más sólidos y a tasas de interés estables, pero un entorno de tasas en alza es algo completamente distinto"", agregó."
2026-06-10,TVN,"Una tormenta diezmó al gran simio más raro del mundo, según estudio",mundo,"Yakarta, Indonesia/Deslizamientos de tierra alimentados por el cambio climático han aniquilado a cerca de uno de cada 10 miembros de los últimos representantes de la especie de gran simio más rara del mundo, en la isla de Sumatra, en Indonesia, afirmó un equipo de científicos el miércoles.
Un solo episodio meteorológico en noviembre pasado diezmó al orangután de Tapanuli, del cual quedan menos de 800 ejemplares en estado salvaje, según un estudio publicado en la revista científica Current Biology.
Se estima que 58 orangutanes de Tapanuli murieron a causa de deslizamientos de tierra provocados por fuertes lluvias durante el ciclón Senyar, lo que representa aproximadamente el 11% de la población que vive en la región o el 7% del número total estimado en estado salvaje.
Las inundaciones mataron a más de 1,000 personas. Los Tapanuli son extremadamente raros y habitan en una pequeña zona de Sumatra.
""Este nivel de pérdidas es considerable para una especie cuya población total es tan baja"", declaró Erik Meijaard, científico jefe de Borneo Futures, una oenegé especializada en el medio ambiente.
Las inundaciones también destruyeron las fuentes de alimento y refugio de los Tapanuli. Los científicos analizaron imágenes por satélite tras los deslizamientos de tierra en el ecosistema de Batang Toru, que alberga la mayor población de estos simios.
Descubrieron que aproximadamente 8,300 hectáreas de bosque (más del 11% de la zona) se habían visto afectadas.
Los ecologistas llevan tiempo en campaña contra las actividades industriales en Batang Toru, en particular una represa hidroeléctrica y una mina de oro. Los Tapanuli no viven en su hábitat idóneo, sino en lugares a los que tuvieron que desplazarse por el desarrollo humano.
""Para evitar la primera extinción moderna de una especie de gran simio, Indonesia debe proteger permanentemente el ecosistema de Batang Toru"", recalcó Jatna. ""Pero nuestros socios internacionales también deben cumplir con sus compromisos globales con financiamiento inmediato para la restauración de la biodiversidad"", añadió."
2026-06-10,TVN,León XIV bendice la torre de Jesucristo y convierte a la Sagrada Familia en la iglesia más alta del mundo,mundo,"Barcelona, España/El papa León XIV bendijo la noche del miércoles la torre más alta de la famosa basílica de la Sagrada Familia de Barcelona, en una breve ceremonia en la explanada del monumento que concluyó con un espectáculo de luz y sonido, después de una majestuosa misa.
El sumo pontífice celebró en el monumento, uno de los más conocidos y turísticos de la capital catalana, el oficio que se prolongó por una hora y media, acompañado por un coro de 500 adultos y 100 niños, que entonaron cantos gregorianos y del repertorio litúrgico, pero también otros tradicionales catalanes.
Durante la homilía que pronunció en la basílica, donde el sol que se filtraba por los vitrales brillaba entre las columnas, León XIV afirmó que quienes creen en Jesús no pueden ""promover la guerra"", en una crítica velada al Gobierno del presidente estadounidense, Donald Trump.
Al terminar la misa, celebrada en español, catalán y latín, el obispo de Roma bendijo la torre de Jesucristo, terminada en febrero y que alcanza los 172,5 metros de altura, lo que convirtió a la Sagrada Familia, aún inacabada, en la iglesia más alta del mundo.
""Esta cruz brilla de día, reflejando la luz del sol, y brilla de noche, iluminando la ciudad como un faro abierto al Mediterráneo"", dijo el papa en su homilía, en referencia a la cruz de la torre, que bendijo rociándola con agua bendita entre los aplausos de la multitud.
Un espectáculo de luz y sonido puso fin a la velada en la explanada.
La visita de León XIV, la tercera de un papa a la obra maestra modernista aún inacabada de Antoni Gaudí, después de Juan Pablo II y Benedicto XVI, tiene lugar un siglo, día por día, después de la muerte del venerado arquitecto, ferviente católico cuyo proceso de canonización avanza en el Vaticano.
Unas 9,000 personas participaron en la misa en el interior del edificio o en su explanada, pero fuera del amplio perímetro de seguridad que lo rodeaba, decenas de miles de barceloneses y turistas siguieron la ceremonia en la pantalla gigante instalada frente a la Sagrada Familia.
""Me parece algo memorable, para recordar"", dijo a la AFP Isabel Magallón, administrativa de 60 años. ""Quería estar en el acto. He dudado, por la masificación y por todo, pero estoy contenta"", explicó.
""Toda nuestra vida ha estado la Sagrada Familia en construcción y el hecho de que ahora venga (el papa) es como poner un punto final"", declaró María José Sedano, una abogada de 30 años que llegó con varias horas de antelación con la esperanza de ver al líder espiritual de los 1.400 millones de católicos en el mundo.
La construcción de la Sagrada Familia sufrió numerosos altibajos desde que Gaudí asumió el proyecto en 1883.
La iglesia debía terminarse en 2026, coincidiendo con el centenario de la muerte del arquitecto, pero la pandemia obligó a abandonar este plan.
Consagrada y elevada al rango de basílica por Benedicto XVI en 2010, la iglesia podría estar terminada dentro de unos diez años.
Los planes dependen de que no haya nuevos contratiempos que afecten al flujo de visitantes, que pagan entrada, y de que se solucionen las diferencias para construir los polémicos accesos a la fachada de la Gloria, la entrada principal que todavía queda por edificar.
El proyecto que defienden los constructores implicaría derribar varios edificios de viviendas, pero los vecinos se oponen.
León XIV, de 70 años, estadounidense y con nacionalidad peruana, visitó la mañana del miércoles la prisión de Brians, a 40 km de Barcelona, para después ir en helicóptero a la espectacular abadía de Montserrat, en la montaña del mismo nombre.
Por la tarde, en la iglesia de San Agustín en el barrio del Raval de Barcelona, donde se reunió con representantes de asociaciones que atienden a personas desfavorecidas, el papa hizo un guiño a los hinchas del fútbol, a un día del comienzo del Mundial.
León XIV dijo que, al igual que en el fútbol, en la vida se debe jugar ""en equipo"".
Para cerrar su viaje, el papa visitará las islas Canarias jueves y viernes.
En ese archipiélago atlántico ubicado frente a África, vía de entrada a Europa para muchos migrantes irregulares, el pontífice insistirá en otro de los mensajes clave de su viaje: la acogida del inmigrante."
2026-06-10,TVN,"Zelenski y los países árabes, invitados al G7 para hablar de las guerras",mundo,"París, Francia/El presidente ucraniano, Volodimir Zelenski, participará el martes en una sesión de la cumbre del G7 en Evian, en el este de Francia, anunció el presidente francés Emmanuel Macron este miércoles.
""Es muy importante para nosotros porque hay que recrear la convergencia en el G7, en apoyo a Ucrania en los diferentes aspectos evidentemente de la guerra"", incluida la necesidad de ""negociaciones"", dijo Macron durante un acto en el Elíseo.
El mandatario se refería a las divergencias entre los europeos y el presidente estadounidense Donald Trump sobre este tema.
Los dirigentes de Egipto, Arabia Saudita, Catar y los Emiratos Árabes Unidos también estarán ""asociados"" el martes a otra sesión de la cumbre, debido a la guerra en Oriente Medio, desencadenada por Estados Unidos e Israel a finales de febrero contra Irán.
El debate se centrará en el cierre del estrecho de Ormuz, en el Golfo, que tiene ""un verdadero impacto"" en la economía con el aumento de los precios del combustible, y en las ""negociaciones sobre Irán"", explicó Emmanuel Macron.
El presidente consideró ""muy importante"" intentar ""encontrar vías y medios de cooperación"".
Los jefes de Estado y de gobierno de las grandes potencias del G7 (Alemania, Canadá, Estados Unidos, Francia, Italia, Japón y Reino Unido) se reúnen a partir del lunes por la noche y hasta el miércoles en Evian, en los Alpes franceses.
Después de una cena el lunes por la noche y las dos sesiones sobre las crisis geopolíticas, los asistentes abordarán la ""asociación Norte-Sur"", continuó Macron.
""A esta sesión se sumarán, además del FMI, el Banco Mundial y el Banco Africano de Desarrollo, socios con los que hemos construido esta agenda"", indicó el dirigente, citando a Corea del Sur, India, Kenia y Brasil.
El miércoles, la cumbre terminará con una sesión ""sobre los desequilibrios mundiales"" y el tema del crecimiento, dijo Macron, quien precisó que también examinarán la situación de las empresas tecnológicas."
2026-06-10,TVN,Aumenta el precio del petróleo tras amenazas de Trump a Irán,mundo,"Washington, Estados Unidos/Los precios del petróleo cerraron al alza el miércoles, impulsados por las declaraciones beligerantes de Donald Trump tras la reanudación de los ataques entre Estados Unidos e Irán.
El precio del crudo Brent del Mar del Norte, para entrega en agosto, subió un 1,80% hasta los 93,10 dólares por barril.
Su equivalente estadounidense, el West Texas Intermediate (WTI), para entrega en julio, aumentó un 2,08% hasta los 90,03 dólares por barril.
""Los precios del petróleo iniciaron una tendencia alcista después de que el presidente estadounidense (...) afirmara que atacaría a Irán porque el país había tardado demasiado en la mesa de negociaciones"", declaró a la AFP Robert Yawger, de Mizuho USA.
El presidente estadounidense afirmó el miércoles que los iraníes habían ""tardado demasiado en negociar un acuerdo que habría sido excelente para ellos"", añadiendo que ""tendrían que pagar las consecuencias"", en un mensaje publicado en su red Social Truth.
Por su parte, Teherán anunció que había atacado bases estadounidenses en el Golfo en represalia por los ataques de Washington contra objetivos iraníes, tras el derribo de un helicóptero estadounidense atribuido a Irán.
Puede leer: Jefe de la NASA defiende tripulación del Artemis III, compuesta solo por hombres
Estos últimos acontecimientos generan temores de una interrupción prolongada en el suministro de petróleo crudo, ya que el estrecho de Ormuz permanece bloqueado por Irán.
Casi una quinta parte del petróleo mundial transita normalmente por esta vía marítima estratégica.
Trump afirmó el miércoles que las fuerzas estadounidenses habían llevado a cabo una ""misión secreta"" que permitió el transporte de 100 millones de barriles de petróleo a través de este cuello de botella.
Puede leer: Héctor Brands: Juez otorga a la Fiscalía cuatro meses más para investigar al exdirector de Pandeportes
Mientras tanto, los países siguen recurriendo a sus reservas de petróleo crudo en un intento por frenar el aumento de los precios.
En Estados Unidos, las reservas estratégicas de petróleo volvieron a caer drásticamente la semana pasada, en 7,9 millones de barriles, según cifras publicadas este miércoles por la Administración de Información Energética de Estados Unidos (EIA).
A este ritmo, se prevé que alcancen su nivel más bajo en más de 40 años la próxima semana.
La mayoría de los inversores están convencidos de que ""la oferta mundial de petróleo no llegará a un déficit inmanejable en relación con la demanda"", señala Tamas Varga, analista de PVM.
Yawger, sin embargo, teme que ""pronto se alcance un punto de inflexión"" que haría que el precio del barril superara nuevamente la barrera simbólica de los 100 dólares."
2026-06-10,TVN,"Jefe de la NASA defiende tripulación del Artemis III, compuesta solo por hombres",mundo,"El jefe de la NASA, Jared Isaacman, defendió el miércoles la composición de la tripulación de la tercera misión de Artemis, su programa para volver a llevar humanos a la Luna, integrada únicamente por hombres.
El anuncio de una tripulación 100% masculina suscitó interrogantes y críticas sobre una posible intervención política, ya que desde que regresó a la Casa Blanca, el presidente Donald Trump ordenó a las agencias federales eliminar los esfuerzos en materia de diversidad e inclusión.
Isaacman recalcó en redes sociales que la selección de la tripulación ""no está ligada a decisiones políticas"".
""La Oficina de Astronautas asigna la tripulación que le da a la misión la mejor posibilidad de cumplir sus objetivos"", señaló, y dijo que se tienen en cuenta factores como el perfil, la experiencia y la disponibilidad de los astronautas.
La tercera fase de Artemis consistirá en probar la nave espacial Orión y realizar maniobras de encuentro y acoplamiento con módulos de alunizaje. No incluirá un viaje a la Luna.
La tripulación anunciada el martes incluye a los astronautas estadounidenses Randy Bresnik, Andre Douglas y Frank Rubio, este último de raíces salvadoreñas, así como al italiano Luca Parmitano, el primer europeo en una misión de Artemis.
La NASA prometió llevar a una mujer y a una persona de color a la Luna.
El año pasado, sin embargo, la NASA eliminó de algunas de sus páginas web el lenguaje referente a ese compromiso y, en términos más generales, a la diversidad. Esto no significa necesariamente que la promesa de la NASA haya sido descartada, pero ya no es explícita.
Isaacman dijo que quienes plantean esa preocupación quizá no conocen bien cómo se organizan las tripulaciones, y recordó que hay astronautas ya en entrenamiento específico para la Luna que encajarían mejor en futuras misiones de alunizaje."
2026-06-10,TVN,Jefe del Pentágono de visita en Guantánamo advierte a Cuba sobre compra de armas,mundo,"El secretario de Defensa de Estados Unidos, Pete Hegseth, advirtió este miércoles a Cuba que no adquiera ni utilice armamento que pueda representar una amenaza para territorio estadounidense, durante una visita a la base naval de Estados Unidos en la Bahía de Guantánamo.
La visita de Hegseth, anunciada de manera sorpresiva un día antes, ocurre en medio de un período de fuertes tensiones entre Washington y La Habana, marcado por nuevas sanciones contra funcionarios cubanos y medidas destinadas a restringir el suministro de petróleo a la isla.
""Sería imprudente que el gobierno de Cuba intentara procurarse o acceder a tipos de armas que pudieran alcanzar esta base o el territorio estadounidense"", afirmó Hegseth ante tropas destacadas en Guantánamo.
El funcionario agregó que, de hacerlo, Cuba estaría ""abriendo la puerta a una confrontación que no puede sostener"".
Las declaraciones surgen después de que medios estadounidenses informaran sobre una supuesta adquisición de 300 drones militares por parte de Cuba, que podrían ser utilizados contra la base de Guantánamo o incluso contra objetivos en Florida, ubicada a unos 150 kilómetros de la isla.
Según funcionarios estadounidenses citados por el portal Axios, Cuba ha adquirido drones de ataque procedentes de Rusia e Irán desde 2023 y estaría buscando ampliar ese arsenal.
Sin embargo, el gobierno cubano rechazó esas versiones.
El ministro de Relaciones Exteriores de Cuba, Bruno Rodríguez, acusó a Washington de construir ""un expediente fraudulento"" para justificar el endurecimiento de las sanciones económicas contra la isla y una eventual acción militar.
A finales de mayo, el principal general estadounidense encargado de las operaciones en América Latina visitó la base de Guantánamo y sostuvo reuniones con mandos militares cubanos.
Dos semanas antes, el director de la CIA, John Ratcliffe, viajó a La Habana para reunirse con autoridades cubanas.
La administración del presidente Donald Trump también ha intentado utilizar la base de Guantánamo como centro de detención para migrantes deportados.
Vestido con uniforme de camuflaje, Hegseth pronunció un discurso ante los militares estadounidenses desplegados en la base naval, establecida en 1903 y considerada uno de los principales puntos de tensión histórica entre Washington y La Habana desde la Revolución Cubana de 1959.
""Lo que suceda en el futuro de Cuba está en manos del presidente de Estados Unidos"", aseguró.
Asimismo, expresó su deseo de que ambos países puedan mantener mejores relaciones en el futuro.
""Esperamos muy pronto convertirnos en amigos del liderazgo de Cuba. Por ahora, veremos qué sucede"", manifestó.
Sus declaraciones fueron recibidas con aplausos y vítores por parte de los soldados presentes.
Durante su intervención, Hegseth también defendió las operaciones militares que Estados Unidos realiza en el Caribe y el Pacífico contra embarcaciones sospechosas de participar en actividades de narcotráfico.
Según afirmó, las fuerzas estadounidenses emplean métodos similares a los utilizados durante las operaciones contra grupos extremistas en Oriente Medio.
""Los estamos cazando como cazamos a Al Qaeda y al Estado Islámico: las mismas redes, la misma inteligencia y las mismas capacidades"", declaró.
No obstante, organizaciones de derechos humanos y expertos vinculados a Naciones Unidas han cuestionado estas acciones y las han calificado como posibles ejecuciones extrajudiciales.
Además, críticos de la estrategia estadounidense sostienen que Washington no ha presentado pruebas concluyentes que demuestren que todas las embarcaciones atacadas estaban involucradas en actividades ilícitas.
Pese a ello, la administración Trump ha defendido ante el Congreso su facultad para actuar de forma preventiva contra amenazas consideradas de alto riesgo para la seguridad nacional."
2026-06-10,TVN,Científicos chinos descubren el mayor cementerio de ballenas en el mundo,mundo,"Investigadores chinos descubrieron en el océano Índico el mayor cementerio de ballenas del mundo, con medio millar de esqueletos, algunos de ellos de 5,3 millones de años de antigüedad, según un estudio publicado el miércoles en la revista Nature.
Repartidos a lo largo de un corredor de 1.200 kilómetros al oeste de Australia, estos restos de cetáceos dan sustento a todo un ecosistema, en el que muchos organismos serían desconocidos para la ciencia, según el estudio.
Los científicos creen que tantas ballenas murieron en esta zona porque es una importante área de alimentación, además de tratarse de una fosa en forma de V que canaliza los cadáveres hacia las profundidades marinas.
Es un ""descubrimiento realmente único"", afirma el paleontólogo estadounidense Stephen Godfrey, que lo compara con la primera vez que se detectaron en 1977 fuentes hidrotermales repletas de vida en el fondo de los océanos.
""El fósil más antiguo, así como numerosos cráneos más recientes, muestran que las 'caídas de ballenas' se acumularon en este lugar de manera ininterrumpida durante al menos cinco millones de años"", escribe en un artículo junto al estudio de Nature.
Ya se sabía que, cuando las ballenas mueren, sus cuerpos se hunden en el fondo de los océanos y alimentan la fauna de las profundidades, un fenómeno llamado 'caída de ballenas'.
Pero los científicos quedaron ""estupefactos"" cuando comprendieron la dimensión del hallazgo, según dijo a AFP el principal autor del estudio, Xiaotong Peng, de la Academia China de Ciencias, que accedió al lugar en un pequeño sumergible.
""Descubrir una necrópolis de tal magnitud fue totalmente inesperado: la amplitud de la distribución, la profundidad y la gama de edades superan todo lo que habíamos imaginado"", explica el científico.
En 2023, los investigadores chinos realizaron 32 inmersiones a bordo del sumergible ""Fendouzhe"" en esta zona del océano Índico llamada Diamantina.
""Los ecosistemas florecientes que vimos nos ofrecieron una perspectiva completamente distinta del entorno"", dice Peng Zhou, coautor del estudio.
Alrededor de los esqueletos se afanaban medusas, ofiuras (emparentadas con las estrellas de mar), gusanos comehuesos y moluscos bivalvos.
La mayoría de los 485 fósiles de cetáceos registrados pertenecen a la familia de las ballenas picudas, entre ellas una especie hasta ahora desconocida y hoy desaparecida.
Los autores, extrapolando a partir del número de fósiles encontrados, estiman que más de 10 millones de esqueletos podrían yacer en el fondo del océano en la zona de Diamantina."
2026-06-10,TVN,Gustavo Petro | Debate político en Colombia tras documento que busca suspender al mandatario,mundo,"La posibilidad de una suspensión provisional del presidente colombiano Gustavo Petro ha generado una intensa controversia política y jurídica en Colombia, luego de que trascendiera un documento atribuido a la presidenta de la Comisión de Investigación y Acusación de la Cámara de Representantes, Gloria Arizabaleta.
Según reportes de medios colombianos, el texto corresponde a un borrador de proyecto de auto mediante el cual se propondría suspender temporalmente al mandatario por una presunta participación en política durante el actual proceso electoral presidencial. Sin embargo, congresistas y dirigentes del oficialismo han asegurado que el documento no ha sido discutido ni aprobado formalmente por la comisión.
De acuerdo con el contenido divulgado por la prensa, la medida tendría una duración inicial de tres meses, aunque se extendería hasta el 21 de junio de 2026, fecha en que culmina la segunda vuelta presidencial. El documento sostiene que la decisión estaría relacionada con la supuesta difusión reiterada de mensajes desde la cuenta oficial de Petro en la red social X, entre el 6 y el 9 de junio de este año, en los que habría hecho referencias directas a candidatos y a la campaña electoral.
El proyecto argumenta que la permanencia del mandatario en el cargo podría facilitar la repetición de conductas que eventualmente serían consideradas una intervención indebida en política durante el desarrollo de la contienda electoral.
La filtración del documento provocó reacciones encontradas en el Congreso. El representante del Pacto Histórico, Alirio Uribe Muñoz, afirmó que el auto ""nunca ha sido radicado en la Secretaría de la Comisión, no se ha debatido y es inexistente"", rechazando la posibilidad de que exista una decisión en firme contra el jefe de Estado.
Por su parte, el representante del partido Centro Democrático, Hernán Cadavid, aseguró que el documento sí fue presentado ante la secretaría correspondiente y que podría ser objeto de discusión en futuras sesiones.
A la polémica también se sumó el ministro del Interior, Armando Benedetti, quien manifestó a Noticias Caracol que la Comisión de Acusación carece de facultades para adoptar una medida de esa naturaleza. ""En derecho, no existe que la Comisión de Acusaciones pueda suspender al Presidente porque es una comisión de instrucción"", señaló.
Petro, de 66 años, es el primer presidente de izquierda en la historia de Colombia y llegó al poder en agosto de 2022 tras imponerse en las elecciones presidenciales con la promesa de impulsar profundas reformas sociales, económicas y ambientales. Durante su mandato ha promovido cambios en los sistemas de salud, laboral y pensional, además de impulsar la denominada política de ""Paz Total"" para negociar con grupos armados y reducir la violencia en distintas regiones del país.
No obstante, su gestión ha estado marcada por una fuerte polarización política, constantes enfrentamientos con sectores de oposición y varios procesos judiciales y administrativos relacionados con decisiones de su gobierno. La controversia sobre una eventual participación en política se produce en momentos en que Colombia se encuentra inmersa en una nueva carrera presidencial para elegir al sucesor de Petro, quien constitucionalmente no puede aspirar a la reelección inmediata.
Puedes leer: Parlamento japonés propone cambios en sucesión imperial ante escasez de hombres
Con datos de Noticias Caracol"
2026-06-10,TVN,Bill Gates llega al Congreso de EEUU para testificar sobre caso Epstein,mundo,"El cofundador de Microsoft Bill Gates llegó este miércoles al Congreso de Estados Unidos para testificar ante una comisión que investiga las conexiones del fallecido delincuente sexual Jeffrey Epstein.
El multimillonario y filántropo figura entre los nombres que aparecen en documentos publicados por el Departamento de Justicia, que revelaron amistades cercanas, operaciones financieras ilícitas y fotos privadas de prominentes personalidades con Epstein.
El financista fue hallado muerto en su celda de prisión en 2019 mientras esperaba ser juzgado por cargos de tráfico sexual que involucraban a menores de edad.
""Espero que mi testimonio sea útil para el trabajo -un trabajo importante- del comité para encontrar justicia para las víctimas"", dijo Gates a periodistas al entrar en la sala de audiencias, sin responder más preguntas.
La comisión citó a Gates después que documentos difundidos por el Departamento de Justicia suscitaran nuevas preguntas sobre sus contactos con Epstein.
Un portavoz de Gates dijo a la AFP que el multimillonario saludaba la oportunidad de comparecer ante Congreso, y subrayó que nunca había sido testigo ni había participado en las actividades ilegales de Epstein.
Los archivos del caso incluyen un borrador de correo electrónico aparentemente escrito por Epstein en 2013 en el que menciona relaciones extramatrimoniales de Gates.
En el mensaje, que al parecer no llegó a enviarse, el delincuente sexual se jactaba de haber ayudado a ""Bill"" a conseguir medicamentos para ""remediar las consecuencias de haber tenido relaciones sexuales con chicas rusas"".
En febrero, Gates declaró ante los miembros de la junta de su fundación que los vínculos con Epstein fueron un ""enorme error"". Gates reconoció en esa ocasión dos aventuras, pero negó cualquier relación con víctimas de Epstein.
Otras figuras de alto perfil ya han comparecido ante el comité, entre ellas Bill y Hillary Clinton, y el secretario de Comercio Howard Lutnick."
2026-06-10,TVN,Netanyahu busca un nuevo mandato en Israel en plena guerra y pese a las dudas de Trump,mundo,"El primer ministro de Israel, Benjamin Netanyahu, confirmó que buscará la reelección en las elecciones legislativas previstas para octubre, según anunció este miércoles su partido, el Likud, en medio de cuestionamientos sobre su futuro político y de crecientes tensiones con el presidente estadounidense, Donald Trump.
Netanyahu, de 76 años, buscará extender su prolongado liderazgo al frente de Israel.
""Bibi se presentará a las próximas elecciones y, con la ayuda de Dios, las ganará"", afirmó el partido oficialista en un mensaje publicado en Telegram.
El anuncio llega mientras Israel continúa involucrado en varios conflictos simultáneos en Oriente Medio.
Desde 2023, el gobierno encabezado por Netanyahu ha participado en enfrentamientos en Gaza, Líbano e Irán, sin que hasta el momento se hayan alcanzado plenamente los objetivos estratégicos planteados por el mandatario.
Entre ellos figuran la destrucción de las capacidades militares de Hamás, la neutralización duradera de Hezbolá en Líbano y el fortalecimiento de la disuasión frente a Irán.
Las próximas elecciones legislativas israelíes están previstas para octubre de 2026.
Netanyahu es el gobernante que más tiempo ha permanecido en el poder en la historia de Israel, acumulando más de 18 años en distintos periodos desde 1996.
Pese a enfrentar un juicio por corrupción que se prolonga desde hace más de cinco años, el líder israelí aspira a obtener un nuevo mandato.
La confirmación de su candidatura también se produce en un contexto marcado por interrogantes sobre la relación entre Israel y Estados Unidos, su principal aliado internacional.
En una entrevista reciente con ABC News, el presidente estadounidense Donald Trump dejó abierta la posibilidad de que Netanyahu decida no competir.
""No lo sé, ha tenido una carrera extraordinaria. ¿Quiere seguir?"", comentó Trump.
El mandatario estadounidense añadió:
""Porque, ya sabes, es un primer ministro en tiempos de guerra"".
Las declaraciones surgieron pocos días después de un intercambio tenso entre ambos líderes.
Aunque Trump mantiene su respaldo a Netanyahu, diversos acontecimientos recientes, especialmente relacionados con el conflicto con Irán, han evidenciado diferencias entre ambos gobiernos.
El futuro político de Netanyahu también enfrenta crecientes cuestionamientos dentro de Israel.
La oposición lo acusa de haber profundizado la división política del país mediante su controvertida reforma judicial y por la forma en que ha gestionado los distintos conflictos armados.
El líder opositor Yair Lapid calificó como un ""desastre político"" la decisión del gobierno de aceptar un alto el fuego con Irán el pasado mes de abril.
Además, amplios sectores de la sociedad israelí responsabilizan al primer ministro por las fallas de seguridad que permitieron el ataque de Hamás del 7 de octubre de 2023, considerado uno de los más graves en la historia reciente del país.
Netanyahu también ha sido objeto de protestas recurrentes, especialmente en manifestaciones organizadas por familiares y simpatizantes de los rehenes israelíes que permanecen retenidos en la Franja de Gaza.
Desde su regreso al poder a finales de 2022, Netanyahu gobierna mediante una coalición integrada por partidos de derecha y extrema derecha.
Sin embargo, la salida de varias formaciones ultraortodoxas por desacuerdos relacionados con el servicio militar obligatorio para estudiantes religiosos debilitó la mayoría oficialista.
Actualmente, la coalición cuenta con 60 de los 120 escaños de la Knéset, el Parlamento israelí.
Según una encuesta divulgada el martes por el Instituto de la Democracia de Israel (IDI), el 61% de los ciudadanos considera que Netanyahu no debería volver a postularse.
Entre los israelíes judíos, ese porcentaje alcanza el 57%.
No obstante, otro sondeo publicado a finales de mayo por la radiotelevisión pública KAN sitúa al partido Likud como la fuerza política con mayor intención de voto, aunque con una ventaja reducida sobre Beyahad, la alianza encabezada por Yair Lapid y el ex primer ministro Naftali Bennett.
Aun así, ninguno de los dos bloques parece tener actualmente la fuerza suficiente para formar gobierno por sí solo, reflejo de la profunda fragmentación que caracteriza al panorama político israelí."
2026-06-10,TVN,Parlamento japonés propone cambios en sucesión imperial ante escasez de hombres,mundo,"El Parlamento de Japón aprobó este miércoles una propuesta para modificar las normas de sucesión imperial, con el objetivo de enfrentar la creciente escasez de hombres jóvenes elegibles para heredar el Trono del Crisantemo.
Sin embargo, la iniciativa no contempla la posibilidad de que una mujer pueda convertirse en emperatriz, pese a que esa opción cuenta con un amplio respaldo entre la población japonesa.
Actualmente, la Casa Imperial japonesa se rige por estrictas normas que permiten acceder al trono únicamente a los descendientes varones de la línea masculina de la familia.
Como consecuencia, el futuro de la monarquía depende en gran medida del príncipe Hisahito, de 19 años, sobrino del emperador Naruhito y único integrante joven de sexo masculino dentro de la familia imperial.
El resto de los posibles sucesores son mujeres o hombres de edad avanzada. Después de Hisahito, el miembro masculino más joven es su padre, el príncipe heredero Akishino, hermano del emperador, quien tiene 60 años.
Ante esta situación, los legisladores respaldaron una reforma de la Ley de la Casa Imperial destinada a preservar la continuidad de la institución.
Entre las principales medidas propuestas se encuentra permitir que las mujeres de la familia imperial mantengan su estatus real incluso después de contraer matrimonio con personas ajenas al linaje imperial.
Asimismo, se plantea la posibilidad de incorporar a la familia imperial a parientes lejanos varones mediante adopción.
No obstante, el proyecto evita abordar uno de los debates más sensibles: permitir que las mujeres accedan al trono.
""Dadas todas las opiniones divergentes, creemos que hemos logrado producir el mejor resultado posible"", afirmó Eisuke Mori, presidente de la Cámara Baja, durante una conferencia de prensa previa a la presentación de la propuesta ante la primera ministra Sanae Takaichi.
El Gobierno japonés deberá ahora redactar las modificaciones legales correspondientes y remitir nuevamente el proyecto al Parlamento para su discusión y eventual aprobación.
Mori expresó su intención de que el proceso legislativo concluya antes de mediados de julio.
Según explicó el propio Mori, los hombres que ingresen a la familia imperial mediante adopción no podrán heredar el trono directamente.
Sin embargo, sus descendientes sí podrían ser incorporados a la línea de sucesión, ampliando así las opciones futuras para la continuidad de la monarquía.
Actualmente, la familia imperial japonesa está integrada por apenas 16 miembros.
De ellos, solo cinco son hombres: el emperador Naruhito, de 66 años; su hermano, el príncipe heredero Akishino, de 60; el príncipe Hisahito, de 19; el emperador emérito Akihito, de 92 años; y el hermano menor de este último, de 90 años.
La situación ha reavivado el debate sobre el papel de las mujeres dentro de la monarquía japonesa.
El emperador Naruhito tiene una única hija, la princesa Aiko, quien, de acuerdo con la legislación vigente, deberá abandonar la familia imperial si decide casarse con una persona que no pertenezca a la realeza.
Por ahora, pese a la creciente presión social para modernizar las reglas de sucesión, Japón mantiene intacta la prohibición de que una mujer ocupe el Trono del Crisantemo."
2026-06-10,TVN,"El papa bendecirá la Sagrada Familia de Barcelona, la iglesia más alta del mundo",mundo,"El papa León XIV oficiará este miércoles una misa en la basílica de la Sagrada Familia de Barcelona y bendecirá la nueva torre central de este emblemático templo, una estructura que convirtió al monumento diseñado por Antoni Gaudí en la iglesia más alta del mundo.
La ceremonia tendrá lugar durante la quinta jornada de la visita oficial de siete días del pontífice a España y coincidirá con el centenario de la muerte de Antoni Gaudí, ocurrida el 10 de junio de 1926.
La Sagrada Familia, considerada una de las grandes obras maestras del modernismo, continúa en construcción y recibió cerca de cinco millones de visitantes el año pasado, consolidándose como el monumento de pago más visitado de España.
Gaudí, un católico profundamente devoto cuyo proceso de canonización sigue avanzando en el Vaticano, falleció tras ser atropellado por un tranvía cuando se dirigía a rezar a una iglesia de Barcelona.
El papa León XIV, de 70 años, estadounidense y también con nacionalidad peruana, llegó a la capital catalana tras permanecer desde el pasado sábado en Madrid.
Durante su estancia en la capital española, el pontífice pronunció un discurso histórico ante el Parlamento, celebró una multitudinaria misa ante aproximadamente 1,5 millones de personas y sostuvo un breve encuentro con el artista puertorriqueño Bad Bunny.
Uno de los momentos más relevantes de la visita ocurrió el lunes, cuando León XIV abordó la crisis de los abusos sexuales dentro de la Iglesia católica, un problema que calificó como una ""plaga"".
El pontífice se reunió con seis víctimas y les prometió impulsar cambios para convertir a la Iglesia en un espacio seguro y de sanación.
Sin embargo, el encuentro generó críticas por parte de organizaciones de víctimas que cuestionaron no haber sido invitadas a participar.
La visita papal coincide con un reciente acuerdo alcanzado entre el Gobierno español y la Iglesia católica para indemnizar a personas afectadas por abusos, una medida que logró superar años de resistencia dentro de la jerarquía eclesiástica.
A lo largo de su recorrido, León XIV ha intentado revitalizar la presencia de la Iglesia en España, un país históricamente católico donde la práctica religiosa ha disminuido de manera significativa en las últimas décadas.
Por ello, gran parte de su agenda ha estado enfocada en encuentros con jóvenes, a quienes instó a evitar que la fe se convierta en ""un museo del pasado que visitar"".
Al llegar a Barcelona el martes, fue recibido por una multitud frente a la catedral de la ciudad.
Durante la homilía, pronunciada tanto en español como en catalán, hizo un llamado a ""construir armonía y comunión, más allá de toda polarización"".
Tras su agenda en Barcelona, el papa visitará el jueves y viernes las Islas Canarias.
En este archipiélago atlántico, considerado una de las principales rutas de entrada a Europa para migrantes irregulares procedentes de África, el pontífice insistirá en otro de los ejes centrales de su viaje: la acogida y protección de las personas migrantes.
Antes de la misa en la Sagrada Familia, León XIV también tiene previsto reunirse con reclusos en una cárcel y visitar la histórica abadía de Montserrat.
La nueva Torre de Jesucristo, finalizada en febrero, es la pieza central del conjunto arquitectónico y elevó la altura de la basílica hasta los 172,5 metros.
Su cúspide permanece ligeramente por debajo de la montaña de Montjuic, que alcanza los 177 metros de altura, respetando así la voluntad de Gaudí, quien no quería que su obra superara la creación divina.
La construcción del templo ha atravesado numerosas dificultades desde que Gaudí asumió el proyecto en 1883.
Financiada principalmente mediante donaciones y los ingresos generados por las visitas turísticas, la finalización de la basílica estaba prevista para 2026, coincidiendo con el centenario de la muerte de su arquitecto.
No obstante, la pandemia alteró los planes y obligó a posponer el calendario de obras.
Actualmente, la junta constructora, una fundación canónica privada, evita fijar una fecha definitiva para la culminación del proyecto.
La conclusión de los trabajos dependerá tanto de la recuperación sostenida del flujo de visitantes como de la resolución de uno de los puntos más polémicos: la construcción de los accesos a la fachada de la Gloria, la entrada principal que aún permanece pendiente.
El proyecto planteado por los responsables de la obra implicaría la demolición de varios edificios residenciales cercanos, una propuesta que enfrenta una fuerte oposición de los vecinos de la zona."
2026-06-10,TVN,Hong Kong imputa a siete personas y dos empresas por incendio que se cobró 168 vidas,mundo,"Las autoridades de Hong Kong imputaron este miércoles a siete personas y dos empresas en relación con el incendio que el año pasado se cobró la vida de 168 personas en un complejo residencial.
El incendio, el más mortal de las últimas décadas en un edificio residencial, arrasó en noviembre de 2025 siete de las ocho torres de apartamentos del complejo Wang Fuk Court del distrito de Tai Po, en el norte de la ciudad semiautónoma china.
Los edificios estaban en proceso de renovación, envueltos en andamios tradicionales de bambú y protegidos por una red plástica que pudo favorecer la propagación del fuego.
Las autoridades ""acusaron hoy a siete personas y dos empresas de 25 cargos, entre los que se incluyen homicidio involuntario, conspiración para defraudar, 'lavado de dinero', intento de obstrucción a la justicia y evasión fiscal"", informó el gobierno hongkonés en un comunicado.
Entre las siete personas acusadas hay directores e inspectores de una empresa de consultoría involucrada en la renovación de los inmuebles, así como el principal contratista involucrado en el proyecto, según el comunicado.
Las audiencias públicas de una comisión investigadora independiente a cargo del caso demostraron que casi todas las medidas de seguridad destinadas a salvar vidas en caso de incendio no funcionaron ""debido a errores humanos"", según el abogado Victor Dawes.
El sistema de alarma de incendios de siete de los ocho edificios había sido desactivado, lo que ""acortó considerablemente el tiempo del que disponían los residentes para evacuar"", agregó Dawes ante la comisión.
Según el grupo de investigación de incendios, el encendido de un cigarrillo provocó que el material combustible se prendiera, desatando el fuego.
Miles de residentes perdieron sus hogares en el incendio y tuvieron que trasladarse a viviendas temporales."
2026-06-10,TVN,"Fiscalía francesa pide imputar al popular cantante Patrick Bruel, acusado de abusos sexuales",mundo,"Los fiscales franceses solicitaron este miércoles la imputación y el encarcelamiento preventivo del cantante y actor Patrick Bruel, tras la presentación de nueve denuncias por presuntos abusos sexuales, incluidas violaciones y agresiones sexuales.
El artista, de 67 años y una de las figuras más populares de la música francesa durante las últimas décadas, niega todas las acusaciones.
El caso se suma a la serie de investigaciones que han alcanzado a figuras destacadas de la cultura francesa a raíz del movimiento #MeToo. El año pasado, el actor Gérard Depardieu fue condenado a 18 meses de prisión en suspenso por agresión sexual contra dos mujeres durante un rodaje.
Bruel fue detenido el lunes en París para ser interrogado, según informó la fiscalía de Nanterre, en las afueras de la capital francesa.
""El fiscal de la República ha solicitado la apertura de una investigación judicial en su contra y su imputación por hechos de violaciones, intentos de violación, agresiones sexuales y acoso sexual relativas a nueve víctimas, cometidos entre 2010 y 2019"", indicó el Ministerio Público en un comunicado.
Además, la Fiscalía pidió que el cantante sea enviado a prisión preventiva mientras avanza el proceso.
Las autoridades también incorporaron al expediente denuncias de otras 13 presuntas víctimas por hechos ocurridos entre septiembre de 1992 y septiembre de 2008. Sin embargo, estos casos podrían haber prescrito.
Tres jueces de instrucción deben decidir este miércoles si aceptan la solicitud de imputación presentada por la Fiscalía.
El cantante ha negado reiteradamente los señalamientos.
En una publicación realizada en Instagram el mes pasado, afirmó que ""jamás había forzado a una mujer"".
Posteriormente, y ante la aparición de nuevas acusaciones, decidió cancelar gran parte de la gira que tenía prevista iniciar en junio por Francia y otros países.
Sus abogados, Céline Lasek, Fanny Colin y Christophe Ingrain, señalaron que el artista se había puesto a disposición de la justicia desde hacía semanas.
""Desde hace varias semanas hizo saber que estaba a disposición de la justicia, para poder por fin declarar en el marco del procedimiento judicial ante la autoridad competente"", indicaron.
Entre las denunciantes figura Daniela Elstner, actual directora de Unifrance, organización encargada de promover el cine francés en el extranjero.
En marzo, Elstner acusó formalmente a Bruel de haber intentado violarla durante un festival de cine celebrado en México en 1997, cuando ella tenía 26 años y trabajaba como asistente de Unifrance.
""Es una auténtica primera victoria judicial para las víctimas"", declaró a AFP la abogada Jade Dousselin, luego de conocerse la solicitud de imputación presentada por la Fiscalía.
Por su parte, la abogada Myriam Guedj-Benayoun, quien representa a dos mujeres que acusan al artista de violencia sexual en Bruselas en 2010 y en la región francesa de Vaucluse en 2015, expresó satisfacción por el avance del caso.
""Cuando vi 9 de 13, me asusté un poco, pero mis dos clientas forman parte de la lista de víctimas. Vamos a poder trabajar con la justicia"", afirmó.
Nacido en Argelia en 1959, Patrick Bruel inició su carrera artística en el cine, pero alcanzó la fama como cantante en 1984.
Desde entonces ha publicado más de una decena de álbumes de estudio y se convirtió en uno de los artistas más populares de Francia.
También fue conocido por su matrimonio con la escritora Amanda Sthers, con quien tuvo dos hijos antes de separarse.
Además de su trayectoria musical y cinematográfica, Bruel ha destacado como jugador profesional de póker. En 1998 se consagró campeón mundial de esta disciplina.
Ahora, su carrera enfrenta uno de los momentos más complejos, mientras la justicia francesa decide si formaliza los cargos en su contra y ordena medidas cautelares."
2026-06-10,TVN,Irán y EEUU se atacan y alejan la posibilidad de un acuerdo de paz,mundo,"Irán atacó este miércoles bases estadounidenses en Jordania y Baréin, en el más reciente intercambio de fuego con Estados Unidos tras el derribo de un helicóptero norteamericano sobre el estrecho de Ormuz.
Se trata de las hostilidades más intensas entre Washington y Teherán desde la tregua del 8 de abril, y ocurren poco después de que el presidente Donald Trump asegurara que las negociaciones de paz estaban en su ""fase final"".
La escalada comenzó con el derribo de un helicóptero estadounidense Apache por parte de Irán, al que Washington respondió con bombardeos contra la república islámica.
Las fuerzas iraníes dispararon ""misiles de largo alcance"" y ""alcanzaron y destruyeron cuatro grandes objetivos"" en Jordania, indicaron los Guardianes de la Revolución iraníes en un comunicado citado por la agencia estatal IRNA.
Sin embargo, el ejército jordano informó que destruyó cinco misiles iraníes dirigidos contra Azraq, donde se ubica una base estadounidense, sin que se registraran bajas ni daños materiales.
Las hostilidades también se extendieron a Baréin, donde los Guardianes de la Revolución aseguraron haber atacado una base de Estados Unidos.
Por su parte, el ejército de Kuwait indicó que sus defensas aéreas repelieron ""objetivos aéreos hostiles"", aunque inicialmente no precisó el origen del ataque. Irán ha atacado anteriormente bases estadounidenses en territorio kuwaití.
La cancillería iraní sostuvo que sus vecinos del Golfo tienen la ""responsabilidad legal y moral"" de impedir ataques estadounidenses e israelíes desde sus territorios. El ministro de Exteriores, Abás Araqchi, enfatizó que las fuerzas armadas iraníes ""no dejarán sin respuesta ningún ataque ni amenaza"".
Previamente, el ejército estadounidense informó que había completado lo que Trump calificó como un ataque de represalia por el derribo del helicóptero Apache. Los dos tripulantes sobrevivieron y fueron rescatados cerca de la costa de Omán.
El Mando Central de Estados Unidos (Centcom) aseguró haber atacado sistemas iraníes de defensa aérea, estaciones de control terrestre y radares de vigilancia ubicados cerca del estrecho de Ormuz.
La gran interrogante tras esta nueva escalada es el futuro de la vía diplomática para poner fin al conflicto.
En ese contexto, el portavoz del Ministerio de Exteriores iraní, Esmail Baqai, acusó a Estados Unidos de obstaculizar el diálogo.
""Estados Unidos está dañando este proceso diplomático con los mensajes contradictorios que está enviando, con sus reiterados cambios de posición y demandas y, lo peor de todo, con sus repetidas violaciones del alto el fuego"", afirmó.
Mientras tanto, China y Rusia solicitaron una desescalada inmediata.
""Estamos extremadamente preocupados por la nueva ronda de confrontación"", declaró un portavoz del Ministerio de Exteriores ruso. China, por su parte, pidió adoptar medidas concretas para reducir las tensiones.
Según medios oficiales iraníes, el martes se escucharon explosiones en distintos puntos de la costa sur de Irán, cerca del estrecho de Ormuz, una ruta estratégica para el comercio mundial de hidrocarburos que continúa bloqueada.
En la ciudad portuaria de Sirik, unas 20.000 personas quedaron sin acceso a agua potable después de que ataques estadounidenses impactaran dos depósitos de almacenamiento, informó la televisión estatal iraní.
Horas antes, Trump había afirmado que las conversaciones para poner fin a más de tres meses de guerra estaban en su fase decisiva.
""Es cuestión de dos o tres días"", aseguró.
No obstante, tras el derribo del helicóptero, el mandatario estadounidense declaró en una entrevista con ABC News que su país respondería ""de manera fuerte"".
El frágil alto el fuego entre Washington y Teherán ya había sido puesto a prueba durante el fin de semana, cuando Irán e Israel retomaron el intercambio de ataques antes de anunciar una nueva tregua.
El origen de esa confrontación se remonta a un ataque contra Beirut, capital del Líbano, el 2 de marzo, cuando el movimiento proiraní Hezbolá lanzó cohetes hacia Israel.
Israel respondió con una campaña de bombardeos y una invasión terrestre que ha dejado más de 3.600 muertos. Los enfrentamientos con Hezbolá han continuado pese a dos supuestas treguas.
Irán insiste en que cualquier acuerdo para terminar la guerra en Oriente Medio debe incluir también ese frente.
Los nuevos combates opacaron los esfuerzos por reabrir el estrecho de Ormuz, que Irán mantiene prácticamente bloqueado desde el inicio de la guerra.
Los precios del petróleo permanecían estables este miércoles, después de haber caído hasta un 5% el martes tras las declaraciones optimistas de Trump.
Aun así, el bloqueo ha provocado una de las mayores perturbaciones registradas en el sistema energético mundial, según afirmó el director ejecutivo de Shell, Wael Sawan.
""Llevamos ya 100 días de bloqueo, con más del 10% de la producción mundial de petróleo fuera del mercado y alrededor del 20% de la producción de gas natural licuado paralizada"", señaló durante una reunión empresarial en Londres.
Sawan advirtió que el retorno al equilibrio energético global podría tardar más de un año."
2026-05-20,TVN,Contenido Exclusivo: El turno invisible del Metro,contenido-exclusivo,"Ciudad de Panamá, Panamá/Cuando la ciudad apaga sus luces y la mayoría se entrega al descanso, Panamá parece detenerse. El último tren del día parte con la puntualidad de siempre. Para millones de usuarios, ahí termina la jornada. Pero para otros, apenas comienza.
Un equipo de técnicos, operadores e ingenieros entra en acción contra el reloj para garantizar que, al amanecer, todo funcione como si nada hubiera pasado. Esta es la historia del turno invisible del Metro de Panamá.
A las 11:51 de la noche, se desenergizan las líneas del sistema para iniciar los trabajos de mantenimiento. Desde ese momento, comienza una carrera contrarreloj que moviliza a cerca de 300 personas.
El Centro de Control de Operaciones es el cerebro del sistema. Desde allí se autoriza cada movimiento, cada maniobra y cada intervención técnica. Nada es improvisado: todo está planificado con días de anticipación.
Luis Carlos Díaz, director de Operaciones de Mantenimiento del Metro de Panamá, explica el protocolo de seguridad:
“Una vez realizada la desconexión de la catenaria, los contratistas colocan un sistema de bloqueo y etiquetado que garantiza la seguridad eléctrica y evita accidentes”.
En los patios y talleres de la Línea 1, un tren llega para mantenimiento. Allí se realiza el reperfilado de ruedas, un proceso comparable al balance y alineamiento de un vehículo.
Cada rueda es intervenida cuando alcanza aproximadamente 80,000 kilómetros de recorrido, un ciclo que se cumple cada siete meses.
“Buscamos extender la vida útil de la rueda, porque están en constante contacto con el riel y eso genera desgaste”, explica Mario Abadía, jefe de Mantenimiento e Infraestructura.
A la 1:00 a. m., la estación 5 de Mayo está completamente vacía. Sin pasajeros. Sin ruido. Sin movimiento visible.
Pero bajo la superficie, el sistema sigue en funcionamiento.
El Metro cuenta con más de 300 escaleras eléctricas y 200 ascensores, todos sometidos a revisiones periódicas, limpieza y mantenimiento técnico.
“Realizamos inspecciones diarias y rutinas programadas mensuales”, detalla Gilberto Armuelles, especialista en mantenimiento electromecánico.
El Metro de Panamá, inaugurado en 2014, abre por primera vez sus túneles a un medio de comunicación para documentar estos trabajos nocturnos.
En esta jornada se realiza la estabilización de la losa de vía. Cada tren completamente lleno puede pesar hasta 220 toneladas, el equivalente a unos 100 pick-ups.
Para soportar esta carga, se inyecta resina en la base de concreto que sostiene el sistema.
En la estación El Crisol, Línea 2, son casi las 2:00 a. m. Aquí se realiza mantenimiento en los sistemas de cambio de vía.
El sistema cuenta con 42 puntos de desvío, cada uno con mantenimiento preventivo cada seis meses.
“Si alguno presenta fallas durante la operación, se activa lo que llamamos una condición de discordancia”, explica Erick Quintero, jefe de mantenimiento de vía férrea y catenaria.
En los talleres de la Línea 2, el trabajo continúa sobre los trenes. Una pieza clave entra en revisión: el frotador del pantógrafo, encargado de captar la energía desde la catenaria.
Cada tren recorre en promedio 540 kilómetros diarios, por lo que este componente se reemplaza cada cuatro meses.
A pocos metros, otro equipo limpia completamente los vagones: pisos, ventanas y asientos. Todo debe estar listo antes del amanecer.
El sistema, además, requiere cerca de 7,800 megavatios para operar, equivalente al consumo de unas 26,000 viviendas.
A las 4:00 de la madrugada se restablece la energía en las vías. Poco después, el Centro de Control vuelve a llenarse de movimiento.
Operadores, técnicos y personal de seguridad retoman sus puestos. Entre saludos y rutina, el sistema se prepara para reiniciar operaciones.
En el llamado “tren taxi”, el personal es distribuido a las estaciones para activar escaleras, ascensores y torniquetes.
A las 5:00 en punto, las puertas del Metro se abren nuevamente.
Fuera, la ciudad despierta y miles de usuarios inician su jornada. Dentro, queda la huella de una noche de trabajo invisible, donde cientos de personas hicieron posible que todo funcione… como si nada hubiera pasado.
También puedes leer:"
2026-05-13,TVN,Contenido Exclusivo: Habitantes en el olvido,contenido-exclusivo,"Ciudad de Panamá, Panamá/En Panamá, cada vez es más común ver personas viviendo en aceras, estructuras abandonadas, parques o bajo puentes. Aunque muchas veces se asocia esta realidad únicamente con las drogas o la delincuencia, detrás de cada historia hay factores más complejos: problemas de salud mental, abandono familiar, desempleo y adicciones.
Un recorrido por sectores como Calidonia y Curundú deja en evidencia una problemática que sigue creciendo. Entre cartones, bolsas con pocas pertenencias y refugios improvisados sobreviven hombres y mujeres marcados por el dolor, la soledad y la exclusión social.
Durante este recorrido conocimos a Colón, una mujer que terminó viviendo en las calles luego de atravesar una profunda depresión. Su historia está llena de caídas, pero también de intentos constantes por recuperar su vida.
También encontramos casos como el de una mujer que decidió permanecer junto a su pareja en condición de calle. Según contó fuera de cámaras, él creció en ese entorno, criado por una madre que también era habitante de calle. Hoy ambos enfrentan juntos una realidad marcada por la precariedad y la incertidumbre.
En otro punto de la ciudad estaba Maicol, entre basura y materiales reciclables. Con la voz entrecortada, relató que, tras salir de prisión, no encontró empleo ni apoyo, y que la calle fue el único lugar que le abrió espacio.
Aunque Panamá no cuenta con un censo oficial de habitantes de calle, cifras de la Alcaldía de Panamá indican que desde 2024 a la fecha se han identificado alrededor de 1,059 personas viviendo en esta condición en la capital.
Entre las zonas con mayor presencia de habitantes de calle destacan:
En Pedregal, por ejemplo, es posible observar pequeñas estructuras improvisadas levantadas en lotes baldíos, convertidos en refugio para quienes no tienen otro lugar donde vivir.
Especialistas advierten que muchos habitantes de calle enfrentan trastornos mentales, cuadros severos de depresión y problemas de adicción que, sin tratamiento ni acompañamiento, terminan empujándolos a una vida de exclusión.
La situación también preocupa a residentes y comerciantes de las zonas afectadas, quienes aseguran convivir diariamente con las consecuencias sociales y de seguridad derivadas de esta problemática.
Sin embargo, expertos coinciden en que el problema no se resuelve únicamente con operativos o desalojos. Muchos de quienes viven en las calles necesitan atención médica, apoyo psicológico y oportunidades reales de reinserción social.
La Policía Nacional asegura haber reforzado operativos contra el microtráfico en áreas identificadas como puntos críticos, con el objetivo de evitar que más personas caigan en el consumo de drogas.
Mientras tanto, la Alcaldía de Panamá trabaja en la creación del primer centro de tratamiento para habitantes de calle, un proyecto que busca ofrecer atención médica, terapias, capacitación y apoyo para la reinserción social, con respaldo de la Presidencia, el Ministerio de Salud y el Mides.
El albergue municipal, ubicado en Las Garzas, tendrá capacidad para atender a unas 250 personas. Aunque el proyecto debía entregarse en diciembre de 2025, actualmente continúa en fase de equipamiento y podría iniciar operaciones próximamente con una capacidad reducida.
A pesar de esto, fundaciones, iglesias y centros de apoyo continúan trabajando para rescatar a quienes aún desean salir de esta situación.
No todas las historias terminan en la calle. Algunos han logrado rehabilitarse, conseguir empleo y reconstruir sus vidas paso a paso.
Durante este trabajo conocimos a Edwin y Francisco, dos hombres que hoy representan ejemplos de recuperación. Ambos aseguran que salir de las drogas y de la calle ha sido un proceso difícil, pero posible gracias al apoyo recibido y a su decisión de cambiar.
Edwin Vega, otro de los que logró salir del consumo de drogas, contó que cayó en el consumo desde muy joven y que actualmente lucha cada día para no recaer; ahora pide el perdón de su hija.
Sus testimonios reflejan que, para muchas personas, recibir una segunda oportunidad puede marcar la diferencia entre permanecer en las calles o volver a empezar.
El aumento de habitantes de calle en Panamá plantea un importante reto social para el país. Más allá de las cifras y los operativos, especialistas insisten en la necesidad de entender que detrás de cada persona en situación de calle existe una historia humana que muchas veces requiere más apoyo que señalamientos."
2026-05-06,TVN,"Contenido Exclusivo: Veracruz, potencial en espera",contenido-exclusivo,"Veracruz, Panamá Oeste/Desde la ciudad de Panamá, cruzando el puente de Las Américas, en unos 15 minutos se llega a Veracruz, en el distrito de Panamá Oeste. Son aproximadamente dos kilómetros de playa que reciben a los visitantes como la primera imagen de esta zona del litoral Pacífico.
Se trata de un punto con alto potencial turístico, considerado por muchos como una puerta de entrada al desarrollo costero. Sin embargo, detrás de esa fachada, los residentes describen una realidad marcada por carencias en infraestructura y servicios básicos.
“Veracruz vive frente al mar… pero aún de espaldas al desarrollo”, es una frase que resume el sentir de la comunidad.
Uno de los principales reclamos es el estado de las calles y la falta de servicios urbanos. Un residente lo resumió así: “Veracruz no está preparado con infraestructura, no hay aceras, no hay luminarias, las calles están destruidas”.
A ello se suma una problemática persistente: el acceso al agua potable. Según los moradores, hay sectores que han pasado meses sin suministro regular.
“Más de cinco meses sin agua en las partes altas... tenemos que estar pagándoles agua a carros”, denunció otro residente.
Actualmente, la comunidad sigue a la espera de soluciones estructurales, entre ellas la puesta en marcha de la planta potabilizadora de Howard, proyecto que se prevé beneficie a cerca de 300 mil personas en Panamá Oeste, incluyendo a los residentes de Veracruz.
Pero el agua no es el único desafío. Con una población estimada en casi 25 mil habitantes, el corregimiento cuenta con una sola vía principal de acceso y salida, lo que genera cuellos de botella en la movilidad diaria.
El urbanista Álvaro Uribe explicó que esta situación responde a decisiones históricas de planificación urbana: “Veracruz ha quedado como un enclave allá metido en una situación alejada de todo, porque estaba al otro lado del límite de la antigua zona, entonces nunca tuvo conexiones por Panamá Oeste, todas las conexiones eran por Howard”.
Uribe también recordó proyectos inconclusos de integración vial: “Veracruz estuvo en una época, por la cercanía, vinculada a los planes de incorporación del territorio de la antigua zona; el más importante fue el plan Panamá, que hizo el IVU [Instituto de Vivienda y Urbanismo] en 1968 y donde planteaba una Vía Costanera que nunca se construyó”.
Esa dependencia de una sola ruta quedó en evidencia recientemente, cuando un incidente bajo el puente de las Américas afectó la movilidad hacia la capital. El pasado 6 de abril, la explosión de tres vehículos de combustible complicó el tránsito, convirtiendo el trayecto habitual de minutos en horas para los residentes que intentaban regresar a sus hogares.
Como alternativa, desde hace casi una década se plantea la construcción de la Vía Costanera que conectaría Veracruz con Vacamonte. Sin embargo, el proyecto continúa inconcluso, a pocos metros de su conexión final.
Los residentes expresan preocupación de que una mayor conectividad pueda incrementar el tráfico en calles que ya consideran insuficientes para la movilidad actual, donde incluso caminar representa un reto.
A estos problemas se suma la percepción de inseguridad. Los moradores aseguran que la violencia ha ido en aumento en la zona.
“Las calles hay que ampliarlas definitivamente”, dijo un residente, mientras que otra moradora señaló: “Veracruz está viviendo una violencia, donde todos los días es bala”.
En la zona de playa, uno de los principales atractivos del área, los comerciantes reportan fluctuaciones en la actividad económica. Aunque los fines de semana el lugar recibe visitantes, durante la semana la afluencia cae significativamente.
Xavier Rodríguez, administrador de un restaurante, explicó que “en la semana está vacío y los márgenes han caído totalmente”.
Este equipo intentó obtener la versión de las autoridades locales, sin recibir respuesta.
Veracruz concentra playa, ubicación estratégica y potencial turístico, pero sus habitantes insisten en que el desarrollo aún no llega. Mientras tanto, la comunidad sigue esperando que las promesas se concreten y que el progreso, como el mar, también alcance la orilla.
Puedes leer:"
2026-04-29,TVN,Contenido Exclusivo: Cuando el mar reclama,contenido-exclusivo,"Ciudad de Panamá, Panamá/Al amanecer, el sonido del mar debería ser sinónimo de calma. Pero para muchos, en las zonas costeras de Panamá, representa incertidumbre. Entre el avance del cambio climático y la intervención humana, el equilibrio natural se rompe y las consecuencias ahora son inevitables.
En distintas zonas costeras, el avance silencioso del agua ya no es una advertencia lejana, sino una realidad que transforma paisajes, desplaza comunidades y redefine los límites entre tierra y océano.
El cambio climático, con el aumento del nivel del mar y la intensificación de fenómenos naturales, sumado a la construcción desmedida sobre las zonas costeras, ha acelerado este proceso inevitable.
Lo que antes era tierra firme o terreno habitable comienza a ceder. La fuerza constante del mar que altera los ecosistemas, vulnera las infraestructuras construidas por la mano del hombre y el crecimiento urbano sin planificación, se convierten en la pieza clave para entender esta historia agravada por la irrupción del cambio climático como principal protagonista y océanos que comienzan a tomar espacios que por siglos se mantuvieron fuera de su alcance.
Digna Barsallo, directora de Costas y Mares del Ministerio de Ambiente, explica que las costas son sistemas dinámicos, que se modifican debido a la sedimentación. ""Lo que estamos viendo son procesos de erosión costera producto de diversos fenómenos naturales, donde además se adicionan otras variaciones como mar de fondo, cambio climático y el aumento del nivel del mar"".
En Panamá, donde somos una estrecha franja de tierra bañada por los dos océanos más grandes del planeta, el cambio climático en los últimos años, ha comenzado a transformar a nuestras costas, obligando a que muchas comunidades retrocedan principalmente en el litoral Pacífico.
En Farallón, una de las comunidades que conforma Panamá Oeste y que data de más de 100 años, por años sus fundadores han observado las variaciones climáticas que ha sufrido el mar.
No sólo son testigos del aumento de su nivel, sino de los fuertes oleajes que cada vez son más intensos y que han afectado sus viviendas, hasta el punto de dejar algunas de ellas semienterradas, así lo confirma Nidia López, que toda su vida ha vivido en este lugar.
""No son olitas chiquitas, son olas grandes que pasan por debajo de mi casa y se van al río. Antes el mar quedaba lejos y ahora está aquí encima y cuando vienen los oleajes tropiezan con las piedras y viene el agua hacia acá"".
Antes la playa estaba a muchos metros de sus casas, pero ahora no. Cada aviso de fuertes oleajes y mar de fondo en el Pacífico, obliga a los pobladores en su mayoría adultos mayores, a dormir con un ojo cerrado y otro abierto.
El aumento del nivel del mar, responde a una de las consecuencias más visibles del calentamiento global. Las estimaciones a nivel de estudios internacionales, señalan que a finales de este siglo el mar podría aumentar su nivel entre 30 y 100 centímetros, sobre todo en las zonas más elevadas de las emisiones de gases de efecto invernadero, lo que nos obligaría a poner en marcha un plan que pueda mitigar parte de sus efectos.
Desde el Ministerio de Ambiente, se tiene identificado cuáles son las zonas vulnerables donde hay un aumento del nivel del mar y un incremento acelerado de la erosión costera.  Entre ellas están comunidades de Panamá Oeste, como Punta Chame, Punta Malibú, Farallón, toda la línea costera de la provincia de Los Santos, mientras que en el Caribe están la comarca Guna Yala, provincia de Colón y Bocas del Toro.
Pero la transformación costera no es la única que se está adaptando a los fenómenos climáticos, sino que también se enfrenta a otro gran enemigo que por años le ha ido restando espacio, el crecimiento urbanístico.
Cada vez son más las construcciones que se hacen sobre los límites costeros, convirtiendo el sueño de muchos de tener una propiedad soñada a orillas del mar en paredes y muros resquebrajados que el agua se lleva.
Este escenario no es exclusivo del océano Pacífico. En la costa Atlántica de Colón, ocurre lo mismo. Por ejemplo, en Piña, una de las comunidades ubicadas en la Costa Abajo, los moradores han vivido los efectos del cambio climático y sus variaciones, pero ahora se enfrentan a otro fenómeno y hasta una actividad ilegal, la extracción de arena.
En esta comunidad, la mayoría de sus residentes viven de la pesca. Por ejemplo, Antonio que nació en Piña, narra como ahora los pescadores artesanales, deben adentrarse más al mar, prueba de que los cambios también tienen impacto en la fauna marina.
""Allá afuera se nos para un barco a extraer arena desde abajo. Sustraen arena y luego se van y nosotros quedamos con el problema"", dijo.
Ante estos fenómenos, la respuesta para mitigar el impacto es clave. Desde sembrar un manglar para protegerlo, hasta fortalecer la educación ambiental en las escuelas y promover la participación ciudadana, pudieran hacer la diferencia.
Cada metro de arena que desaparece, nos advierte claramente de lo que está por venir. Al final, la naturaleza seguirá reaccionando a los daños provocados por la intervención del hombre.
Frente a esta realidad, también las políticas públicas se convierten en una urgencia en materia de ordenamiento territorial, protección de ecosistemas, manglares y en la necesidad de invertir en infraestructuras más resilientes y respetuosas del medio ambiente, que incluyan planes de adaptación y que prioricen a las comunidades más vulnerables.
Se necesita un cambio cultural que comprenda los fenómenos relacionados al cambio climático y nos permita actuar respetando nuestra relación con el medio ambiente.
Puedes leer: Contenido Exclusivo: Corredor de las Playas, Capira en la ruta del cambio"
2026-04-22,TVN,"Contenido Exclusivo: Corredor de las Playas, Capira en la ruta del cambio",contenido-exclusivo,"Ciudad de Panamá, Panamá/Entre 96,000 y 100,000 vehículos se desplazan cada fin de semana y días feriados hacia las playas del Pacífico y el interior, convirtiendo la vía Panamericana en uno de los puntos más críticos de congestión vehicular del país. El tranque, para muchos conductores, se ha convertido en la parte menos agradable del viaje.
Ante esta realidad, avanza el proyecto de ampliación del Corredor de las Playas, cuyo diseño original fue reestructurado por la administración pasada. La nueva etapa contempla la ampliación de la vía Panamericana desde El Espino de La Chorrera hasta Sajalices.
La ingeniera Lilian Gutiérrez, directora del proyecto de ampliación del Corredor de las Playas, explicó el estado actual de los trabajos iniciales:
""Nosotros hemos iniciado con todo lo que es la limpieza de los sistemas de drenaje, cajones, tuberías, que se encuentran a lo largo de la vía”.
El proyecto, adjudicado a la constructora MECO por 228 millones de dólares, contempla la intervención de 19 kilómetros de la vía Panamericana. De estos, 16.7 kilómetros corresponden a la ampliación de la carretera, que pasará de 4 a 6 carriles. Además, se incluye una variante de 1.7 kilómetros con un intercambiador que conectará un viaducto de aproximadamente 800 metros hasta Sajalices.
Gutiérrez detalló el cronograma de ejecución:
“Previendo que en dos meses vamos a empezar a construir y mejorar la estructura para realizar la ampliación del tercer carril que se va a ubicar colindante a la vía Panamericana”.
El proyecto también contempla la construcción de dos nuevos puentes peatonales, la rehabilitación de 11 existentes, tres retornos a nivel y dos retornos a desnivel en el área de Capira.
El primer tramo, que conecta La Chorrera con Capira, tendrá una extensión de 10.10 kilómetros y es considerado el de menor complejidad constructiva.
“Nosotros vamos a estar ampliando, como te comenté, un carril adicional que va a tener ancho de 3.60 y luego un hombro que en algunos puntos va a tener un ancho de 3 metros también”, añadió Gutiérrez.
Sin embargo, el segundo tramo, de aproximadamente 2 kilómetros en el centro de Capira, entre el Banco Nacional y Quesos Chela, ha generado preocupación entre residentes.
El residente Jorge Antonio Ramos Madrid expresó inquietudes sobre el impacto del proyecto:
“El pueblo está preocupado porque imagínense, en dos carriles de cada uno. Y aquí ha habido bastantes accidentes. Entonces, ¿cómo va a ser? Tres carriles más. Y las casas, ¿cómo van a quedar? Tampoco las autoridades han venido aquí a sentarse. Muchachos, esto es así, así, así, así. Nada, esto nos lo enteramos y por eso hemos comenzado a hacer movimiento para que vengan”.
Ante estas inquietudes, la directora del proyecto señaló que se encuentran en fase de estudios técnicos y acercamiento comunitario:
“Nosotros actualmente estamos en ese punto haciendo lo que son los levantamientos topográficos para tener claramente cuál va a ser el alineamiento en esos puntos y poder posteriormente iniciar la discusión con la comunidad e informar cuánta servidumbre vial va a requerir el proyecto para su ejecución”.
Agregó además que se buscará minimizar afectaciones:
“Sin embargo, lo que se está previendo es usar el ancho que haya existente con la finalidad de generar la menor afectación posible”.
La urbanista Verónica Quintero cuestionó la efectividad de ampliar carriles como solución al congestionamiento:
“Primero que nada, ampliar los carriles con el propósito de mejorar el flujo vehicular. No funciona. Es algo que sabemos desde hace décadas y décadas. Los estudios simplemente prueban que eso no funciona. Al contrario, en algunos casos produce más tranque”.
Y agregó alternativas de planificación:
“Las alternativas que se podrían hacer son tirar la autopista alrededor del pueblo, pero eso también tiene que venir con una inversión importante en el servicio público, las aceras, el transporte público dentro del pueblo para que no se desconecten. Y esas intervenciones son más costosas, esa es la realidad. Tal vez no pagamos mucho dinero con esta intervención de los seis carriles, pero las que pagan son las comunidades”.
El proyecto está diseñado para una velocidad de 60 km/h en algunos tramos. Sin embargo, residentes temen que la ampliación incremente los riesgos.
El residente Manuel Berrio manifestó:
“Si con cuatro carriles, el conductor, como ven, no respeta las señales de tránsito, la velocidad. ¿Qué nos garantiza que a seis carriles van a respetar lo establecido por el tránsito? Yo vivo a la orilla y a mi casa se han metido varios carros”, dijo Berrio.
La ingeniera Gutiérrez explicó el diseño de la vía:
“Vamos a tener una vía diferente de lo que se prevé para el centro de la Panamericana. Es una New Jersey Central que va a estar corrida para que también nos den los espacios para hacer la construcción de los carriles”
Por su parte, el subteniente de la Policía de Tránsito, Macías, señaló:
“El futuro es una ampliación de los carriles. Los límites establecidos para las comunidades donde hay mayor cantidad de población son de 40 a 60 kilómetros por hora. Podemos mencionar Capira, Chame, Chame Centro, Campana”.
Capira, con 170 años de fundación, ha experimentado un crecimiento económico significativo, con la expansión de comercios, supermercados y restaurantes. Sin embargo, algunos establecimientos podrían verse afectados por la intervención en áreas de servidumbre vial.
Caridad Rodríguez, residente, advirtió:
“Hay muchos, muchos locales que van a perjudicar. Que midan bien, que hagan las cosas bien, porque ya después que está hecho, no podemos hacer más”.
Berrio destacó una postura más equilibrada:
“El pueblo de Capira no está en contra del proyecto. Sabemos que este es un beneficio para todo el país. No estamos en contra tampoco de que la ampliación se dé, pero la forma en que se está dando, la falta de comunicación. Creo que si llegamos a una comunicación con el MOP, podemos llegar a mejorar el proyecto”.
El proyecto incluye también la rehabilitación de 5 kilómetros de vías internas en Capira y la construcción de un viaducto de aproximadamente 800 metros entre Campana y Sajalices, con pilastras de hasta 30 metros de altura.
La directora Gutiérrez detalló:
“Este tramo de la variante Campana hace un tramo de 3 kilómetros. Va a ser un viaducto en un tramo de 800 metros. Este tramo va a tener una altura de 30 metros. Es un tramo que va a estar colindante con la S de Campana. Va a estar pasando por el lado izquierdo”.
El director de Proyectos y Diseños del MOP, Edwin Lewis, explicó la función del desvío:
“Y ahí estamos en el proceso de identificación de las fincas. Vamos a iniciar la negociación con las fincas, porque hay que adquirir una servidumbre nueva para el paso de esta variante. Ese desvío o variante de Campana se hace con el objetivo de darle la opción más que nada a los usuarios, en vez de bajar por Loma Campana con las curvas contra curvas, porque puedan bajar de forma directa”.
Y añadió:
“Ya quedará para el usuario escoger si utiliza la carretera Panamericana existente, tal cual como está hoy, o utiliza el desvío de Loma Campana. Igualmente, como he indicado anteriormente, tendrá un peaje simbólico para mantenimiento futuro de la vía”.
La ampliación de la vía Panamericana tendrá una duración estimada de dos años y medio. Sustituye el proyecto original del Corredor de las Playas, que contemplaba 32 kilómetros y fue licitado inicialmente por 606 millones de dólares.
Tras su reestructuración, se ejecutó una primera fase con el viaducto de La Espiga por 282 millones de dólares, seguida por esta segunda etapa entre El Espino y Sajalices por 228 millones.
Durante su construcción, el proyecto generará al menos 600 empleos directos y cerca de 1,000 indirectos."
2026-04-15,TVN,Contenido Exclusivo: Vivienda propia: ¿Sueño lejano?,contenido-exclusivo,"Ciudad de Panamá, Panamá/Tener casa propia ha sido, durante décadas, uno de los mayores anhelos en Panamá. Representa estabilidad, seguridad y ese momento en el que muchos sienten que “lo lograron”.
Sin embargo, para una gran parte de los jóvenes, ese sueño parece estar cambiando de forma o alejándose cada vez más; generaciones pasadas lograban comprar vivienda a una edad relativamente temprana. Hoy, la historia es distinta: cada vez más panameños retrasan la compra de su primer hogar.
“No es tan fácil. Si buscas casas, tienes que irte muy lejos; sacrificas calidad de vida. Y si es céntrico, es pequeño”, comenta Jorge Lucía, joven consultado.
Según la asesora financiera Martha Luna, aunque Panamá ofrece facilidades como préstamos hipotecarios a 30 o 35 años, el aumento de costos sigue aplazando la posibilidad de inversión.
Desde el sector bancario, Eivilyn Da Luz Palacios, del Banco Nacional, explica que el 60% de quienes solicitan préstamos hipotecarios tiene más de 30 años, mientras que solo un 20% se ubica entre los 25 y 30 años.  Esto responde, en gran medida, a la necesidad de contar con mayor estabilidad laboral antes de asumir este compromiso.
Uno de los principales obstáculos es el costo de la vivienda.  En zonas urbanas como Ciudad de Panamá, una propiedad puede superar fácilmente los 100 mil o 150 mil dólares, dependiendo de la ubicación.  “Busqué en áreas como Bethania y Bella Vista, pero son muy caras. Y si me voy hacia el oeste, el tráfico me genera más gastos”, relata Arellys Márquínez, quien ha intentado comprar vivienda en varias ocasiones.
La directora ejecutiva de Convivienda, Elisa Suárez, advierte que muchas personas ya no logran cubrir ni el abono inicial y que incluso en los últimos años se ha registrado una caída en la venta de viviendas bajo el interés preferencial.
Y es que el nivel salarial también juega un papel clave.  Para aspirar a una vivienda dentro del rango de interés preferencial, entre 50 mil y 120 mil dólares, se estima que una persona debe ganar entre 1,000 y 1,500 dólares mensuales.  Sin embargo, la realidad es otra: cerca del 70% de la población no alcanza ese ingreso.
El consultor empresarial René Quevedo señala que el salario promedio de los jóvenes en Panamá ronda los 800 dólares, lo que limita significativamente su acceso al mercado inmobiliario.  Además, muchos trabajan en la informalidad o tienen ingresos variables, lo que dificulta aún más calificar para un préstamo hipotecario.
El acceso a la vivienda no solo depende del precio del inmueble. El economista Eric Molino explica que factores como los retrasos en los pagos del Estado al interés preferencial han reducido el interés de los bancos en este segmento.  A esto se suma el Impuesto de Transferencia de Bienes Inmuebles (ITBI), que ahora también se aplica a viviendas nuevas.
“El 2% del ITBI se trasladará al cliente”, advierte nuevamente Elisa Suárez.  Según Molino, esto implica que una persona que antes necesitaba reunir unos 3,000 dólares para el abono inicial, ahora podría requerir más de 4,000 dólares.
Por su parte, el ministro de Vivienda, Jaime Jované, señaló que el ITBI no es nuevo y que es un impuesto cuyo subsidio culminó y que las promotoras lo podrían reflejar como un gasto.  Sin embargo, aclaró que el tema se revisa.
Ante este escenario, muchos jóvenes optan por alquilar como solución a corto plazo. Otros continúan viviendo con sus padres mientras logran estabilidad económica.
El contexto laboral también influye: aproximadamente la mitad de las personas desempleadas en el país tiene menos de 30 años, lo que retrasa su capacidad de adquirir vivienda.  Pero también hay un problema más amplio: déficit habitacional.  La directora de Convivienda, Elisa Suárez, también advierte sobre el aumento del hacinamiento, con tres a cuatro familias que comparten una misma vivienda.
El país enfrenta un déficit habitacional importante: entre 150 mil y 180 mil viviendas faltantes.  Hasta 400 mil hogares con necesidades habitacionales si se incluye el déficit cualitativo.
Además de los factores económicos, hay un cambio en las prioridades.  “Muchos jóvenes prefieren estudiar, comprarse un carro o vivir experiencias antes de pensar en una casa”, comenta Luis Ríos, quien actualmente comparte gastos de vivienda con su hermano y compañeros.
En esa línea, Martha Luna añade que, mientras más lejos se ubican los proyectos de vivienda, menos atractivos resultan, lo que lleva a muchos jóvenes a seguir alquilando o viviendo con sus padres.
Desde el gobierno se reconoce que el acceso a la vivienda es cada vez más complejo.  El ministro Jaime Jované ha señalado que se impulsan programas como el arrendamiento con opción a compra, dirigidos a jóvenes que aún no califican para un préstamo hipotecario.  También se plantean proyectos habitacionales cerca de la línea del metro y transporte público para reducir costos y mejorar el acceso.
Expertos insisten en que las políticas públicas deben enfocarse más en la clase media y en la construcción de viviendas accesibles cerca de los centros de trabajo.
Una vivienda digna es un derecho humano, pero entre ingresos insuficientes y la falta de viviendas de bajo costo en el mercado, su acceso es cada vez más difícil.  Seguirá siendo una necesidad de las nuevas generaciones, especialmente si deciden constituirse en familias.  Toca que hagamos lo necesario para que este sueño se cumpla.
Puedes leer:"
2026-04-13,TVN,Contenido Exclusivo: Cuando la violencia invade las canchas,contenido-exclusivo,"Ciudad de Panamá, Panamá/Las canchas deportivas comunitarias históricamente se promovieron como herramientas de prevención social. La promesa era clara: más deporte, menos violencia.
Sin embargo, no hay un inventario oficial actualizado de cuántas existen y, lo más grave, persisten las denuncias sobre su deterioro y el mal manejo de los espacios.
""No se puede jugar, hay huecos y se hace complicado jugar así"", dijo Aryelis Herrera, que practica fútbol.
Hoy los vecinos dicen que ya no mandan los balones. La pregunta es inevitable: ¿Cómo permitimos que espacios creados para prevenir la violencia hoy reflejen el abandono y el miedo?
Moisés Batista, residente en Concepción, Juan Díaz, indicó que un barrio no invita al otro barrio como solía ser anteriormente.
En 2025, Panamá cerró con 593 homicidios a nivel nacional, un incremento de casi 2% respecto al año anterior. Según cifras oficiales del Ministerio Público, la mayoría de las víctimas eran hombres jóvenes entre 18 y 24 años.
Más del 70% de estos crímenes están relacionados con pandillas y crimen organizado.
Walther Stanziola, subcomisionado, jefe de la zona policial Pacora, manifestó que muchas veces han pasado verificando las canchas deportivas; no ocurre nada, pero no se puede evitar que después pase un vehículo con individuos que tengan represalias contra alguna persona que se encuentre en el sitio.
En medio de estadísticas que golpean a la juventud y barrios marcados por la violencia, hay quienes decidieron no rendirse. Manuel Vargas es un promotor deportivo que opera en San Miguelito.
¿Qué tan difícil es llevar deporte a un barrio marcado por la pobreza y la violencia?
""Es complicado, pero no es imposible; muchas veces algo que detiene a los promotores deportivos es el poco apoyo que se brinda para trabajar en estas áreas de riesgo social"", dijo Vargas.
Según las autoridades, los jóvenes no son solo víctimas, sino también potenciales reclutas de estructuras criminales que buscan mano de obra para sus actividades, sobre todo si se trata de menores de 14 años.
""Me tocó ver niños que llegaban aquí solamente con su suéter, su pantalón, sin medias y sin zapatillas. Cuando tú vas indagando, te encuentras un hogar desintegrado"", acotó Vargas.
""Tenemos una familia débil; por lo tanto, vamos a tener grupos de jóvenes a los que les hace falta apoyo familiar y lo encuentran en otros grupos. Son elementos de violencia que muchas veces son reclutados por el crimen organizado"", sostuvo José Clemente Lasso, sociólogo y docente investigador de la Universidad de Panamá.
En 2026, 10,288 niños y adolescentes quedaron fuera del sistema educativo.
Desde 2024 y 2025, la barrera de los más de 10,000 no se reduce.
""Mucho talento en los barrios; lastimosamente, nos ganan las pandillas"", indicó el promotor deportivo Manuel Vargas.
Los hechos de violencia en espacios que deberían ser de recreación y convivencia se convierten en titulares, repitiéndose con una frecuencia que ya no sorprende, pero sí preocupa.
26 de marzo de 2025: Ciudad Radial: Matan a excandidato a representante en balacera.
13 de febrero de 2026: Panamá Oeste: Birria de fútbol acabó en muerte y llanto.
Junio de 2025: Santa Librada: lo ejecutan en la cancha; menor de 17 años pierde la vida a tiros.
Junio de 2024: fallece futbolista Gian Carlos García, otra víctima de la violencia en Colón.
Marzo de 2023: fallece futbolista panameño; el hecho se registró en una cancha de fútbol en Cativá, Colón.
""La violencia se ha tomado los campos deportivos y la inseguridad nos lleva a que nosotros nos detengamos porque no queremos vernos involucrados, ni queremos tampoco que personas ajenas se vean involucradas. No podemos dar a conocer los talentos que tenemos... frustración completa"", agregó Javier Ibarra, dirigente deportivo Juan Díaz.
Una escena que reabre el debate sobre seguridad en áreas comunitarias y deja a vecinos preguntándose quién protege realmente estos espacios.
Hace 16 años, una bala perdida en un espacio recreativo de San Joaquín cambió para siempre la vida de Melva.
Lo que debía ser un lugar de encuentro terminó convirtiéndose en tragedia.
Hoy permanece en una cama, sin poder moverse, como una víctima silenciosa de la violencia que invade los barrios.
Su historia es el rostro humano detrás de cada disparo.
La violencia se toma los barrios y, con ellos, arrastra a nuestra juventud, mientras las canchas dejan de ser refugio para convertirse en escenarios de riesgo.
Estos espacios, cada vez más deteriorados, son también un símbolo de promesas rotas y falta de oportunidades.
Cada cancha marcada por disparos es una señal de alerta que no podemos ignorar.
¿Qué estamos dispuestos a hacer, como sociedad, para frenar esta realidad?"
2026-04-08,TVN,"Contenido exclusivo: Paradas, la amarga espera",contenido-exclusivo,"Ciudad de Panamá, Panamá/En la ciudad de Panamá, esperar el bus es una moneda al aire con dos caras igual de desalentadoras: o te encierras en una estructura de vidrio que actúa como una freidora de aire humana, o te toca esperar de pie junto a un poste, totalmente desprotegido.
Lo que debería ser la puerta de entrada a un sistema de transporte moderno se ha convertido en una prueba de resistencia física que ignora las leyes básicas del trópico.
El recorrido por los barrios capitalinos revela una desconexión entre el diseño urbano y el clima local. En sectores como Don Bosco, las paradas de vidrio —fruto de contratos de concesión—
Son un dilema para los usuarios. La gente prefiere refugiarse bajo cualquier techo privado cercano porque entrar en ellas es, literalmente, asarse.
Sin embargo, el escenario es aún más crudo en otras zonas como Brisas del Golf o sectores periféricos, donde la infraestructura es inexistente. En estos puntos:
Contenido Exclusivo: Una nueva ruta para el oeste
Mientras ciudades en Australia (con climas similares al nuestro) apuestan por la ""infraestructura verde"" y árboles de copa ancha para enfriar las zonas de espera, en Panamá la norma es el hormigón y el metal.
Los estándares internacionales sugieren aleros profundos y ventilación cruzada. Hoy, estos elementos brillan por su ausencia. El resultado es una sensación de espera multiplicada por el malestar físico, lo que amarga la experiencia de cualquier ciudadano que intente dejar el auto en casa para usar el bus.
En la Avenida Canfield de Albrook, sobrevive una lección de arquitectura funcional. Una parada construida hace más de 70 años sigue recibiendo pasajeros con una frescura que las estructuras modernas no pueden replicar. Irónicamente, en zonas vecinas como Clayton, estas joyas de la ingeniería climática fueron demolidas para instalar los modelos de vidrio que hoy los usuarios rechazan.
La exvicealcaldesa Raisa Banfield reconoce que, si bien se trabajó en la renovación de concesiones para instalar mobiliario, la adaptación climática sigue siendo una tarea pendiente.
El sistema de transporte seguirá siendo deficiente mientras su primer eslabón sea una prueba de supervivencia. Una parada debe ser un refugio, no una ""amarga espera"" que muchos prefieren evitar."
2026-04-07,TVN,La pobreza infantil golpea más fuerte: 482 mil niños viven en carencias en Panamá,contenido-exclusivo,"Panamá/En Panamá, la pobreza no golpea a todos por igual. Tiene rostro, edad y territorio. Y ese rostro, en muchos casos, es el de un niño. De acuerdo con el estudio “Pobreza infantil en Panamá: un abordaje territorial de la pobreza monetaria en la niñez y la adolescencia”, elaborado por el Fondo de las Naciones Unidas para la Infancia (Unicef, por sus siglas en inglés), el Banco Mundial y el Ministerio de Desarrollo Social, al menos 482,033 niños, niñas y adolescentes viven en condición de pobreza en el país, una cifra que refleja una realidad persistente y profundamente desigual.
En términos proporcionales, uno de cada tres menores de edad vive en pobreza, mientras que uno de cada seis enfrenta pobreza extrema. La brecha es clara: la pobreza infantil supera en 13 puntos porcentuales a la pobreza en la población total, lo que evidencia que la niñez sigue siendo el grupo más vulnerable dentro de la estructura social panameña .
No todos los niños enfrentan el mismo nivel de riesgo. La evidencia muestra que la mayor incidencia de pobreza se concentra en la primera infancia, especialmente entre los 0 y 6 años, donde se registran niveles más altos que el promedio nacional. Este dato no es menor, pues es en esa etapa donde se define gran parte del desarrollo físico, cognitivo y emocional. Crecer en pobreza desde esos primeros años no solo limita el presente, también condiciona el futuro.
La pobreza infantil en Panamá tiene un fuerte componente territorial. No es lo mismo crecer en la ciudad que en una comarca indígena. En regiones como Ngäbe-Buglé, Guna Yala o Emberá-Wounaan, las cifras son alarmantes: más del 80% de los niños viven en pobreza, y más de la mitad en pobreza extrema . En contraste, provincias con mayor desarrollo presentan niveles significativamente más bajos.
Las diferencias no solo se dan entre provincias, sino dentro de ellas. En Veraguas, por ejemplo, la pobreza infantil alcanza 15.7% en el distrito de Santiago y 78.7% en el distrito de Santa Fe. Esta desigualdad interna revela que el problema no es uniforme, sino altamente focalizado.
Las cifras muestran una realidad contundente: la niñez indígena enfrenta niveles de pobreza que duplican o incluso cuadruplican los del resto del país . Además, el 60.7% de los niños en pobreza extrema pertenece a pueblos indígenas, a pesar de representar una proporción mucho menor del total de la población infantil. La combinación de factores —territorio, acceso limitado a servicios, condiciones económicas y exclusión histórica— crea un círculo difícil de romper.
Otro elemento clave es el tamaño del hogar. La relación es directa: a mayor número de niños en una familia, mayor es la probabilidad de caer en pobreza. Los estudios revelan que:
Esto ocurre porque los ingresos deben repartirse entre más personas, reduciendo el ingreso per cápita y aumentando la vulnerabilidad. También plantean factores laborales y educativos: La baja calidad del empleo y el bajo nivel educativo de los adultos del hogar limitan los ingresos familiares. Así como, desventajas territoriales, porque las poblaciones indígenas enfrentan desventajas acumuladas por su ubicación geográfica y la falta de servicios.
La pobreza es un problema que se agravó tras la pandemia. Aunque Panamá logró reducir la pobreza durante años, el deterioro más fuerte se registró después de 2019, con un impacto significativo reflejado en 2021, cuando las cifras empeoraron tras la pandemia. La recuperación ha sido más lenta para la niñez, lo que confirma que este grupo resiente más los efectos de las crisis económicas.
Según la serie histórica (2005–2023) presentada en el informe, el año con la mayor incidencia de pobreza general en Panamá fue 2006, alcanzando un 38.3%. En cuanto a la pobreza extrema, ese mismo año también registró el punto más alto con un 22.2%. Desde entonces, la tendencia ha sido generalmente descendente, aunque se ha estancado en años recientes
Sobre estos estudios,  la ministra de Desarrollo Social, Beatriz Carles de Arango, señaló que  representa un ""insumo técnico de alto valor para fortalecer la formulación y ejecución de políticas públicas dirigidas a la protección y el desarrollo integral de la niñez en Panamá. Destacó que la evidencia presentada permite comprender con precisión la magnitud de la pobreza infantil, así como las brechas territoriales y sociales que persisten, especialmente en zonas rurales e indígenas"".
Mientras que,  Sandie Blanchet, representante de Unicef en Panamá indicó que “la pobreza afecta negativamente el desarrollo cognitivo, físico y emocional de los niños y no se limita a la falta de ingresos. Se traduce en menos oportunidades, menor acceso a servicios de calidad y mayores barreras para el desarrollo integral de los niños, niñas y adolescentes que crecen en pobreza. Panamá necesita mejorar y proteger la inversión pública e incrementar la inversión privada en la niñez para romper los ciclos intergeneracionales de pobreza y desigualdad que hoy limitan el crecimiento del país”.
Por su parte, Juan Pablo Uribe, director de División del Banco Mundial para Centroamérica y la República Dominicana, considera que “mejorar la focalización de las ayudas económicas es una inversión estratégica en capital humano. Asegurar que la niñez que más lo necesita reciba apoyos oportunos desde la primera infancia es clave para desarrollar las habilidades que sostendrán la productividad, el empleo y el crecimiento del país en el largo plazo”.
Y es que, los informes elaborados por la Unicef, el Banco Mundial y el Mides,  no solo describen el problema, también plantean soluciones concretas:
Además, se insiste en que las políticas deben considerar factores como el tamaño del hogar, la edad de los niños y la ubicación geográfica para ser más efectivas.
Vea aquí el estudio:"
2026-04-03,TVN,"Viernes Santo: Lavado de la Cruz en el río al amanecer, el rito centenario que mantiene viva la fe en Parita",contenido-exclusivo,"Parita, Herrera/Cada Viernes Santo, a las cinco de la madrugada, un grupo de feligreses de la Iglesia de Santo Domingo de Guzmán de Parita carga una cruz de madera sobre sus hombros y camina en silencio hasta el río Parita.
Allí, la introducen en el agua y la lavan con sus propias manos. El recorrido dura entre quince y veinte minutos, y el regreso al templo ocurre antes de las siete de la mañana. No hay música, ni discursos, ni amplificación: el acto se desarrolla completamente en silencio.
Se trata del Lavado de la Cruz, una tradición religiosa con más de un siglo de antigüedad que, según sus practicantes, no tiene registro en ningún otro lugar de Panamá.
Joaquín de León, feligrés y participante de la tradición, explicó que no existe un registro escrito que determine con precisión su origen ni quién la instituyó. La propia comunidad reconoce esta incertidumbre.
“Desde hace muchos años, más de un siglo, se realizaba (...) Esta es una tradición única en Panamá”, afirmó.
Lo que sí permanece claro en la memoria colectiva es su continuidad histórica, aunque con algunas interrupciones. Según De León, durante las décadas de 1940 y 1950, por diversas razones, el ritual llegó a realizarse el Jueves Santo en la tarde, en lugar del Viernes Santo en la madrugada, práctica que posteriormente fue corregida.
""Creo que hay más sentido porque el Viernes Santo es el día de la redención, y el Día del Madero, en el que Cristo muere en la cruz"", indicó De León. El feligrés también señaló que la tradición estuvo inactiva durante varios años, hasta que en 2014 fue retomada por un grupo de devotos, quienes investigaron con personas mayores de la comunidad para reconstruir el procedimiento original.
""Por algunos años que no se hacía, pero el pueblo con ese tiempo, y los que tuvieron, pues el agrado de rescatar la tradición, investigaron con las personas mayores, inclusive mucha gente que había participado en su tiempo"", dijo.
El Lavado de la Cruz sigue una estructura transmitida de forma oral y práctica, y posee un significado definido dentro de la fe católica, especialmente en el contexto del Viernes Santo como día de la redención.
La cruz utilizada es la misma que se expone durante la Cuaresma en la Piedra del Perdón. A las cinco de la mañana del Viernes Santo, tres hombres la cargan sobre sus hombros, distribuyéndose según la forma del madero: dos en los extremos del travesaño horizontal y uno en la parte inferior del vertical.
La procesión parte desde la iglesia, recorre la avenida Santo Domingo, continúa por la calle Quinta, pasa frente a la capilla de Papachú y llega al balneario del río Parita, en Palo Grande. Durante todo el trayecto, el silencio es absoluto; incluso los relevos se realizan sin palabras, mediante un leve toque a la cruz que indica el cambio de portador.
Al llegar al río, los participantes ingresan al agua con la cruz y la colocan con una orientación específica: la parte superior hacia aguas arriba y la inferior hacia aguas abajo. Luego, la lavan manualmente. Finalizado el ritual, regresan por el mismo camino y, antes de las siete de la mañana, la cruz ya se encuentra nuevamente en el templo.
Más allá de su desarrollo, el acto tiene un carácter profundamente penitencial y comunitario. Según Joaquín de León, el ritual funciona como un gesto de reconocimiento de las culpas de la comunidad, que antecede a la conmemoración de la muerte de Cristo horas más tarde.
“Más que un rito, es un acto penitencial. En la cruz, Cristo lava nuestros pecados; es el día de la redención y primero se lleva la cruz al río para ese reconocimiento de culpas, que luego Cristo redime con su muerte”, explicó.
Este sentido también se refleja en el silencio que acompaña la procesión, entendido como un espacio de reflexión personal. La actividad es de participación abierta: personas de todas las edades acompañan el recorrido, aunque la carga de la cruz recae únicamente en varones voluntarios que conocen la dinámica del ritual y se organizan de manera espontánea. ""Totalmente voluntarios. Los que asistimos ya sabemos cómo se va a tomar la cruz, cuándo se toma, cómo se trae y se lleva"", indicó.
La Iglesia de Santo Domingo de Guzmán de Parita, declarada Monumento Histórico Nacional, es una de las edificaciones coloniales mejor conservadas del interior del país.
En este entorno, el Lavado de la Cruz forma parte de un conjunto de tradiciones religiosas que han perdurado por generaciones, consolidando a Parita como uno de los principales referentes de la Semana Santa en Panamá. Para De León, la vigencia de estas prácticas depende de que se mantengan desde la fe y no como espectáculo. También considera que su difusión puede contribuir a preservarlas, siempre que se comprendan desde su dimensión espiritual.
""Todas las tradiciones nos tienen que llevar a Dios, a la Iglesia, al altar, pero no podemos tener tradiciones que simplemente sean un mero formalismo, show o acontecimiento externo, y que no vayan acompañadas de tu fe personal y de tu convicción religiosa. Definitivamente, todas estas tradiciones a la final salen de la Iglesia, pero vuelven a la Iglesia"", señaló.
Al mismo tiempo, el feligrés reconoció que dar a conocer estas prácticas puede contribuir a su preservación, siempre que quienes se acerquen lo hagan con disposición genuina. ""El turismo religioso es muy bonito, pero tiene que ser un turismo que se te adentre a ti, que te llegue a tu corazón, que llegue a tu alma, y sea un motivo siempre de un cambio personal"", indicó.
En un país donde muchas tradiciones luchan por mantenerse frente al paso del tiempo, el Lavado de la Cruz de Parita persiste sin estridencias, sostenido únicamente por la fe de quienes lo practican. En el silencio de la madrugada y en el gesto repetido cada año, la comunidad no solo conserva una costumbre centenaria: reafirma una forma de entender la devoción que no necesita ser vista para seguir viva."
2026-04-01,TVN,Contenido Exclusivo: Sabores de Semana Santa,contenido-exclusivo,"Ciudad de Panamá, Panamá/Durante la Semana Santa, en distintas regiones de Panamá, las familias aprovechan estos días de reflexión para mantener vivas sus tradiciones, especialmente a través de la gastronomía. Es una época en la que la mesa se convierte en punto de encuentro, donde generaciones se reúnen para preparar recetas heredadas que evocan recuerdos, fe y unión familiar. Los postres, en particular, cobran un significado especial, ya que forman parte esencial de estas celebraciones.
En muchos hogares panameños, la preparación de dulces tradicionales se convierte en una actividad colectiva. Ingredientes como el coco, la miel, las frutas y las especias se transforman en exquisitas delicias que acompañan la temporada.
En la provincia de Chiriquí, en el distrito de Alanje, se destaca la preparación de panecillos y conserva de papaya verde, postres que han traspasado fronteras, porque algunos los compran para llevar ese sabor particular al extranjero.
Más allá de su sabor, estos postres representan identidad cultural y el deseo de preservar costumbres que han pasado de abuelos a padres e hijos.
En la provincia de Colón, durante los días santos, destaca la elaboración del tradicional bon, un postre de raíces afroantillanas que se ha convertido en símbolo de la época. Su preparación, que combina frutas secas, especias y un toque especial de licor, es todo un arte que muchas familias siguen practicando con dedicación y orgullo.
Entre aromas dulces y recetas cargadas de historia, la Semana Santa en Panamá no solo se vive desde la fe, sino también desde la cocina, donde cada plato cuenta una historia y cada postre, como el bon colonense, reafirma el valor de las tradiciones que unen a las familias."
2026-03-30,TVN,Contenido Exclusivo: Turismo religioso en el corazón del Casco,contenido-exclusivo,"Ciudad de Panamá, Panamá/Entre iglesias coloniales, procesiones y calles llenas de historia, Panamá abre sus puertas a un turismo que va más allá del recreo y el descanso: el turismo religioso. En el Casco Antiguo, uno de sus epicentros, se viven experiencias que no solo conectan a los visitantes con la espiritualidad, sino que también dinamizan la economía.
En este concurrido lugar también se mantiene una de las tradiciones más antiguas de la Semana Santa: el recorrido de las siete iglesias, una práctica que cada año congrega a fieles nacionales y extranjeros.
En los últimos años, Panamá se ha convertido en un país de referencia en Latinoamérica, donde se pone a prueba la fe, la cultura y la tradición durante la Semana Mayor, captando cada vez más la atención de turistas de todo el mundo, en medio de un llamado del arzobispo de Panamá, monseñor José Domingo Ulloa, al encuentro con Cristo.
“Vivamos esta Semana Santa no como meros espectadores. Dejemos transformar nuestras vidas y regresemos a nuestros países siendo hombres y mujeres nuevos”.
En las calles del Casco Antiguo, turistas vienen y van, pero algunos caminan curiosos y motivados por conocer parte de la historia de la presencia y dominio español en el istmo y el continente, que recopila un gran valor como patrimonio histórico, incluyendo sus hermosas y restauradas iglesias.
En la Catedral Basílica Santa María La Antigua se encontraba la familia Díaz Alvarado, un grupo de salvadoreños que recién arribó a Panamá para conocer más sobre la gastronomía y cultura panameña. Durante su visita al casco antiguo, hicieron una parada para entregar una simbólica ofrenda a la Virgen: una rosa roja. Están llenos de gratitud, sobre todo por la reciente boda de una de sus hijas.
“Esa rosa es gratitud, y le dije a Dios: ‘Aquí estoy entregándotela para que siempre haya protección y para que seas tú siempre el proveedor de todo lo que necesitemos en esta vida’”.
En la Plaza Catedral, corazón del Casco Antiguo, donde en Semana Santa la fe atrae a miles de visitantes, la devoción también mueve la economía. Hoteles, restaurantes y hasta vendedores informales encuentran en estos días una importante inyección económica.
De acuerdo con la Autoridad de Turismo, en 2025 más de 300 mil personas visitaron el Casco Antiguo durante estas fechas.
Las calles del Casco Antiguo se han transformado en un punto de encuentro espiritual. Por un lado, los ciudadanos participan de las misas y procesiones; por otro, hay turistas que se llevan fotografías y una experiencia que trasciende lo turístico y se traduce en un encuentro profundo con su fe y la identidad de un pueblo.
Marcela y Laura, provenientes de Colombia, quedaron maravilladas con los diseños arquitectónicos de las iglesias del Casco Antiguo. Marcela, por ejemplo, visitó Panamá hace cinco años y ahora, al regresar, notó una diferencia:
“Veo que hay un cambio no solo en la infraestructura, sino en el patrimonio cultural. Las tradiciones y representaciones las veo vivas y activas. También veo que la gente se está integrando de una forma más permanente”, exclamó.
En el Casco Antiguo, durante la Semana Santa, se planifican múltiples actividades, pero una de las más destacadas se da previo a la celebración del Viernes de Dolores.
En la Iglesia San Francisco de Asís, se agrupan las Damas de Honor de la Dolorosa para realizar el tradicional cambio de vestimenta de la Virgen Dolorosa, que saldrá en procesión el viernes de Dolores. Es un ritual muy especial, cargado de simbolismo y recogimiento.
Lejos del turismo tradicional, es precisamente esa autenticidad la que atrae a miles de turistas y nacionales a este lugar, donde tampoco podemos olvidar los mitos tradicionales que practicaban las abuelas en el pasado para lograr el recogimiento absoluto de los suyos y alcanzar la completa reflexión sobre la muerte y resurrección de Jesús.
Para los creyentes, no solo se trata de observar, sino de caminar junto a la multitud, encender una vela y elevar una oración, al mismo tiempo que salen las andas con figuras sagradas como la Virgen María y Jesús.
Cada año, la llegada de más turistas de todo el mundo hace que Panamá se consolide como un destino emergente en turismo religioso, confirmando nuestra vocación como país de tránsito y destino de personas provenientes de todo el mundo, complemento de nuestros otros atractivos relacionados con el Canal de Panamá y nuestra plataforma multimodal y logística.
El turismo religioso en el Casco Antiguo nos recuerda algo esencial: la fe no entiende idiomas ni fronteras, pero puede convertirse en un puente entre culturas, donde cada paso deja una enseñanza y cada mirada, una emoción compartida. En cada rincón, la fe se convierte en un lenguaje universal que abraza a todos.
Puedes leer: Contenido Exclusivo: Guardianes de la fe"
2026-03-30,TVN,"Fe, fuego y reconstrucción: el origen de las iglesias del Casco Antiguo",contenido-exclusivo,"Panamá/En medio de la Semana Santa, cuando miles de fieles recorren las siete iglesias del Casco Antiguo, pocos imaginan que este circuito religioso es también un recorrido por una de las historias más intensas de destrucción, fe y reconstrucción que ha vivido Panamá.
Todo comienza en Panamá Viejo. Allí, mucho antes de las procesiones actuales, las iglesias no solo eran centros de fe, sino piezas clave en la estrategia de la Corona española.
“La primera y más importante misión que tenían las órdenes religiosas era traer la palabra del Señor y evitar que se profesaran otros cultos… había que catolizar a la población indígena”, explica la arqueóloga Mirta Linero Baroni, actual directora de Arqueología del Patronato de Panamá Viejo, quien además recordó que Panamá Viejo se fundó con pobladores de Santa María La Antigua del Darién.
Por eso, la ciudad llegó a concentrar una gran cantidad de iglesias:
Panamá no solo era un punto religioso, sino también estratégico. Era el paso hacia el Mar del Sur —el océano Pacífico— y la ruta hacia las riquezas del continente.
Pero en 1671, la historia cambió para siempre. El ataque del pirata Henry Morgan no solo trajo saqueo, sino también destrucción.
Las llamas consumieron gran parte de Panamá Viejo. Lo que siguió fue una decisión histórica: abandonar la ciudad.
Fue la Corona española, con el aval del rey, la que ordenó el traslado. No se trató de una reconstrucción en el mismo sitio, sino de una mudanza completa hacia un nuevo asentamiento conocido entonces como el Ancón, hoy Casco Antiguo. Para ese entonces, el gobernador colonial era Antonio Fernández de Córdoba.
Así comenzó una de las reconstrucciones más singulares de la historia: la ciudad fue trasladada pieza por pieza.
“Se reconstruye la ciudad, se muda la ciudad pieza a pieza como un rompecabezas”, afirma la arqueóloga. Esta nueva ciudad fue fundada el 21 de enero de 1673.
Pero el traslado de las iglesias desde Panamá Viejo hacia el nuevo asentamiento no fue un proceso improvisado, sino una operación cuidadosamente pensada que incluso respondió a la logística de la época. El desmontaje de las estructuras se realizó en función de la altura de las carretas utilizadas para transportar los materiales, lo que explica por qué muchas de las ruinas actuales conservan una altura uniforme.
La arqueóloga explica que esta es la razón por la que, al recorrer hoy el sitio arqueológico de Panamá Viejo, se observa que la mayoría de las ruinas tienen una misma altura. Solo se exceptúan algunos puntos clave que permanecieron en pie, como la torre de la catedral, la espadaña de San Francisco y estructuras de la Compañía de Jesús. ""Estos elementos no fueron desmontados y, aunque no existe un registro específico que lo explique, probablemente se mantuvieron por respeto a su carácter sagrado. Eran espacios profundamente significativos para la comunidad: su iglesia, su cofradía, el lugar donde acudían a orar"", indicó.
Detalla que, el resto de las estructuras presenta una altura bastante uniforme. Las ruinas de mampostería, de calicanto, oscilan entre los 70 centímetros y 1.30 o 1.50 metros. Esta medida responde a un criterio práctico: la altura de las carretas utilizadas en la época. Los trabajadores desmontaban las edificaciones hasta ese nivel para poder cargar los materiales sin necesidad de bajarse, facilitando así el traslado de piedra a piedra hacia la nueva ciudad.
Las iglesias, como eje espiritual y social, fueron prioridad en este proceso, pues eran instituciones centrales en la vida colonial. Todas las órdenes religiosas fueron trasladadas para garantizar la continuidad de la vida religiosa.  En el trazado original de la nueva ciudad de Panamá, tras la destrucción de Panamá Viejo en 1671, todas las órdenes religiosas fueron trasladadas al nuevo emplazamiento, hoy conocido como el Casco Antiguo de Panamá. Este proceso garantizó la continuidad de la vida espiritual en la naciente urbe y permitió la reorganización de sus instituciones religiosas dentro de un nuevo modelo urbano.
Las iglesias edificadas intramuros en el Casco Antiguo son, en su mayoría, iglesias conventuales; es decir, forman parte de complejos religiosos y servían como espacios de culto para las comunidades de frailes o monjas de cada orden. Constituyen la excepción la Catedral Basílica Santa María de la Antigua y la Iglesia de Santa Ana —esta última ubicada extramuros—, que cumplen funciones parroquiales y atienden directamente a la feligresía.
La arquitecta María Isabel Arrocha, directora del Museo de La Merced y de las iglesias del Casco Antiguo explicó que  en el trazado original de la nueva ciudad de Panamá, tras la destrucción de Panamá Viejo en 1671, todas las órdenes religiosas fueron trasladadas al nuevo emplazamiento, hoy conocido como el Casco Antiguo de Panamá. Este proceso garantizó la continuidad de la vida espiritual en la naciente urbe y permitió la reorganización de sus instituciones religiosas dentro de un nuevo modelo urbano.
Las iglesias edificadas intramuros en el Casco Antiguo son, en su mayoría, iglesias conventuales; es decir, forman parte de complejos religiosos y servían como espacios de culto para las comunidades de frailes o monjas de cada orden. Constituyen la excepción la Catedral Basílica Santa María de la Antigua y la Iglesia de Santa Ana —esta última ubicada extramuros—, que cumplen funciones parroquiales y atienden directamente a la feligresía. En cuanto al Hospital San Juan de Dios, la Orden Hospitalaria también fue trasladada al nuevo asentamiento del Ancón, estableciéndose en el sitio donde hoy se ubica la Escuela República de México, en la Calle 8ª, manteniendo así su importante labor asistencial en el contexto de la nueva ciudad.
Sin embargo, hubo una que destacó por encima de todas: La Merced. La arquitecta Arrocha, directora del Museo de La Merced y de las iglesias del Casco Antiguo, lo resume así: “la sección central de su fachada fue desmontada y trasladada piedra a piedra desde Panamá Viejo… convirtiéndose en un símbolo de continuidad, resiliencia y memoria histórica entre ambas ciudades”.
De hecho, esta iglesia es conocida como “la iglesia de las dos ciudades”, por haber conservado gran parte de su estructura original. Cabe destacar que, La Merced fue la iglesia menos afectada durante el ataque de Morgan.
Algunos historiadores han explicado que ello se debió a que se encontraba a las afueras de la ciudad. Y es que, la iglesia de La Merced llega de la mano de  Pedro Arias de Ávila, fundador de la ciudad de Panamá, quien define el lugar donde debían establecerse, cerca de los asentamientos indígenas y la misión que cumplirían de alfabetizar, enseñar la religión y supervisar a esa población que permanecía en la ciudad.
Hoy, en el Casco Antiguo, sobreviven siete iglesias que forman parte del tradicional recorrido de Semana Santa Internacional:
Cada una guarda una historia. Por ejemplo, la Iglesia de San José destaca por su resistencia. Construida en 1688, sobrevivió a múltiples incendios y hoy conserva elementos originales como su púlpito colonial. Ese púlpito destaca por sus restos de pisos y pinturas originales, campanario de madreperla y un nacimiento permanente.
Mientras que la Iglesia de San Francisco de Asís es la que más transformaciones ha sufrido, de acuerdo con la arquitecta Arrocha.
Esta iglesia fue administrada por franciscanos y jesuitas, y tuvo diversos usos como hospital, cuartel, colegio e instituto. Además, allí se celebró la primera Asamblea Constituyente de la época.
Otras, como la iglesia Santo Domingo de Guzmán o la Capilla del Rosario, que era un convento y que fue uno de los primeros en construirse en la nueva ciudad de Panamá, en 1678, quedó en ruinas, aunque su famoso Arco Chato sobrevivió como símbolo histórico.
Mientras que la iglesia de Santa Ana nace de la ermita que se encontraba en Panamá Viejo.  Se consagró en 1764 en el Casco, pero fue colocada a las afueras de la ciudad, como se mantenía la ermita en la vieja ciudad.  Fue construida gracias al aporte del conde de Santa Ana, sufrió un incendio en 1854 y luego fue reconstruida. Es Monumento Histórico Nacional desde 1980.
Sobre la Catedral Basílica Santa María La Antigua hay que recordar que fue primero construida en Santa María La Antigua del Darién, luego se muda a Panamá Viejo en 1520, se quema en 1644 y se reconstruye en 1652. Aunque se mudan piedras de los restos de Panamá Viejo hacia el Casco, su torre no se muda y hoy día permanece en el sitio arqueológico.
Datos señalan que, en esta iglesia, está la cruz del Papa León XIII, la cual promete 100 días de indulgencia a quienes recen un Padre Nuestro y la besen.
El Oratorio San Felipe Neri es una de las iglesias que se construyen ya en la nueva ciudad, es decir, no viene de Panamá Viejo, sino que forma parte del desarrollo del Casco Antiguo tras el traslado en 1673. Fue construido en 1688, ya en la nueva ciudad, lo que lo diferencia de otras iglesias que fueron trasladadas. Resistió varios incendios importantes (1737, 1756, finales del siglo XVIII y 1854). Fue usado para seminario, hospital, orfanato, residencia y hogar de ancianos.
Cabe señalar, que entre las iglesia que cambiaron  completamente su función o diseño con los años está el Hospital San Juan de Dios ahora es la Escuela República de México, la Iglesia y Convento de las Monjas de la Concepción ahora es el Teatro Nacional y Palacio de Gobierno.
A pesar de los cambios, algo se mantuvo intacto: la fe. “Todas las iglesias del Casco Antiguo representan la historia de Panamá… son testimonio de adaptación, resiliencia y continuidad”, destaca la arquitecta.
Hoy, más de 350 años después, esas mismas iglesias siguen vivas, recibiendo a fieles que, sin saberlo, caminan sobre una ciudad que ardió, se desmontó y volvió a levantarse. Porque en Panamá, la historia no solo se conserva, también se recorre."
2026-03-29,TVN,"Domingo de Ramos: 'Papachú', 'Borriquita' y 'Puerta de Tierra', las tradiciones que unen fe y cultura en todo el país",contenido-exclusivo,"Ciudad de Panamá, Panamá/A las cinco de la tarde, en las estrechas y adoquinadas calles del Casco Antiguo, un grupo de niños vestidos con túnicas blancas y caperuzas rojas avanza en procesión mientras sostiene en sus manos palmas benditas.
A su paso, el sonido de las bandas musicales acompaña el recorrido de un anda cargada por decenas de fieles, en la que una representación escultórica de Jesucristo simboliza su entrada en Jerusalén.
Horas antes, a cientos de kilómetros en el interior del país, en el área de Parita en la provincia de Herrera, familias enteras han pasado la noche en vela entre cantos, guarapo y rezos, a la espera de la salida de “Papachú”, la representación de Jesús triunfante.
Con el transcurso del tiempo, la escena es distinta, pero igualmente cargada de simbolismo: niñas vestidas con trajes tradicionales esparcen flores de caracucha mientras “Papachú” recorre las calles. El aire se llena de cantos, campanas y el aroma de las flores.
Mientras tanto, en la ciudad de Santiago, en la provincia de Veraguas, desde la madrugada, la comunidad se moviliza para levantar una estructura conocida como “puerta en tierra”, que representa la entrada de Jesús a Jerusalén y se convierte en el punto central de la procesión.
Tres escenarios distintos, unidos por una misma devoción, dibujan el mapa vivo del Domingo de Ramos en Panamá. Desde la solemnidad urbana del Casco Antiguo, pasando por la tradición arraigada de Parita, hasta la expresión comunitaria de Santiago, cada rincón del país reinterpreta este pasaje bíblico con matices propios.
Así, más que marcar el inicio de la Semana Santa, esta jornada revela la riqueza cultural y religiosa de Panamá, donde la fe se manifiesta a través de diversas tradiciones que, aunque distintas en forma, convergen en un mismo significado.
Te podría interesar:
El Domingo de Ramos marca el inicio de la Semana Santa y conmemora la entrada triunfal de Jesucristo en Jerusalén, uno de los episodios más significativos narrados en los evangelios. Según la tradición bíblica, Jesús fue recibido por una multitud que lo aclamaba como rey, mientras extendían mantos y agitaban ramas de palma a su paso, en señal de respeto y reconocimiento.
Este acontecimiento tiene un profundo significado dentro de la Iglesia Católica, dado que no solo celebra la llegada de Jesús a dicho lugar, sino que también anticipa los momentos centrales de la Pasión, es decir, su sufrimiento, muerte y posterior resurrección.
Por ello, esta fecha representa una mezcla de alegría y recogimiento espiritual para los creyentes. En la actualidad, la celebración se manifiesta a través de procesiones, bendición de palmas y la participación activa de los fieles, quienes recrean de forma simbólica aquel recibimiento.
Este gesto se replica en distintas partes del mundo —y en Panamá— donde las palmas sustituyen a las ramas de olivo mencionadas en los textos bíblicos y se convierten en el principal símbolo de la jornada, representando fe, esperanza y reconocimiento espiritual.
De acuerdo con Azael Batista, miembro del Consejo Económico de la Iglesia de Santo Domingo de Guzmán de Parita, muchas familias conservan estos ramos benditos en sus hogares como signo de protección, colocándolos detrás de puertas, en camas o cunas.
“Las personas lo esperaban porque ansiaban verlo, lo recibieron como un rey”, manifestó Batista. Un año después, estas mismas palmas son recolectadas para convertirse en ceniza durante el Miércoles de Ceniza, cerrando así el ciclo litúrgico y reforzando el vínculo entre tradición, fe y vida cotidiana.
Aunque el significado religioso es común, la forma de vivir el Domingo de Ramos varía notablemente según la región. En el Casco Antiguo, la tradición ha evolucionado con una procesión más estructurada que incorpora el conjunto escultórico conocido como “La Borriquita”, elaborado en Sevilla, España.
De acuerdo con la Oficina del Casco Antiguo, la representación incluye la imagen de Jesús, el burro, dos niños hebreos, dos figuras adultas y una palmera, elementos que evocan la entrada a Jerusalén.
Cada figura porta una palma, en alusión al pasaje bíblico en el que la multitud recibe a Jesús.  La anda que sostiene el conjunto, fabricada en talleres de Portugal, es cargada por entre 60 y 65 personas mediante cuatro varales de madera que se apoyan sobre los hombros de los cargadores.
La procesión parte de la iglesia de La Merced y culmina en la Catedral Basílica Santa María La Antigua, con una destacada participación infantil y el acompañamiento de bandas musicales. “Siempre ha habido procesión de Ramos, porque forma parte de la liturgia, pero en los últimos años se ha añadido el anda, lo que le da mayor impacto y participación al pueblo”, explicó el párroco Fray Javier Mañas.
En contraste, en la iglesia de Santo Domingo de Guzmán, en Parita, la celebración adquiere un carácter profundamente comunitario y ancestral. Inicia desde la víspera con la vigilia ""de Papachú"", que combina rezos, cantos y convivencia.
“El Domingo de Ramos en Parita comienza desde la noche anterior. Es una experiencia que une a todo el pueblo”, relató el feligrés Joaquín de León.
Uno de los rasgos más distintivos es que la imagen de Jesús no se traslada en un anda, sino sobre un burro real. La procesión avanza acompañada por niñas que esparcen flores de caracucha, símbolo característico de la región, mientras los residentes adornan las calles con palmas y arreglos florales.
Según De León, esta tradición se remonta aproximadamente a finales del siglo XVIII, y la capilla dedicada a Jesús Triunfante, construida cerca de 1860, como data en los archivos parroquiales, refuerza su valor histórico y religioso. Tanto en Panamá, Veraguas como en Herrera, la jornada dominical comienza con la bendición de las palmas en cada una de las iglesias. Con respecto a Parita, desde la capilla parte la procesión por la avenida Santo Domingo.
Uno de los momentos más emblemáticos se produce en la “puerta de tierra”, estructura simbólica que representa la entrada a Jerusalén. Allí se entonan cantos tradicionales mientras repican las campanas, marcando uno de los puntos más intensos de la celebración. La procesión culmina en la iglesia parroquial con la eucaristía y la lectura de la Pasión, dando inicio formal a la Semana Santa.
A pesar de su carácter tradicional, la festividad ha incorporado cambios con el tiempo. La oferta de bebidas durante la vigilia se ha diversificado y algunos elementos de vestuario y decoración han evolucionado, sin alterar el sentido devocional.  De igual forma, en esta zona del país, la organización es colectiva: familias enteras y devotos participan en la logística, el cuidado de la imagen y la preparación de la celebración, lo que refuerza su identidad comunitaria.
En Santiago, provincia de Veraguas, la Catedral Santiago Apóstol destaca por la construcción del “puerto en tierra”, una estructura elaborada desde alrededor de las 4 de la madrugada con palma real en las inmediaciones del semáforo de Coopeve. Este elemento simboliza la entrada de Jesús a Jerusalén y constituye el principal distintivo de la celebración local.
Las actividades inician a las 8:00 a.m. con la bendición de los ramos en la calle Jesús Triunfante, detrás del Registro Público. Desde allí parte la procesión hacia el “puerto en tierra”, donde se realiza una pausa con cantos alusivos al pasaje bíblico. Posteriormente, el recorrido continúa hasta la catedral, donde a las 9:00 a.m. se celebra la Eucaristía principal.
Como novedad, este año se incorpora el “Domingo de Ramitos”, una actividad dirigida a niños que iniciará a las 10:30 a.m. en el Parque de la Amistad, seguida de una misa a las 11:00 a.m. La iniciativa busca fomentar la participación de las nuevas generaciones en las tradiciones religiosas.
La organización de estas actividades involucra a diversas pastorales y ministerios parroquiales, cuyos preparativos comienzan desde finales de enero o inicios de febrero.
Más allá de los elementos rituales, el Domingo de Ramos cobra vida a través de sus protagonistas. En el Casco Antiguo, los niños ocupan un lugar central: vestidos con túnicas, recorren las calles como cofrades en una iniciativa que busca involucrar a las nuevas generaciones. “Queremos que sean los niños quienes participen y vivan esta experiencia desde pequeños”, señaló el fray Mañas.
En Parita, la celebración es considerada una de las más emotivas del año. “Es la tarde más bonita de Parita”, afirma el feligrés De León, al resaltar la entrega de la comunidad. A pesar de su arraigo, la celebración no es ajena a transformaciones. En el Casco Antiguo, la incorporación de elementos como el anda desde 2024 y la participación infantil evidencia una adaptación orientada a involucrar a nuevas generaciones.
En Parita, aunque la esencia se conserva, se han introducido cambios como la diversificación de bebidas durante la vigilia y ajustes en los materiales utilizados en vestuarios y decoraciones. “La tradición no ha cambiado, pero sí ha evolucionado”, dijo De León.
La participación juvenil también ha ido en aumento, sobre todo en actividades como dramatizaciones y labores logísticas, lo que contribuye a garantizar la continuidad de la festividad. Para los habitantes de Parita, esta celebración no solo representa una práctica religiosa, sino también un espacio de encuentro, identidad y transmisión de valores que ha perdurado por generaciones, consolidándose como una de las expresiones de fe más significativas del país.
El Domingo de Ramos en Panamá no es una celebración uniforme, sino un mosaico de expresiones en el que la fe se entrelaza con la identidad local. Desde las calles coloniales del Casco Antiguo hasta las tradiciones centenarias de Parita y la ciudad de Santiago, cada región aporta su propia forma de vivir la entrada triunfal de Jesús.
Más allá de sus diferencias, hay un elemento común: la comunidad. Una comunidad que, año tras año, se reúne para mantener viva una tradición que trasciende generaciones y reafirma el vínculo entre fe, cultura y sentido de pertenencia."
2026-03-28,TVN,"El conflicto que no se ve, pero se paga: así golpea la guerra en Medio Oriente a Panamá",contenido-exclusivo,"Ciudad de Panamá, Panamá/El conflicto en Medio Oriente, que escaló a finales de febrero y que hoy cumple un mes tras el aumento de tensiones entre Estados Unidos, Israel e Irán, ya comenzó a sentirse en Panamá, no en forma de bombas, pero sí en algo más cotidiano: el bolsillo de los ciudadanos.
El impacto más inmediato ha sido el aumento del precio del petróleo, que según reportes ha subido entre un 7% y un 10% en los mercados internacionales, impulsado por la incertidumbre sobre el suministro global.
Puede leer: Representantes y alcaldes que no rindan cuentas podrán ser denunciados por 'delitos contra la administración'
Ese incremento se traduce directamente en el país. Panamá, altamente dependiente del combustible, ve cómo el alza golpea el transporte, la producción y la distribución de bienes. “Cualquier tipo de disrupción que exista en el tema energético va a tener un impacto, obviamente, en la economía del país”, advirtió Rosmer Jurado, presidente del Sindicato de Industriales.
El efecto no se queda en las estaciones de gasolina. El aumento del combustible arrastra consigo el costo de los alimentos, los servicios y los insumos de producción.
En los últimos ajustes, la gasolina y el diésel ya registraron incrementos en Panamá. Desde la Secretaría Nacional de Energía se indicó que el comportamiento de los precios sigue en evaluación. “Se ha visto un poco reflejado en la evolución de los precios que sí se ha visto al alza, pero todavía estamos iniciando el periodo; recuerden que son 14 días, tenemos la expectativa de que esto vaya mejorando en el tiempo”, dijo Paula Mesé, directora de Hidrocarburos y Biocombustibles de la Secretaría Nacional de Energía.
Ministro del MIDA descarta alza del precio del arroz pese a presión por costos de producción
Ese impacto en el alza del combustible es, en realidad, el inicio de una presión más profunda que se extiende a toda la economía: transporte más caro, distribución más costosa y, eventualmente, productos más caros en los anaqueles.
De hecho, el ministro de Economía y Finanzas, Felipe Chapman dijo, en su momento, que el aumento en el precio del petróleo ya está generando una mayor presión sobre los subsidios que asume el Estado, especialmente en transporte público y gas doméstico.
Ante este escenario, el Gobierno ha tomado una decisión clave: no subsidiar el combustible, ni el precio del transporte, ni el gas, ni luz.  El presidente José Raúl Mulino fue claro al afirmar que “no visualizo subsidio por parte del gobierno”.
Incluso fue más directo al señalar que “Panamá va a pagar el precio que haya que pagar”.
También puede leer: Guerra en Oriente Medio entra en su segundo mes, aunque EEUU estima que acabará en dos semanas
A pesar de que el Gobierno no ha hecho público un subsidio al combustible como tal, se mantiene en conversaciones con el sector transporte para ayudarles a mitigar este impacto y que el usuario no se vea afectado con un aumento  en el pasaje.
La guerra en el Medio Oriente se ha convertido en un conflicto lejano, pero cercano.  Irán, uno de los principales productores de petróleo del mundo, controla además un punto estratégico por donde transita cerca del 20% del crudo global. Cualquier tensión en esa zona eleva los precios y genera volatilidad en los mercados internacionales.
En medio del impacto, hay un efecto positivo: el Canal de Panamá. De acuerdo con los directivos de esta empresa, el aumento del precio del combustible ha hecho más atractiva la ruta interoceánica, al ser más corta y eficiente, lo que ha generado un leve incremento en el tránsito de buques.
Pero ese alivio no compensa el impacto general en la economía local. Así las cosas, el mayor riesgo no es lo que ya ocurrió, sino lo que aún no se refleja completamente. Las autoridades han advertido que el mercado todavía no ha incorporado todo el impacto del conflicto, lo que significa que los próximos ajustes podrían traer aumentos más fuertes en los combustibles y, con ello, en el costo de vida.
Lea: Conflicto en Medio Oriente impulsa leve aumento de tránsitos por el canal de Panamá por su 'atractiva' ruta
Mientras la guerra continúa y los mercados reaccionan, Panamá se enfrenta a una realidad conocida pero inevitable: su economía sigue atada a los vaivenes del petróleo y a conflictos que, aunque lejanos, terminan pasando factura en casa."
2026-03-25,TVN,Contenido Exclusivo: Guardianes de la fe,contenido-exclusivo,"Ciudad de Panamá, Panamá/En el Casco Antiguo de Panamá, la fe no solo se profesa… se carga.
Cada Semana Santa, hombres y mujeres asumen el peso de las andas como símbolo de tradición, sacrificio y agradecimiento, en una de las manifestaciones religiosas más profundas del país.
Entre calles empedradas y siglos de historia, este sitio emblemático resguarda una tradición que va más allá de lo espiritual: las cofradías y hermandades, guardianas del patrimonio religioso y cultural panameño.
A pocos días del inicio de la Semana Mayor, crece la expectativa entre panameños y extranjeros que se preparan para vivir este acontecimiento, especialmente en el recorrido por las siete iglesias del Casco Antiguo.
Fray Javier Mañas, párroco de la Iglesia de Nuestra Señora de La Merced, lo resume así:
“Son tres elementos importantísimos: la fe, el pueblo y la familia La Semana Santa se vive en familia e invita a compartir”.
En medio de los preparativos, historias como la de Jair y José reflejan el verdadero sentido de esta tradición.
Padre e hijo, unidos por la devoción, se preparan para cargar andas por primera vez.
Puedes leer: Cuenta regresiva en el Casco Antiguo: más de 5 mil cofrades y miles de peregrinos esperan la Semana Santa
“Vine a cargar andas porque mi hijo estaba interesado y muy comprometido”, cuenta Jair de Rosas.
Mientras que su hijo, José, asegura:
“Quiero servir a Dios y esta oportunidad se me ha presentado”.
Ambos forman parte de los más de mil costaleros que participarán en las procesiones que recorrerán las estrechas calles del Casco Antiguo.
Aquí no importa la edad, la contextura física o el género. Lo que verdaderamente pesa —y sostiene— es la fe.
Entre el cansancio, los tropiezos con los ladrillos y los rieles de las calles históricas, también hay espacio para la oración, para pedir y agradecer.
Así lo vive Sasha García:
“Yo cargo por fe y por devoción, tengo a mi bisabuela que está enferma y también me estoy graduando de sexto año. Mi petición es que ella salga de esa enfermedad y graduarme exitosamente”.
Una de las andas más imponentes es la de la Última Cena, que alcanza aproximadamente 4,000 libras, un peso comparable al de un automóvil pequeño.
Te puede interesar: Semana Santa 2026: afinan detalles para la procesión de la Virgen de la Dolorosa en el Casco Antiguo; limpian anda
Para levantarla, se requieren 140 costaleros, lo que significa que cada uno carga entre 18 y 25 kilos, similar a medio saco de cemento.
La participación en estas procesiones es abierta, diversa y profundamente espiritual.
Fray Javier Mañas lo explica de esta manera:
“Cuando Dios toca el corazón de una persona, y hay quienes les preguntas y hay profesiones de fe muy hermosas. La selección es sencilla, no hay clase social”.
La organización está encabezada por las cofradías y respaldada por distintas hermandades, entre ellas La Borriquita, las Damas Dolorosas, el Cristo de la Buena Muerte, Cristo Pobre, Jesús Nazareno, Jesús Yacente, la Virgen de la Alegría y Cristo Resucitado.
“Aquí, evidentemente, dentro de la Semana Santa hay un equipo muy grande que influye y trabaja”, añade el párroco.
La tradición de cargar andas tiene sus raíces en la Edad Media, especialmente en países como España, donde las cofradías comenzaron a sacar imágenes religiosas en procesión para representar la Pasión de Cristo.
Con la llegada de los colonizadores, esta práctica se arraigó en América Latina y hoy forma parte esencial de la identidad cultural panameña.
Es una forma de revivir el sacrificio y el sufrimiento por la humanidad, transformado en actos de fe, promesas y agradecimientos.
Mientras unos cargan, otros preparan cada detalle con dedicación.
“Somos un grupo, ustedes pueden ver que estamos limpiando con todo el amor para que la Virgen salga lo más linda, acompañarla en sus dolores”, expresa Briceida Morcillo de Guerra, de las Damas de la Dolorosa.
Y hay quienes han hecho de esta tradición una vida entera, como Nelvita Jiménez:
“95 años y lo voy a seguir haciendo si Dios me da vida; eso me impulsa y me da una satisfacción muy grande, así que yo lo hago con amor. Y siempre me guardan la corona, es un privilegio”.
En el corazón del Casco Antiguo, la Semana Santa no es solo un evento religioso: es memoria, identidad y herencia.
Participar en estas actividades implica mucho más que asistir. Es hacerlo con respeto, recogimiento y reflexión.
Es guardar silencio interior, conectarse con la fe y valorar el momento.
Porque mientras haya quienes carguen estas andas, la historia seguirá caminando por estas calles."
2026-03-23,TVN,Contenido Exclusivo: Una nueva ruta para el oeste,contenido-exclusivo,"Ciudad de Panamá, Panamá/Elizabeth Saldaña es dueña de una fonda instalada justo al lado del puente Centenario. Un sitio estratégico, pensado precisamente en la cantidad de conductores que, agobiados por los tranques de cada tarde, dice, se detienen a comer, beber, descansar, entre otras cosas.
La mañana puede empezar lenta, pero cuando llegan las 3:30 de la tarde su puesto de ventas cobra fuerza, según dice.
“A veces se les recalienta el carro”, narra la señora Elizabeth, que indica que también paran “para ahorrar combustible”.
Pero si el tranque por el puente Centenario es pesado, según el Ministerio de Obras Públicas, es mucho peor por el puente de las Américas. El secretario general del MOP, Ricardo Icaza, dice que por esta última circula el 75% de los vehículos, mientras que solo un 25% usa el Centenario.
Por eso, asegura, la actual administración decidió retomar un proyecto vial pendiente desde 2018: la rehabilitación de la llamada carretera Forestal, que uniría la vía del Centenario con Nuevo Emperador, en Arraiján.
El secretario general del MOP dice que la idea es dividir las cargas de tráfico vehicular entre los puentes del Centenario y de las Américas.
Pero para llevar adelante el proyecto, hubo temas que resolver. Uno de ellos es que los terrenos son de la Autoridad del Canal de Panamá, que, a través de una permuta o cambio de bienes, actualmente le hace el traspaso al Estado para el uso de esa servidumbre.
Sin embargo, el traspaso tampoco sería el causante del retraso de esta obra, sino la existencia de municiones no detonadas, que datan de la época en que soldados estadounidenses hacían sus entrenamientos en esta zona. La descontaminación ya se concluyó.
Según el MOP, se retiró todo tipo de animales de estos sitios para su seguridad y preservar la especie, entre otras previsiones ambientales. Pero, temiendo la invasión por precaristas, la carretera estaría delimitada con cercas y letreros de advertencia porque al otro lado todavía el terreno está contaminado con explosivos.
En un video proporcionado por la Alcaldía de Arraiján se puede ver la existencia de la huella de la carretera rural existente, por lo cual el MOP sustenta que no habría tanto que talar.
Por ahora, faltaría que la empresa a cargo de la descontaminación certifique la limpieza y la Autoridad del Canal verifique, en aras de la protección de la cuenca del canal de Panamá.
El secretario del MOP dice que solo entonces los próximos pasos serían el estudio de impacto ambiental, el diseño y la construcción.
TVN Noticias entró por la vía del Centenario para conocer el terreno. Actualmente hay una cantera en el camino, y solo pudimos llegar hasta una quebrada, donde vimos vehículos de la empresa a cargo de la descontaminación.
El director nacional de Inspección del MOP, Juan Ramón Abadi, dice que la semana pasada hubo unas mil detonaciones.
El proyecto de diseño y construcción para la rehabilitación de la carretera entre la vía Centenario - Nuevo Emperador (Forestal Arraiján) tiene un contrato de B/.23.2 millones, a cargo del Consorcio Nuevo Emperador, grupo conformado por las empresas Nova y Asfaltos Panameños. Se dio en procedimiento excepcional, bajo el argumento de contrato de beneficio social.
Para esta obra hay un plazo de 520 días, según ficha técnica, y 36 meses de mantenimiento. Se estima que genere 250 empleos directos y 750 indirectos. Sería una vía de ida y vuelta, con hombros, y 15.4 kilómetros de extensión, para la cual se harán puentes y ramales, según explicó el ingeniero a cargo.
También ingresamos por el otro extremo de la futura carretera, por Nuevo Emperador, a donde pudimos avanzar hasta una garita de Mi Ambiente, que nos impidió seguir por la descontaminación. Sin embargo, trabajadores a cargo de la limpieza aseguran que el proyecto terminó y hacen labores de retiro de la zona.
El impacto, según el MOP, se notaría en Arraiján norte, especialmente en comunidades como Burunga, Nuevo Emperador, Santa Clara y Arraiján. Estas zonas, dice, tienen a unos 86 mil habitantes; sin embargo, estima que al final redunda en 300 mil personas que conducen entre Panamá Oeste y la ciudad capital y hasta a los viajeros del interior del país.
Los conductores consultados piensan que sería una obra de beneficio por los tranques que padecen. La alcaldesa de Arraiján, Stefany Peñalba contó su experiencia, cuando trabajaba en la ciudad y llegaba tarde por el congestionamiento vehicular.
Dice que es una situación que casi se normalizó, pero que asegura, una vez en el cargo como alcaldesa, impulsó con el presidente de la República para que fuese rescatado, incluso como proyecto de reactivación económica.
Hay entusiasmo entre quienes esperan la Forestal Centenario – Nuevo Emperador porque se trataría de una nueva ruta para los conductores que sufren el calvario de los tranques. La pregunta que se hacen es si esta vez se convertirá en realidad.
Otros contenidos exclusivos:"
2025-06-01,TVN,Deportados: El drama humano de los migrantes expulsados por Estados Unidos a Panamá,contenido-exclusivo,"La mañana del 18 de febrero de 2025, el prestigioso diario norteamericano The New York Times publicaba en primera plana una noticia que estremecía al mundo: ""Mientras Trump 'exporta' deportados, cientos quedan atrapados en un hotel de Panamá"". El titular revelaba las decisiones políticas que el gobierno del presidente Trump ejecutaría en adelante contra miles de migrantes indocumentados, poniendo a Panamá en el centro de la controversia.
Si bien, la noticia generó un impacto inmediato a nivel internacional, fueron las imágenes lo que estremeció a la opinión pública: hombres, mujeres y niños aparecían asomados a los enormes ventanales del hotel Decápolis clamando con gestos y mensajes en inglés que los ayudaran.
Ana de León, corresponsal de la Agencia EFE en Panamá, recuerda la imagen de una niña de Afganistán que la dejó sin palabras: “Una de las cuestiones que más me impactó fue una niña que decidió taparse la cara con una mascarilla y escribirnos en un papel: salven a las mujeres afganas. Todo esto nos lo hizo con papel blanco pegado a los ventanales y rogándonos a través de señas con las manos que por favor no mostrásemos su cara”.
La niña a la que se refiere formaba parte de los migrantes de Asia, África, Medio Oriente y Europa del Este que fueron deportados por Estados Unidos. Hasta ese momento, la prensa sabía que Panamá había recibido al menos dos vuelos con migrantes deportados por el gobierno de Trump como parte de un acuerdo de colaboración. Pero nunca se informó a dónde iban a ser trasladados mientras eran repatriados.
Aquellas personas fueron las primeras víctimas del plan de deportaciones masivas que Donald Trump prometió que ejecutaría en cuanto llegara a la Casa Blanca. Sin embargo, lo que pronto quedó claro es que para que esta operación tuviera éxito, el presidente estadounidense pediría, la ayuda de sus aliados del continente para recibir migrantes a los cuales Estados Unidos no pudiera deportar tan fácilmente. Así, entre los días 12 y 15 de febrero de 2025, 299 migrantes arribaron al país en tres vuelos del ejército norteamericano. Ninguno de ellos supo que estaba siendo deportado.
Martina Rápido de la organización Human Right Watch afirma que estas personas fueron víctimas de un procedimiento arbitrario contrario al derecho internacional. ""Este tipo de traslados, que realmente deberían llamarse expulsiones se están llevando a cabo sin ningún tipo de respeto por los derechos humanos básicos y algo muy similar lo hemos vistos con las personas que fueron deportados a Costa Rica"".
Un informe desarrollado por esta organización revela que una vez llegaron a Estados Unidos, los migrantes fueron “encerrados en celdas extremadamente frías por agentes del Servicio de Control de Inmigración y Aduanas (ICE por sus siglas en inglés), quienes les negaron el contacto con familiares y abogados, y les mintieron o simplemente no les informaron sobre lo que estaba ocurriendo, incluyendo cuando los esposaron, les colocaron grilletes y los subieron a aviones militares con destino a Panamá. Las condiciones de detención y expulsión fueron especialmente difíciles para los niños y niñas”.
Si bien, recibir a estos migrantes se tornó en una situación compleja, el director del Servicio Nacional de Migración Roger Mojica señala que las autoridades panameñas buscaron todos los mecanismos posibles para ayudarlos en su proceso de repatriación, pese a que muchos de ellos se negaron a recibir ayuda de sus propios consulados.
“Ellos no querían ser atendidos por sus representantes consulares, por el temor que manifestaban de que en sus países los iban a matar. Fue muy difícil convencerlos de que aquí nadie los iba a obligar a irse a sus países, porque esto se trataba de un retorno voluntario"", indicó.
Aunque el gobierno de Mulino ha defendido que a los migrantes se les respetó sus derechos en todo momento, lo cierto es que varios de ellos afirmaron que mientras estuvieron en el hotel Decápolis no se les permitió salir, ni tampoco comunicarse con la prensa o sus abogados.
La angustia por no saber cuál sería su destino llevó a varios de ellos al borde del colapso. Se pudo conocer que al menos una persona intentó suicidarse estando dentro del hotel y otra, una mujer de origen chino, logró evadir los controles de seguridad y escapó en un intento desesperado por regresar nuevamente a Estados Unidos. Aunque, poco tiempo después fue localizada cerca de la frontera con Costa Rica, donde fue abandonada por una red dedicada al tráfico de personas, según informó el Ministerio de Seguridad en un comunicado emitido el 19 de febrero de 2025.
Sin muchas opciones y viendo que Estados Unidos ya no sería su nuevo hogar, la mayoría aceptó con resignación ser repatriados. Sin embargo, un grupo de más de 100 migrantes se negaron a regresar a sus países de origen, alegando que sus vidas estaban en peligro. Para ellos, ir a Norteamérica no era un simple capricho, en realidad era la puerta de salida para escapar de la guerra, de la persecución religiosa, política, étnica o de orientación sexual.
Elías Cornejo, coordinador del albergue Fe y Alegría de la Iglesia Católica, recuerda el terror en los ojos de muchos de ellos cuando los vio por primera vez. ""Estaban aterrorizados porque venían de vivir situaciones extremas donde los encerraron, los esposaron, les botaron sus documentos, algunos incluso aseguran que fueron golpeados, o sea, los trataron peor que a los animales"".
Los que se negaron a la repatriación fueron trasladados al campamento de San Vicente en Darién, el mismo que apenas unos meses antes había estado abarrotado de cientos de miles de migrantes. Ahora solo estaban ellos. No obstante, Algunos migrantes de origen tan remotos como Sri Lanka, Nepal, Etiopía e Irán, reportaron que nunca antes habían estado en una selva tropical con las características como las de Darién.
Sin poder obligarlos a irse, el gobierno los dejó allí durante dos semanas, hasta que los trasladó nuevamente a ciudad de Panamá y los dejó “libres” en la Terminal de Transporte de Albrook con un permiso humanitario de 30 días —prorrogables hasta 90— para que encontraran un país que los acogiera.
Te recomendamos: 🔗'Si vuelvo, me matan': La historia de Farah, la mujer que escapó de un matrimonio forzado en África y terminó deportada en Panamá
Los migrantes denunciaron que fueron abandonados a su suerte, sin asistencia social, ni lugar a dónde ir. Entonces en una encrucijada ética y con la máxima de ayudar a los desamparados, la Iglesia Católica decide acogerlos y ofrecerles techo y un lugar seguro en su albergue Fe y Alegría. ""Para nosotros ayudar a los desamparados es una máxima como cristianos y cuando vimos que la situación de los migrantes se estaba agravando, entendimos que el Señor nos estaba pidiendo que interviniéramos"", señala Elías Cornejo.
Elías, quien es sacerdote formado bajo los preceptos de la Compañía de Jesús, aquellos que son conocidos como jesuitas, define la política de Trump como una máquina de triturar seres humanos.
""Esto es una tragedia porque son parte de una maquinaria de odio y de aniquilación de la humanidad, que desafortunadamente el gobierno de este país se ha convertido en cómplice”.
La mayoría de los migrantes deportados aseguran que cuando llegaron a Estados Unidos dijeron a los funcionarios de inmigración que tenían miedo de regresar a sus países, pero nunca se les dio la oportunidad de solicitar asilo formalmente. Según Elías, algo similar ocurrió en Panamá.
""Toda esta gente con papeles o sin papeles, tienen derecho a pedir refugio. Sin embargo, el estado panameño se lo negó. Negó el derecho de pedirlo. O sea, yo quiero hacer la aclaración: el estado panameño puede no otorgar el asilo a quien lo solicita, pero lo que no puede hacer es decirles que no antes de solicitarlo"".
No obstante, aquí las versiones son muy distintas, pues el director de Migración asegura que cuando se realizaron las entrevistas con los migrantes, ninguno planteó la posibilidad de solicitar asilo en Panamá.
""Cuando yo conversé con ellos, ninguno tenía intención de quedarse en Panamá, la mayoría quiere retornar a Estados Unidos. Entiendo que algunos se acercaron a ONPAR (Oficina Nacional para la Atención de Refugiados), con el fin de aplicar al refugio, pero realmente por la figura y por las condiciones, creo que ninguno califica porque esto es una migración económica, o sea, hay toda una serie de aristas que hay que analizar, pero desde mi punto de vista como abogado y con la experiencia que tengo, creo que no cumplen los requisitos para que se le dé un tema de refugio en nuestro país"".
Las historias de estas personas son devastadoras y encarnan la tragedia humana en la que se ha convertido la migración en todo el mundo. Entre los deportados, hay un militar afgano que huyó de su país tras la llegada de los talibanes al poder. Después de pasar años intentando vivir en Pakistán e Irán, donde le negaron la visa, decidió marcharse a Estados Unidos.
También hay dos rusos, uno que escapó del régimen de Putin por ser homosexual y el otro porque se opuso abiertamente a la guerra en Ucrania y fue amenazado con ser encarcelado u obligado a combatir con el ejército de Moscú.
La más conocida de todos los migrantes es Artemis Ghasemzadeh, una joven iraní convertida al cristianismo de manera clandestina, que supo que debía salir de Irán en el momento en que dos de sus amigos fueron arrestados por profesar una religión distinta al islam. En una entrevista con la BBC Mundo, Artemis contó que fue arrestada y golpeada por no llevar correctamente el hiyab. ""En 2022, decidí cambiar mi religión y ser cristiana. En Irán, el castigo por eso es la muerte"", reveló.
Además de Artemis, en el grupo de deportados también hay una familia iraní cristiana que migró por las mismas razones, un sirilanqués perteneciente a la minoría étnica tamil, y una joven musulmana de 19 años que escapó de un matrimonio forzado en África. Todos, aseguran que, si regresan a sus países de origen, terminarían muertos tarde o temprano.
Frank Ábrego, ministro de Seguridad dijo que los migrantes que se negaron a ser repatriados habían rechazado la ayuda de organizaciones internacionales como ACNUR y la Organización Internacional para las Migraciones (OIM), optando ellos mismos por hacer sus propios trámites. Sin embargo, la mayoría aseguran que no les dieron más alternativas que las de ser deportados a sus países de origen. Entonces, sin una salida clara y con el permiso humanitario a punto de vencer el próximo 8 de junio, Artemis y el resto de migrantes que aún están en Panamá, se encuentran en un limbo existencial.
El pasado mes de marzo, se conoció que un grupo de migrantes de China, Afganistán, Rusia e Irán estuvieron recorriendo varias embajadas y consulados en Panamá en un intento por lograr asilo en cualquier país que los acepte. El grupo visitó las embajadas de Canadá, Reino Unido, Países Bajos y los consulados de Suiza y Australia, y en todos fueros rechazados.
Durante el desarrollo de esta investigación, una fuente ligada a Fe y Alegría confirmó a este medio que semanas después de ser deportados, al menos diez migrantes habían abandonado el lugar por sus propios medios con la intención de regresar a Estados Unidos. Según contó, algunos lograron llegar hasta la frontera de Guatemala con México y allí se encuentran detenidos. No obstante, esta información no ha podido ser corroborada.
El pasado jueves 27 de marzo, durante su habitual conferencia matinal, una periodista de la revista norteamericana The Atlantic, le preguntó al presidente Mulino si el gobierno tenía contemplado otorgarle asilo y permisos de trabajo a estos migrantes y el mandatario señaló que no estaba en sus planes.
""No he valorado eso, la idea es que se vayan antes y ellos quieren irse, tampoco que se quieren quedar. Son de nacionalidades bien lejanas de aquí. No son ni colombianos, ni venezolanos, son nacionalidades del otro lado del mundo, muchas de ellas y se quieren ir en términos generales ese es el mensaje que hemos recibido a través del Ministerio de Seguridad"".
En medio de esta carrera a contrarreloj, y a pesar del viacrucis que han tenido que pasar desde que escaparon de sus países, todos ellos demuestran una resiliencia extraordinaria y no pierden la esperanza de encontrar un nuevo hogar en el que sean aceptados y puedan vivir en paz.
Tres meses después de su llegada a Panamá, volvimos al albergue Fe y Alegría y pudimos constatar que el grupo de migrantes deportados por Estados Unidos se ha reducido considerablemente. De las 112 personas a las que el gobierno otorgó el permiso humanitario ya solo quedan 44. De esas, 37 aún permanecen en Fe y Alegría y 7 en el hogar Luisa. A ellos, se deben agregar 22 personas que están bajo la protección de Unicef, toda vez que llegaron en grupos familiares y al estar menores involucrados requieren un tratamiento especial.
Pero, ¿Qué ha pasado con los que se fueron? Elías Cornejo explica que como organización humanitaria, Fe y Alegría tiene un protocolo donde se prioriza la integridad y protección de las personas, por lo que al salir del refugio, no son obligados a informar a dónde se van.
""Ellos firman un documentos donde exoneran a Fe y Alegría, y a las organizaciones humanitarias que les hemos ayudado, una vez salen de aquí. Ellos son libres de quedarse o de irse, pero si deciden irse, nosotros no preguntamos a dónde ni cómo. Principalmente por dos razones: una por respeto a la decisión propia de la persona y dos, porque para nosotros es sumamente importante el no mentir. Entonces, si nos preguntan a dónde se van, nosotros no estamos mintiendo al decir que no sabemos. Y esto quiero dejarlo claro a las autoridades de que nosotros no manejamos información sobre a dónde van. No sabemos”.
Sobre esto, el director de migración confirmó que aun cuando saben que el grupo de migrantes se ha reducido, desconocen su paradero.
""Por medio de las comunicaciones que mantenemos con el gobierno de Costa Rica, sabemos que varios han pasado hacia allá. Así que asumimos que están siguiendo nuevamente la ruta para tratar de llegar nuevamente a Estados Unidos. Es lo que presumo, no tengo con certeza, más que la información de Costa Rica, de algunos de los que han pasado por ahí, pertenecen al grupo de los 299 migrantes que llegaron a Panamá deportados por Estados Unidos"", indicó Mojica.
El pasado 14 de mayo, se oficializó el cierre del Centro de Recepción de Migrantes de Lajas Blancas en la provincia de Darién, luego que el flujo de migrantes de Norte a Sur y que en otrora se había convertido en una crisis humanitaria, se haya reducido a casi cero. Un alivio para la biodiversidad de la ya maltratada selva darienita y una victoria para el gobierno del presidente Mulino."
2026-03-18,TVN,Contenido Exclusivo:  Tabúes y sexualidad en adolescentes,contenido-exclusivo,"Ciudad de Panamá, Panamá/Hablar de sexualidad en la adolescencia sigue siendo un tabú en Panamá.  Entre silencios, mitos y vergüenza, miles de jóvenes crecen sin respuestas claras sobre su propio cuerpo, sus emociones y sus decisiones.
En un país donde las cifras de embarazos adolescentes e infecciones de transmisión sexual continúan en aumento, la falta de información no es solo un vacío: es un riesgo.
¿Qué pasa cuando la educación sexual no llega a tiempo o simplemente no llega?
Cuando tienes dudas sobre tu cuerpo… ¿A quién le preguntas? En Panamá, muchos adolescentes no encuentran respuestas en casa, ni en la escuela, y terminan buscándolas en silencio o en internet.
Luego de conversar con varios adolescentes en distintos puntos de la ciudad, sus respuestas dejaron en evidencia una realidad inquietante: para muchos, la educación sexual sigue siendo un tema ausente en el hogar, por lo tanto, limitado en las aulas y, cuando no, a fuentes peligrosamente desconfiables.
Cuando no hay información clara, aumentan los peligros: embarazos prematuros o no planificados, enfermedades de transmisión sexual, miedo, culpa.
Orlando Quintero es el director de Probidsida y lleva años tratando estos temas con la juventud.  “Los jóvenes no tienen acceso a información en casa, tampoco en la escuela, terminan buscándola en YouTube, Google, en fin”.
Un estudio reciente reveló que, aunque adolescentes entre 12 y 18 años aseguran conocer cómo prevenir el VIH y otras infecciones de transmisión sexual, persisten conceptos erróneos: casi la mitad cree que la higiene personal evita el contagio, lo que evidencia serias fallas en la información que reciben.
“Esto es preocupante, tenemos 11 defunciones por VIH en jóvenes entre 15 y 19 años”, señaló Quintero.
La educación sexual no es promover relaciones tempranas; al contrario, es enseñar los peligros, consecuencias, límites, consentimiento y autocuidado.
Unos 349 jóvenes de 15–19 años fueron diagnosticados con infecciones de transmisión sexual en 2024.
Sífilis: En 2019 se reportaron 2,553 casos en edades de 25 a 35.
En 2024, el número subió a 3,925, con un incremento significativo en jóvenes de 15 a 24 años.
Gonorrea: en 2019 se registraron 831 casos.
En 2024, la cifra subió a 1,081, duplicándose en los grupos de 20 a 34 años.
El 2024 cierra con 284 defunciones por VIH, de estas 150 entre personas de 20 a 44 años, según reporta el Ministerio de Salud.
Mientras las cifras de embarazo adolescente y de infecciones de transmisión sexual siguen encendiendo alertas, la pregunta es clara: ¿Quién está educando realmente a nuestros jóvenes?
Para entender cuándo y cómo debe comenzar esta conversación en el hogar, consultamos a Yesica Pinzón, psicóloga clínica y experta en sexualidad.  Pinzón señala que los padres debemos abordar el tema durante todo el ciclo de vida de nuestros hijos.  “Cuando son niños pequeños, hay que enseñarles el cuidado del cuerpo, manejo de emociones y, cuando entran en la adolescencia, se les tiene que dar la información correcta para que puedan tomar decisiones acertadas en la vida”, señaló.
Para conocer más sobre las principales dudas que tienen los adolescentes, conversamos con jóvenes miembros del Proyecto Juventud, un programa en alianza con el Ministerio de Desarrollo Social (Mides), Ministerio de Educación (Meduca) y Probidsida.  Las principales inquietudes de los adolescentes que ellos visitan en las escuelas son la falta de conocimiento sobre métodos de protección para evitar los embarazos, sobre VIH y sida; tienen temor de preguntar y hablar sobre el tema.
Estos son los principales mitos sobre la sexualidad:
Mito: “La primera vez no pasa nada”.
Realidad: Sí puede haber embarazo o ITS desde el primer encuentro.
Mito: “Si me veo sano, estoy sano”.
Realidad: Muchas ITS no tienen síntomas visibles.
Mito: “El retiro funciona”.
Realidad: No es un método seguro. Hay riesgo.
Mito: “Solo ella debe cuidarse”.
Realidad: la responsabilidad es compartida.
Mito: “Hablar de sexo con los hijos los incita a hacerlo”.
Realidad: Informar reduce riesgos y retrasa decisiones impulsivas.
La directora del Centro Las Claras, Mayté Domínguez, cada vez se sorprende más de los errores comunes que cometen los adolescentes.  Mencionó, por ejemplo, que las jovencitas creen que en la primera relación sexual no quedarían embarazadas, que si se bañan después de la acción sexual pueden evitar el embarazo o, por ejemplo, si el varón eyacula afuera, la chica no quedará embarazada.
Para la directora de Asociación Panameña para el Planeamiento de la Familia (Aplafa), Jennifer Delgado, hay suficiente evidencia de que cuando se da una debida educación integral en sexualidad, el inicio de la actividad sexual se posterga.  Y cuando no, los peligros y los riesgos son mayores, como está sucediendo.
En Panamá, al menos 21 niñas y adolescentes entre 10 y 19 años quedan embarazadas cada día, según estadísticas del Ministerio de Salud.  Aunque la tasa de fecundidad adolescente se ha reducido en más de 50 % durante la última década, el embarazo en edades tempranas continúa representando un reto en materia de salud pública y desarrollo social en el país. La falta de información clara y basada en evidencia no solo genera dudas. Tiene efectos reales en la vida de los adolescentes.
Alana (nombre ficticio) tenía 15 años cuando tuvo su primera relación sexual, hoy es madre de una bebé de cuatro meses.  Cuenta que no manejaba información sobre métodos anticonceptivos y jamás pensó que podía quedar embarazada.  “Fue algo que simplemente sucedió y me sentí muy mal y culpable”.  “Creo que si hubiese tenido mayor información antes, no me hubiera pasado.  Aunque no me arrepiento de mi bebé”, manifestó.
Cuando una adolescente queda embarazada, muchas veces la conversación gira en torno al señalamiento y no a la prevención que faltó antes.
La conversación en casa no puede comenzar cuando aparece el problema; debe empezar antes, con información clara y sin juicios.  El silencio no protege; expone.  Si no hablamos nosotros, alguien más lo hará y no siempre con información correcta.
Rosiris Robinson es madre de una adolescente de 13 años.  También es catequista de jóvenes.  Aunque puede ser a veces complicado llegarle a la juventud, es algo que hace con responsabilidad.  “Yo acompaño a mi hija, es mi responsabilidad guiarla, orientarla en lo físico y en lo espiritual.  Que ella entienda que tiene que respetarse a ella misma y a las demás personas”.
Detrás de las cifras hay algo que no siempre se mide: miedo, culpa, estigmatización y vergüenza social.  Miedo a preguntar, miedo a ser juzgados, miedo a que en casa la respuesta sea un castigo y no una orientación.
Culpa por sentir curiosidad, culpa por tener dudas, culpa por iniciar una vida afectiva sin el conocimiento adecuado.
Hablar de sexualidad todavía incomoda y, mientras incomoda, se evita. Y cuando se evita, se aprende mal.  La educación sexual no puede seguir siendo un tema incómodo o postergado.
No podemos responsabilizar a los adolescentes por decisiones para las que muchas veces no han recibido información, orientación ni herramientas adecuadas.  Cuando esto ocurre, nuestros jóvenes se convierten en víctimas de una sociedad que, en realidad, necesita que se desarrollen y lleven una vida plena y productiva."
2026-03-16,TVN,"Contenido Exclusivo: Medicamentos, una deuda que persiste en Panamá",contenido-exclusivo,"Ciudad de Panamá, Panamá/En Panamá hay una escena que se repite una y otra vez: personas con su receta en la mano, mirando la ventanilla de la farmacia con la esperanza de escuchar tres palabras sencillas: “sí hay medicamento”, pero muchas veces la respuesta es otra: “no hay”.
Lo que debería ser un derecho básico termina siendo una lucha diaria para miles de panameños que llevan años esperando que este problema se resuelva.
Porque cuando a un paciente le faltan medicamentos, no falta solo una pastilla. Falta tranquilidad, falta salud y, en algunos casos, también se pierde la esperanza.
Fuera de la policlínica Dr. Manuel Ferrer Valdés, en la ciudad de Panamá, la escena es cotidiana. Pacientes madrugan con la esperanza de conseguir los medicamentos que necesitan para continuar sus tratamientos.
Algunos pacientes aseguran que deben recorrer varias farmacias buscando uno, dos o hasta tres medicamentos diferentes. Y, aun así, muchas veces no logran encontrarlos.
Javier Bonner lleva 36 años viviendo con esquizofrenia. Para él, su medicamento no es solo una pastilla: es estabilidad, tranquilidad y la posibilidad de mantener una vida más equilibrada junto a su familia. “Si yo no me tomo mis medicamentos a tiempo, puedo volver a recaer en una hospitalización después de años de haber salido”.
Como Javier, muchos otros pacientes saben que su bienestar depende de que ese medicamento esté disponible cuando lo necesita. Señaló que en farmacias privadas la caja de clozapina, medicamento que necesita para su tratamiento, está entre $350 a $400 balboas.
Sin duda, la falta de medicinas en las instalaciones de salud golpea especialmente a quienes viven con enfermedades crónicas, pacientes que dependen de una dosis diaria para garantizar la efectividad de su tratamiento.
En Panamá, enfermedades como la diabetes y los padecimientos cardiovasculares están entre las más comunes. Por lo tanto, también son las que más medicamentos demandan del sistema de salud. Cuando estos medicamentos faltan, la preocupación aumenta entre pacientes y familiares.
Actualmente, la Caja de Seguro Social (CSS) atiende a 2.8 millones de personas, entre asegurados activos, dependientes y pensionados. Solo en 2025, la institución realizó 22 millones de dispensaciones de medicamentos.
De acuerdo con datos de la CSS: En 2024, el abastecimiento de medicamentos fue de 91%; para 2025, alcanzó 96% y actualmente se mantiene alrededor de 93%.
A pesar de estas cifras, muchos pacientes aseguran que todavía enfrentan dificultades para encontrar sus medicinas.
En medio de los esfuerzos por mejorar el abastecimiento, autoridades del CSS han revelado un nuevo problema: la sustracción o robo de medicamentos dentro del sistema. De acuerdo con el director de la entidad, Dino Mon, el desabastecimiento se debe a estas pérdidas dentro de las instalaciones.
Las denuncias ya han sido presentadas, mientras se realizan investigaciones para determinar responsabilidades, Ante el desabastecimiento, las autoridades han recurrido a compras de emergencia para abastecer las farmacias de policlínicas en el país.
Además, el Ministerio de Salud (Minsa) anunció compras conjuntas de medicamentos, una estrategia que busca mejorar el acceso y reducir los problemas de distribución.
Las farmacias del Minsa también reciben a miles de personas, tanto aseguradas como no aseguradas, que buscan tratamientos para distintas enfermedades; según el director nacional de medicamentos e insumos del Ministerio de Salud, Eric Conte, tienen entre el 80 y 85% de abastecimiento.
Entre las estrategias planteadas para mejorar el sistema está la receta electrónica, una herramienta que podría ayudar a controlar mejor la distribución de medicamentos y evitar irregularidades.
Las autoridades aseguran que trabajan en nuevas estrategias de compra, control y distribución para mejorar el abastecimiento en el sistema público de salud.
Mientras se buscan soluciones administrativas y financieras, la realidad para muchos panameños sigue siendo la misma: recorrer farmacias, esperar respuestas y confiar en que su medicamento llegue a tiempo.
Porque en materia de salud pública, para miles de pacientes en Panamá, los medicamentos siguen siendo una deuda que persiste."
2026-03-11,TVN,"Contenido Exclusivo: Inclusión, el reto de la educación en Panamá",contenido-exclusivo,"Ciudad de Panamá, Panamá/Más de 24 mil estudiantes con necesidades educativas especiales forman parte hoy del sistema educativo panameño. Aunque las leyes garantizan su acceso a las aulas, la falta de infraestructura, recursos y capacitación docente sigue siendo uno de los principales desafíos para lograr una inclusión real.
Con total entrega a sus alumnos, encontramos a docentes trabajando en salones de inclusión del Colegio Jehpta B Duncan. La dedicación de los maestros es evidente, aunque las herramientas disponibles para atender a estos estudiantes son limitadas.
Aquí lo que sobra es vocación, pero las herramientas son muy pocas.
La Ley 384 de 2023 obliga al Ministerio de Educación (Meduca) a asegurar el acceso, la permanencia y la participación de los estudiantes con necesidades educativas especiales, además de garantizar la formación continua de los docentes.
Por su parte, la Ley 42 de 1999 consagra la educación como un derecho y un deber fundamental sin distinción de etnia, sexo, religión, condición social o discapacidad. Desde esa fecha, se estableció la integración formal de la población con discapacidad en las escuelas regulares, un cambio importante, ya que muchos centros educativos no habían sido diseñados para recibir a esta población ni contaban con las condiciones estructurales necesarias.
Según el Ministerio de Educación, actualmente hay más de 24 mil estudiantes con necesidades educativas especiales en el sistema educativo oficial y más de 42 mil si se consideran todos los niveles de atención, reflejando la magnitud del desafío en materia de inclusión.
La población estudiantil con discapacidad representa cerca del 5.2% del total de estudiantes en el país. Sin embargo, las autoridades reconocen que todavía no se cuenta con datos precisos sobre todas las condiciones que presentan los alumnos dentro de las aulas.
El sistema educativo maneja dos niveles de atención:
Cuando surgen necesidades dentro del aula, la responsabilidad inmediata recae en cada centro educativo, que debe gestionar las adecuaciones necesarias a través de su dirección y en coordinación con las autoridades educativas.
Los padres enfrentan uno de sus mayores temores: que sus hijos no reciban la atención adecuada o sean atendidos por personas sin la capacitación o la vocación necesaria.
A pesar de los desafíos, hay estudiantes que continúan soñando con un futuro profesional, como Yael, de 13 años, que avanza en sus clases utilizando la técnica de Braille y es consciente de la falta de recursos, pero mantiene la esperanza de progresar.
Estas historias reflejan que, más allá de las barreras, la inclusión educativa en Panamá es también una apuesta por el futuro, donde la vocación de los docentes, la participación de los padres y la implementación de leyes inclusivas buscan garantizar que todos los estudiantes tengan las mismas oportunidades de aprendizaje y desarrollo.
Otros contenidos exclusivos:"
2026-03-11,TVN,¿Cacería o conservación? Así intenta Panamá resolver el dilema del conflicto humano-cocodrilo,contenido-exclusivo,"Ciudad de Panamá/La presencia de cocodrilos en zonas urbanas y costeras ha intensificado un conflicto entre percepción ciudadana y manejo ambiental en el país. Mientras un sector de la población sostiene que existe una supuesta sobrepoblación y plantea la caza como alternativa, las autoridades ambientales apuestan por la conservación, la educación y el manejo técnico como respuesta.
El debate se ha avivado tras reportes de ejemplares de gran tamaño observados en distintos puntos, algunos de los cuales habrían llegado a esas áreas tras inundaciones fluviales o cambios en las condiciones naturales de los cuerpos de agua.
Zonas como el Causeway de Amador y la bahía de Panamá han concentrado buena parte de los reportes recientes, amplificados por la circulación constante de videos en redes sociales.
Sin embargo, especialistas consultados por TVN-2.com advierten que, en varios casos, se trata de reiteradas grabaciones del mismo ejemplar en una zona específica, lo que incrementa la percepción de abundancia sin que necesariamente exista un aumento real de la población.
Ante este escenario, el jefe nacional de biodiversidad del Ministerio de Ambiente (MiAmbiente), Erick Núñez, explicó que la institución ejecuta un plan de manejo enfocado en monitoreo, educación y decisiones basadas en ciencia, descartando medidas letales en esta etapa.
Precisó que el término adecuado no es “control”, sino manejo, un concepto integral que contempla evaluar, informar y actuar solo cuando existe riesgo real para las personas.
El plan, que ya se encuentra en ejecución desde inicios de 2026, se desarrolla con apoyo de especialistas y contempla patrullajes y monitoreos en áreas señaladas recurrentemente por la ciudadanía, especialmente en la bahía de Panamá.
El objetivo es corroborar científicamente si el indicio de un aumento poblacional es correcto e identificar puntos críticos donde la interacción humano-cocodrilo representa un peligro.
“Este proyecto apunta mucho al tema de la educación, a crear conciencia, porque también hay muchos mitos alrededor de este tipo de cosas. Que todos los cocodrilos que se ven en el país, hay que rescatarlos porque ya ponen en peligro la existencia de las personas, y eso no es así, en realidad los cocodrilos tienen su función, su rol ecológico dentro del ecosistema”, comentó.
Núñez recordó que en Panamá existen dos especies de cocodrilianos: los babillos o caimanes, que crecen hasta un metro y medio y generalmente esquivos, y el cocodrilo americano, de mayor tamaño y presencia en desembocaduras de ríos y zonas costeras, ya que toleran la salinidad.
Existen casos documentados de cocodrilos americanos de 7 metros, sin embargo, en la actualidad casi no se observan de estos tamaños. De igual forma sucede con los caimanes, los tamaños máximos reportados en la actualidad alcanzan solo los dos metros y medio, pero son menos comunes.
Ambas especies se distribuyen naturalmente desde Darién hasta Chiriquí y cumplen un rol ecológico clave.
Entre los factores que explican los avistamientos más frecuentes, el funcionario mencionó la pérdida de hábitat por el crecimiento urbano, la protección de la especie desde hace décadas, la ausencia de depredadores naturales y prácticas humanas como alimentarlos, lo que reduce su temor al ser humano.
“No es ni un secreto que hay una competencia y ha habido una competencia por espacio. Las personas han ido desarrollando áreas naturales para convertirlas en áreas urbanizadas y obviamente con eso hemos eliminado parte del hábitat de los cocodrilos”, apuntó.
La traslocación —remover y reubicar ejemplares— se aplicará únicamente en sitios donde se determine que hay animales potencialmente peligrosos, como playas, balnearios o puertos de alta concurrencia.
Aclaró que el plan no contempla caza controlada ni sacrificio de animales en esta etapa, siendo esta una acción prohibida desde hace más de tres décadas.
No obstante, indicó que cualquier medida adicional, como una eventual caza controlada, solo podría evaluarse en el futuro si los resultados científicos demuestran que otras acciones no son viables, lo que requeriría ajustes normativos y autorizaciones específicas.
Desde el Ministerio de Ambiente se reconoce que el cocodrilo americano es un depredador natural que, en determinadas circunstancias, puede representar un riesgo para las personas. De acuerdo con la entidad, aunque los incidentes han sido pocos, sí existen casos registrados de ataques o personas heridas.
De hecho, los casos registrados en los últimos 7 años apuntan a solo 3 muertes:
En 2019 un pescador de 38 años fue depredado por un cocodrilo en el lago Gatún. El hombre se mantenía haciendo actividades de buceo.
En 2021 una niña de 11 años fue víctima del ataque de un ejemplar en la comarca Guna Yala. En este caso, la comunidad también acabo con la vida del cocodrilo.
En 2024 otro pescador de 42 años fue atacado en el río Mamoní en el distrito de Chepo, Panamá Este.
En Veraguas y Coclé también se han registrados algunos ataques, sin embargo, estos no han resultado en fatalidad.
El Ministerio de Ambiente también reforzó la educación y señalización con la instalación de letreros informativos y de advertencia en zonas críticas del país.
Hasta ahora se han colocado cerca de 40 letreros en áreas de Panamá, Colón, Chepo, Chorrera, Coclé y Los Santos, con el objetivo de alertar a la población y reducir riesgos.
En la recién inaugurada playita de Las Garzas ya se instaló un letrero de advertencia para prevenir a los visitantes, sobre todo a los turistas que desconocen sobre la situación nacional con la especie. Otra de las zonas en donde se colocó un letrero por la presencia de estos animales fue en playa Torio, en donde hace una semana se reubicó a un cocodrilo en conflicto.
Núñez subrayó que los cocodrilos son una especie protegida y que su caza es ilegal, con sanciones administrativas y penales que pueden incluir multas y procesos judiciales. Reiteró que el enfoque institucional busca proteger a las personas, sin sacrificar la conservación ni el equilibrio de los ecosistemas, e hizo un llamado a informarse y evitar conductas que aumenten el riesgo de interacción con la fauna silvestre.
Para Miryam Venegas, científica e investigadora de la Universidad Tecnológica de Panamá (UTP), conocida como la “doctora cocodrilo”, la creciente presencia de cocodrilos en ríos, esteros y zonas cercanas a comunidades en Panamá responde a una combinación de factores humanos y ecológicos que se han desarrollado durante décadas.
Venegas es quien lidera el proyecto de gestión de esta especie financiado por el Ministerio de Ambiente, cuyo tiempo de aplicación es de 24 meses.
Según la investigadora, el problema no se limita a un aumento natural de la población, sino a cambios en los hábitos humanos y en el uso del territorio que han favorecido la supervivencia y reproducción de estos reptiles.
Uno de los factores que más influye es el manejo de desechos en zonas pesqueras.
Restos de pescado arrojados a los ríos o vertidos desde barcos y empresas procesadoras se convierten en una fuente constante de alimento para los animales, lo que favorece su concentración en ciertas áreas.
Los estudios realizados por el equipo científico con el que trabaja la doctora cocodrilo han identificado de manera preliminar varias regiones del país con altas densidades de cocodrilos, especialmente el acutus y principalmente en la vertiente del Pacífico.
Entre las áreas más relevantes destacan:
De acuerdo con Venegas, en estos lugares donde se realizó un inventario rápido, la presencia puede superar ocho animales por kilómetro de río, una densidad considerada alta por los investigadores.
En algunos casos, la concentración es aún mayor. En el río Juan Díaz durante un recorrido nocturno se pudo observar una concentración de 11 cocodrilos juveniles de 1 o 1.20 metros y 27 caimanes.
En Coquira, por ejemplo, el equipo encontró 27 cocodrilos de más de tres metros en apenas 1.5 kilómetros de recorrido.
También en la parte Pacífica del área canalera se ha podido avistar a unos 38 animales por kilómetro cuadrado, de igual forma en Río Grande en Coclé, cerca al río Antón, se encontraron alrededor de 37 ejemplares de diferentes tamaño. ""Ahí había camaroneras"", señala al indicar que esto ocurre porque los animales encuentran abundante alimento.
“Donde hay más recursos, los hijos tienden a sobrevivir mejor y la población se reproduce más”, señaló.
Sin embargo, no todas las regiones presentan el mismo patrón.
En ríos de Chiriquí casi no se encuentran y gran parte de Darién la presencia es menor como en el Chucunaque, aunque existen focos importantes en zonas específicas como la desembocadura del Tuira.
La investigadora advierte que muchos incidentes ocurren por desconocimiento del comportamiento del animal.
Los cocodrilos pasan gran parte del día tomando el sol para acumular energía y se vuelven más activos al caer la tarde.
“A partir de las 4:30 o 5:00 de la tarde los animales están en modo cacería”, explicó.
Por esta razón, ingresar a ríos o playas donde se sabe que hay cocodrilos durante la noche o al anochecer aumenta considerablemente el riesgo a sufrir una depredación o ataque.
La especialista indicó que, en muchas ocasiones, los pescadores también enfrentan situaciones peligrosas cuando utilizan trasmallos que atraviesan el río, ya que los reptiles pueden quedar atrapados en las redes.
En esos casos, al intentar liberarlos, se producen mordeduras o ataques defensivos.
""Porque ponen los trasmallos y atraviesan todo el río, que eso está prohibido, pero lo hacen.Todo lo que está prohibido lo hacemos y entonces en esas cae un cocodrilo porque ve pescado o porque simplemente va cruzando y no vio la malla y se enredó, destruye los trasmallos y entonces los pescadores cuando sacan la malla lo encuentran ahí y a veces los muerden a los pescadores o generalmente los percadores les dan un machetezo y a veces encontramos cocodrilos sin cola o a veces matan a los animales"", precisa.
Venegas explica que el aumento de la población no es sorprendente. En Panamá la caza de cocodrilos desapareció hace cerca de 50 años, lo que permitió la recuperación de la especie.
A esto se suma la creación involuntaria de nuevos hábitats por parte de los humanos, como canales de riego, camaroneras abandonadas y zonas industriales donde los reptiles encuentran refugio y alimento.
Los cocodrilos también pueden vivir durante décadas.
Algunos alcanzan la madurez sexual alrededor de los siete años, cuando miden cerca de 1.80 metros, pero pueden tardar décadas en alcanzar su tamaño máximo.
Un ejemplo es “Tito”, el famoso cocodrilo del Parque Nacional Coiba.
Actulmente podría tener entre 40 y 45 años, lo que ilustra la longevidad del icónico cocodrilo de Coiba.
En los últimos meses, videos en redes sociales han mostrado ""cocodrilos"" en el área de Amador, lo que ha generado preocupación entre ciudadanos que frecuentan el lugar.
Sin embargo, la investigadora explica que no se trata de un conjunto de animales, sino animales que no son nuevos en la zona.
Según sus observaciones, en el área existen al menos dos cocodrilos, uno de mayor tamaño que suele verse en el agua y otro más pequeño que incluso ha sido grabado cruzando cerca de la carretera.
Venegas asegura que el cocodrilo que nada en las aguas de Amador y que ha encendido las alertas en redes sociales, ha vivido en el sector durante muchos años y ha sido observado desde hace más de dos décadas.
Cuando lo vio por primera vez, a inicios de los años 2000, el animal medía menos de un metro.
Hoy supera los tres metros de longitud, lo que demuestra cuánto tiempo ha permanecido en el mismo territorio.
La investigadora señala que este comportamiento también refleja el carácter territorial de la especie, ya que los ejemplares adultos suelen dominar un área y evitan que otros cocodrilos se establezcan allí.
""Toda la vida ha vivido allí"", remarcó.
Las hembras se reproducen una vez al año. La cópula ocurre entre noviembre y diciembre, mientras que la puesta de huevos inicia en enero.
Las crías nacen entre finales de marzo y principios de abril, un periodo en el que las hembras pueden volverse especialmente agresivas para proteger a los recién nacidos.
Durante esta etapa, acercarse a los nidos o manipular crías puede provocar ataques defensivos.
""Ahí es cuando los animales son bravísimos, donde hay posibilidades de ataque"", subrayó.
De acuerdo con la cientifica, la supervivencia de los cocodrilos, en especial del cocodrilo aguja, es de un animal por cada nido. Es decir, el 1 o 2%.
""Pero resulta que a medida que nosotros nos alejamos de la naturaleza y a medida que transformamos el hábitat, los cocodrilos han encontrado lugares donde establecerse, las canchas de golf, las camaroneras y la última que me enteré navegando por el río Juan Díaz que ahí venden arena y una cosa que se llama la arenal, en donde se han visto hembras sacando los bebés de un hueco. Ese arenal no estaba antes allí y ellas se adaptan"", detalló.
En redes sociales ha crecido el debate sobre la posibilidad de autorizar la caza de cocodrilos en Panamá debido al aumento de avistamientos.
No obstante, Venegas considera que esa decisión solo puede tomarse después de desarrollar un plan nacional de manejo basado en ciencia.
“Debe ser un plan de Estado bien hecho”, explicó al tiempo que indicó que se debe implementar la biología foerense para rastrear de qué áreas del país proviene el animal.
Pero la investigadora cuestiona el concepto de “cacería control” cuando no existe un aprovechamiento del recurso.
En países como Estados Unidos, particularmente en Luisiana, la cacería existe, pero funciona bajo un sistema altamente regulado con cuotas, permisos y monitoreo científico. ""Es muy bien manejado por el Estado"", afirma.
La investigadora insiste en que Panamá necesita urgentemente un plan nacional de manejo de cocodrilos, que incluya:
Actualmente, el proyecto científico financiado por el Ministerio de Ambiente contempla 24 meses de trabajo, durante los cuales se evaluará especialmente la región de la Bahía de Panamá, desde Chimán hasta los manglares de Chame.
Uno de los objetivos es identificar las áreas que ya representan un riesgo y aquellas donde podrían surgir conflictos en el futuro. ""Necesitamos crear un grupo de respuesta centralizado y que exista un registro, una base de datos donde todas esas cosas que se hacen, para que tengan un seguimiento"", subrayó.
Los investigadores advierten que algunos cocodrilos juveniles, especialmente aquellos de entre 1 y 1.5 metros, tienden a desplazarse en busca de nuevos territorios para establecerse y desarrollarse.
Esto podría generar nuevos avistamientos en áreas urbanas en los próximos años.
“Los animales jóvenes salen a buscar su propio territorio. En cinco o diez años podrían aparecer en nuevas zonas”, advirtió.
El plan de gestión también contempla el uso de telemetría, colocando transmisores a algunos animales para seguir sus movimientos en tiempo real, actividad que podría ser un atractivo turístico para los seguidores de la especie.
Como parte de las soluciones, los científicos han planteado crear un santuario para cocodrilos en el área de la Bahía de Panamá, dentro de terrenos destinados a investigación en la cuenca del Canal.
“En la Universidad Tecnológica y la Universidad de Panamá tienen 700 algo hectáreas asignadas por el Estado para hacer investigación y conservación en el área en la en la Cuenca del Canal. Nosotros ya fuimos a visitar el área para identificar un lugar que nosotros pudiéramos cercar y pudiéramos convertir eso en un centro de conservación”, comentó.
Para Venegas y el Ministerio de Ambiente, el desafío principal es encontrar un equilibrio entre la seguridad de las personas y la conservación de una especie que forma parte del ecosistema panameño.
La ciencia lo tiene claro: el problema no es la especie, sino el espacio del hábitat natural que en gran parte ha sido invadido por el ser humano, pero por otro lado, los ciudadanos parecen tolerar menos la presencia de cocodrilos en entornos urbanos,  insistiendo en que debe hacerse algo para solucionar un conflicto que sigue escalando cada vez más.
Hasta el momento, la situación de vulnerabilidad de la especie sigue bajo estudio, y se subraya que cualquier decisión será basada en datos rigurosos, ya que una mala decisión podría definir el futuro de una especie que ha habitado en nuestro país desde hace siglos.
Mientras tanto, la población debe seguir recomendaciones claras para evitar situaciones que lamentar.
Ante situaciones de emergencia, el Sistema Nacional de Protección Civil (Sinaproc) exhorta a la población a:
Los cocodrilos en Panamá, descritos por los primeros cronistas que llegaron al istmo, estuvieron al borde del exterminio a finales de los 70's debido al auge de la piel de cocodrilo. Por esa década, Panamá se hizo signatario de Cites (Convención sobre el Comercio Internacional de Especies Amenazadas de Fauna y Flora Silvestres) adoptando medidas para evitar la extinción de la especie.
Una vez se tengan los resultados del plan de gestión, el Ministerio de Ambiente con el apoyo de científicos, deberá sustentar ante Cites si los caimanes o cocodrilos siguen en estado de vulnerabilidad, y, a partir de estos datos, adoptar nuevas políticas públicas para solucionar el conflicto."
2026-03-09,TVN,Contenido exclusivo | Vía España: El costo del progreso,contenido-exclusivo,"Ciudad de Panamá/La Vía España es, a partes iguales, el corazón y el dolor de cabeza de la Ciudad de Panamá: un mar de gente, autos, pitos y giros conflictivos. Un caldo de cultivo para la economía del día a día y el retrato más fiel de lo bueno, lo malo y lo feo de nuestra capital.
Ahora, tras décadas de desorden, el Ministerio de Obras Públicas ha anunciado la construcción de nueva infraestructura pública en la zona. Se ampliará un tramo de 5.4 kilómetros, desde El Balboa hasta la Vía Porras, para nuevas aceras de ambos lados, cables soterrados, nuevos drenajes y un sistema de tránsito rápido (BRT) para el metrobús. En términos sencillos: convertir el bus en una especie de metro a nivel de calle, con carriles exclusivos y estaciones centrales.
La obra ha sido adjudicada al consorcio Cusa-Toronto Holdings por 80.1 millones de dólares. La licitación arrancó en 2021, y el proceso pasó por reclamos, anulaciones y hasta fallos de la Corte Suprema.
Pero en Río Abajo y Parque Lefevre, decenas de comerciantes sostienen que el proyecto acabará con sus negocios. Los más impactados son vendedores informales ubicados en pequeños mercados públicos sobre la servidumbre sobre la que pasarán los nuevos carriles.  La Vereda Afroantillana, un famoso lugar de restaurantes de comida afroantillana ubicado en el llamado Parque Afroantillano, también ha recibido la notificación de que deberá moverse el 30 de marzo. “Hemos estado aquí años”, dice Tomás Flores, dueño de la fonda Buenas Nuevas. En este punto, si bien la vía no pasará sobre la Vereda, el contrato contempla la remodelación del parque.
Las obras ampliarán la vía de 14 a 32 y 39 metros, y se proyecta un aumento de 207% en nuevos espacios para caminar. Con el nuevo sistema de carriles exclusivos, MiBus estima que podría pasar a mover cerca de 100 mil pasajeros al día, 40 mil más que las cifras actuales. Por ese tramo de la Vía España ahora circulan las rutas C928, C938, V539, V532 y V531, que conectan Metro Pedregal con Albrook y la Plaza 5 de Mayo.
Para entender la urgencia del proyecto, recorrimos la ruta V531 en plena hora pico. A las 7:07 a.m., el bus salió lleno desde El Balboa. Aunque el trayecto inicial fluye, la pesadilla comienza al llegar a la Avenida 12 de Octubre.
Este retraso es el resultado de la precarización urbana: camiones varados, giros a la izquierda que cortan el flujo y la falta de infraestructura dedicada. El proyecto promete reducir los giros riesgosos y dejar solo 17 cruces semaforizados para agilizar el tráfico.
Históricamente, nuestros gobiernos han apostado a ampliar las calles bajo el supuesto de que alivian el tranque a los que se mueven en vehículos privados. La ampliación de la vía España, que ha tomado 5 años desde que fue diseñada, propone beneficiar a la mayoría: a los peatones y a quienes utilizan el transporte público.  Si el proyecto resulta bien, serían buenas razones para replicarlo en el resto de nuestra complicada ciudad."
2026-03-08,TVN,"Entre avances y retrocesos, mujeres en Panamá reafirman su lucha por igualdad y justicia",contenido-exclusivo,"Panamá/Cada 8 de marzo las calles, las instituciones y los espacios públicos en Panamá se llenan de voces que recuerdan que los derechos de las mujeres no fueron concedidos de forma espontánea. Han sido fruto de décadas de organización, movilización y persistencia.
La conmemoración del Día Internacional de la Mujer llega este año acompañada de reflexiones sobre lo alcanzado y lo que aún falta por conquistar. Desde el reconocimiento del voto femenino y la apertura progresiva de espacios de liderazgo hasta la creación de instituciones dedicadas a impulsar políticas públicas de igualdad, el camino recorrido ha transformado el panorama social del país.
Sin embargo, activistas y organismos internacionales coinciden en que las brechas continúan marcando la vida de millones de mujeres. Bajo el lema “Derechos, justicia y acción por y para todas las mujeres y niñas”, ONU Mujeres hace un llamado global a derribar las barreras estructurales que aún limitan el acceso de las mujeres a la justicia, entre ellas leyes discriminatorias, protecciones legales débiles y normas sociales que perpetúan la desigualdad.
El organismo advierte que los sistemas judiciales todavía fallan en proteger plenamente a las mujeres. A escala mundial, ellas cuentan con solo el 64% de los derechos legales que poseen los hombres, lo que las expone a discriminación, violencia y exclusión.
El informe del Secretario General de las Naciones Unidas titulado “Garantizar y fortalecer el acceso a la justicia para todas las mujeres y las niñas” revela que en el 54% de los países la violación aún no se define legalmente sobre la base del consentimiento. Además, en casi tres de cada cuatro países la ley todavía permite el matrimonio infantil y en el 44% de las naciones no existe igualdad legal de remuneración por trabajo de igual valor.
La Directora Ejecutiva de ONU Mujeres, Sima Bahous, advierte que la falta de justicia tiene consecuencias que trascienden los casos individuales. “Cuando se niega la justicia a las mujeres y niñas, el daño va mucho más allá de un caso concreto. La confianza pública se erosiona, las instituciones pierden legitimidad y el propio Estado de derecho se debilita. Un sistema judicial que falla a la mitad de la población no puede alardear de estar defendiendo la justicia”.
El informe también evidencia señales de progreso. El 87% de los países ya cuenta con leyes contra la violencia doméstica y más de 40 naciones han fortalecido la protección constitucional de los derechos de las mujeres en la última década. Aun así, los expertos coinciden en que las leyes por sí solas no bastan si no se traducen en políticas públicas efectivas.
En Panamá, los avances en materia de derechos de las mujeres se reflejan en la creación de legislación contra la violencia de género, el establecimiento de mecanismos institucionales para impulsar la igualdad y la creciente participación femenina en la educación superior.
A pesar de estos logros, las organizaciones sociales advierten que la violencia, las desigualdades laborales y las barreras para la participación política siguen siendo desafíos urgentes.
Joyce Araujo, de Fundagénero, advierte que la violencia contra las mujeres continúa siendo una problemática estructural.
La activista también señala que algunas propuestas en discusión podrían representar retrocesos institucionales.
“Estamos ante la propuesta de la eliminación del mecanismo nacional de la mujer, lo cual sería un retroceso, no solamente en materia de regresividad en derechos humanos de las mujeres, sino también de representatividad de la voz de la mitad de la población y de la rectoría de los derechos de las mujeres desde el Ejecutivo”.
Otro de los temas que genera preocupación es la participación política.  “No se ha eliminado la válvula de escape en las reformas electorales. Se mantiene una paridad que no es real porque la norma permite que si las mujeres no participan esos espacios se llenen con hombres y eso es lo que ocurre dentro de los partidos políticos”.
Las desigualdades también se evidencian en el ámbito económico. Aunque las mujeres representan una proporción creciente de profesionales egresadas de las universidades, los cargos directivos continúan ocupados mayoritariamente por hombres y la brecha salarial persiste.
A ello se suma el peso del trabajo doméstico y de cuidados. Las mujeres dedican muchas más horas que los hombres a estas tareas, lo que limita su acceso a oportunidades laborales y de liderazgo.
La abogada y defensora de los derechos políticos de las mujeres, Elia López de Tulipano, considera que el país enfrenta un momento clave en materia de políticas públicas de igualdad.
“Panamá enfrenta este 8 de marzo de 2026 una crisis de validación institucional del mecanismo nacional para el adelanto en las políticas públicas de igualdad y no discriminación de las mujeres, el Ministerio de la Mujer”.
Para López, la institucionalidad es clave para avanzar en políticas públicas que respondan a las necesidades reales de la población. “Pretender continuar invisibilizando la valía de las mujeres en las tareas del cuidado tanto en lo social como económico causa profunda distorsión en la economía nacional y perpetúa la discriminación y las desigualdades”, dijo López de Tulipano.
Los datos reflejan tanto avances como desafíos. De acuerdo con el informe 2025 del Ministerio de la Mujer, la línea 182 “Contigo Mujer” atendió 13 mil 486 casos, mientras que 5 mil 139 llamadas fueron coordinadas con el Centro de Operaciones de la Policía Nacional. Además, 41 mujeres junto a sus hijos e hijas recibieron protección en albergues, un esfuerzo orientado a prevenir situaciones de riesgo.
Sin embargo, la violencia sigue siendo una preocupación. Según cifras del Ministerio Público, en 2025 se registraron 17 femicidios, 16 tentativas de femicidio y 15 muertes violentas de mujeres. En enero de 2026 ya se contabilizaba una víctima de femicidio y cuatro tentativas.
Ante este panorama, López insiste en que la conmemoración del 8 de marzo no debe limitarse a una fecha simbólica. “Retroceder no, disminuir el progreso no, acobardarse ante una decisión incoherente no”, planteó la también política.
Más de medio siglo de organización femenina ha dejado huellas profundas en la historia del país. El acceso a la educación, la participación en la vida política y la creación de leyes contra la violencia son parte de ese legado.
Aun así, la igualdad plena sigue siendo un horizonte por alcanzar. Las activistas coinciden en que el desafío ahora consiste en consolidar los avances y evitar retrocesos en materia de derechos.
Como advierte López, la memoria de las luchas pasadas sigue siendo un recordatorio de lo que está en juego.  “Conmemorar el 8 de marzo en Panamá se ha convertido en una gran sombra, pretendiendo borrar más de 50 años de impulso articulado por las mujeres panameñas sin distingo”.
En medio de avances parciales y retos persistentes, la jornada vuelve a dejar claro que la búsqueda de igualdad, justicia y reconocimiento sigue siendo una tarea colectiva que continúa escribiéndose en Panamá y en el mundo."
2026-03-04,TVN,"Contenido Exclusivo: El Caño, una mirada a nuestro pasado",contenido-exclusivo,"El Caño, Cocle/En el corazón de Natá, los Gran Coclé guardan secretos que narran la historia de nuestros ancestros. Recientes hallazgos arqueológicos en el sitio El Caño han revelado entierros indígenas que permiten conocer más sobre la vida, creencias y tradiciones de las culturas precolombinas de Panamá.
Al visitar el Museo Arqueológico El Caño, los monolitos presentes en el lugar son indicativos de que en estas tierras habitaron sociedades precolombinas. Estos elementos forman parte de una línea de un complejo funerario que señalaba la llegada de los cuerpos de los señores ancestrales desde el Río Grande hacia Las Tumbas, donde se mantienen las últimas investigaciones en la tumba número 3, en la que se han ubicado valiosos ajuares funerarios.
Desde el año 2005, la antropóloga Julia Mayo dirige las excavaciones en el sitio, donde se han descubierto nueve tumbas. Cada hallazgo confirma que, hace más de mil años, existió una cultura poderosa y estrictamente organizada. Mayo reafirma que las nueve tumbas, ubicadas una al lado de la otra, contienen entierros con ajuares funerarios muy similares, lo que explica que se trataba de un sistema de gobierno más horizontal, más que un reino. ""No debemos hablar de riqueza; el oro es un valor ritual, no económico. El oro no era para capitalizar, sino para tener prestigio"", explicó la investigadora.
Ante la pregunta sobre a qué grupo originario pertenecían estos señores de alto rango, la doctora Mayo señaló que se han realizado pruebas de ADN y estudios enviados a Harvard para determinar los vínculos con pueblos indígenas actuales.
En la tumba número 3, los arqueólogos siguen una cronología investigativa específica: primero encuentran la cámara funeraria, una especie de tapadera que evitaba que la tierra ingresara al cuerpo de los señores ancestrales; luego, los ajuares funerarios, entre pectorales, brazaletes y orejeras de oro; posteriormente, la cerámica; y por último, los restos óseos, que permitirán determinar cuántos individuos fueron depositados en esta tumba y establecer la cronología en las demás.
Los hallazgos incluyen tumbas colectivas, oro, cerámicas simbólicas, esmeraldas y espejos mayas. Esto indica que los Gran Coclé mantenían redes de intercambio con otras culturas mesoamericanas, como los mayas, según explicó Carlos Mayo Torné, arqueólogo e investigador del Centro de Investigaciones Arqueológicas del Istmo.
En las excavaciones también se hallaron vasijas y cerámicas con figuras animales y gran simbolismo. Las piezas se limpian y reconstruyen para identificar su forma original. Los estudios indican que el color púrpura distinguía al Gran Coclé, por su presencia constante en los artefactos.
Sobre el origen del oro utilizado en los ajuares, estudiantes de antropología como Gabriel Díaz y Gabriel Correa realizan registros en ríos, planteando que el metal pudo extraerse de los ríos del norte de La Pintada. Por su parte, Tiara Ayala, licenciada en Geografía e Historia, destacó que las artesanías representaban animales y artefactos sonoros, reflejando un profundo respeto por la naturaleza.
Tras los últimos hallazgos, las visitas de turistas nacionales y extranjeros se han duplicado los fines de semana en el Museo de El Caño, según confirmó Reynaldo Oses, administrador del recinto. Visitantes como Francklin Paz y Angela Arjona compartieron su experiencia al conocer el sitio.
La doctora Julia Mayo adelantó que se espera la aprobación del presupuesto para construir un nuevo museo, proyecto que presentó y sustentó ante el Consejo de Gabinete. Con cada descubrimiento, Panamá reafirma su riqueza cultural y su compromiso con la preservación del patrimonio arqueológico."
2026-03-02,TVN,Contenido Exclusivo: Las heridas invisibles del acoso escolar,contenido-exclusivo,"Ciudad de Panamá, Panamá/Ellos sufren en silencio, con una carga emocional y física que apenas comprenden. Y si no reciben ayuda, el acoso puede escalar, incluso poniendo en riesgo sus vidas.
Enso, estudiante universitario, asegura que el acoso puede quitarle a un estudiante las ganas de ir al colegio por miedo o inseguridad ante ciertas personas. Daniela, estudiante graduanda, explica que cuando se acosa a alguien, se le hace sentir “menos, raro o diferente”, generando un alto impacto en su autoestima. Para Gabriel, también estudiante universitario, el acoso puede ser físico, con golpes, o emocional, y en ocasiones se manifiesta a través de ataques verbales.
Ana Laura, quien estaba por graduarse, recuerda cómo perdió la alegría en su último año de secundaria debido a un caso de acoso. “Uno siempre dice que se va a defender si le pasa, pero no siempre es así”, comenta. Durante las noches lloraba al recordar lo ocurrido, pero hablar con su mamá y orar la ayudó a sobrellevar la situación. Convertirse en víctima de acoso escolar fue una experiencia que Ana Laura no pudo afrontar sola; contárselo a sus padres fue su mejor decisión.
Su madre, Zonya, recuerda que al principio restaban importancia a los incidentes, pero la situación se volvió insostenible: “No quería ir al colegio, le dolía la cabeza y el estómago, y era frecuente que tuviera que ir a la enfermería. Estaba en un punto en que le daba miedo reaccionar mal, que ante un momento de incomodidad llegara a una agresión, porque ya se lo había dicho y no quería esperar más”. El acoso provenía de alguien que Ana Laura conocía desde pequeña.
La joven reflexiona: “Hay ocasiones en que queremos devolver con la misma moneda lo que nos hacen, y ese no es el propósito. Aprendí que lo que nos perturba no somos nosotros, sino las inseguridades de otras personas reflejadas en nosotros”.
Según Zonya, el acoso no se limitó a una sola persona: “Se agruparon y de la noche a la mañana dejaron de invitarla, la excluían. Mi hija estudiaba en un colegio particular y sentimos que hace falta mucho reconocimiento y acción inmediata frente a estas situaciones”.
El acoso escolar se manifiesta de distintas maneras. Los padres deben observar si sus hijos presentan marcas físicas como moretones inexplicables, arañazos, huesos rotos o heridas. También pueden mostrar miedo de ir al colegio, ansiedad, agresividad, retraimiento o dificultades para relacionarse con otros niños.
“Guardar silencio, mentir o decir que se cayó son comportamientos comunes en niños y adolescentes víctimas de acoso”, explica la psiquiatra infantil Nilda Santamaría. Sin embargo, tampoco ayuda decirles que “si te pegan, pega”, pues estas respuestas no resuelven la situación.
El bullying es un acto repetitivo e intencionado entre compañeros, donde el agresor ejerce poder y la víctima usualmente guarda silencio. Paola Martínez, directora ejecutiva de la Fundación Serenamente, asegura que se trata de un llamado de ayuda y un problema de salud mental tanto para la víctima como para el agresor. “Normalmente, un agresor ha sido víctima en casa, por un cuidador, familiares, amigos o personas mayores”, explica.
La Organización Global de Prevención ante el Bullying indica que 8 de cada 10 estudiantes en Panamá han experimentado violencia, maltrato o acoso en escuelas públicas y privadas. Mientras que el acoso en escuelas públicas suele ser físico, en privadas se manifiesta de manera psicológica y social, registrando índices más altos de suicidio.
Víctor Smouly, director ejecutivo de la organización, señala que la prevención comienza en el hogar: “Hoy lo que tenemos son padres ausentes. Una encuesta de 2023 indica que solo el 12% de los niños se sienten felices en sus hogares”.
El informe de Unicef sobre violencia contra niños, niñas y adolescentes en América Latina y el Caribe 2026 indica que 1 de cada 4 jóvenes ha sufrido bullying. Los chicos enfrentan más acoso físico, mientras que las chicas reportan más acoso psicológico y sexual.
El docente debe identificar casos de acoso y trabajar en horas de consejería. Abel Zeballos, supervisor de ética del Ministerio de Educación (Meduca), resalta la importancia de inculcar respeto y buenas costumbres. Arelys Fernández, psicóloga del Meduca, explica que los apodos ofensivos y la exclusión social son formas visibles de acoso, mientras que muchas víctimas sienten miedo de denunciar.
La tecnología ha traído nuevas formas de acoso, como el ciberacoso. UNICEF y OPS indican que más del 20% de jóvenes entre 11 y 17 años en Panamá han sufrido ciberacoso. Con redes sociales y dispositivos electrónicos, el acoso ya no termina cuando se acaban las clases; los jóvenes quedan expuestos solos frente a agresores virtuales.
Entre las consecuencias más graves del acoso escolar está la ideación suicida. Smouly relata que han registrado intentos de suicidio desde los 5 hasta los 17 años. Nilda Santamaría advierte que en muchos casos los niños solo quieren que la violencia se detenga, buscan ayuda y comprensión.
Los jóvenes víctimas y agresores requieren atención psicológica, porque aún no tienen la madurez para medir las consecuencias de sus actos. Padres, cuidadores y docentes deben crear un entorno seguro, respetuoso y libre de bullying.
Enso afirma que las víctimas necesitan alguien con quien hablar. Daniela recuerda que “no hay nada de malo en ser diferentes y no han hecho nada para merecer la agresión”. Gabriel pide más psicólogos en escuelas y universidades.
Este reportaje muestra la gravedad del acoso escolar en Panamá, sus múltiples manifestaciones y la necesidad urgente de intervención desde el hogar, las instituciones educativas y la sociedad para proteger a los niños y jóvenes."
2026-03-02,TVN,"El reto de la educación en Panamá: consensos históricos, rezagos persistentes",contenido-exclusivo,"Ciudad de Panamá, Panamá/Con el inicio del nuevo año escolar este lunes, miles de estudiantes regresan a las aulas mientras el país vuelve a enfrentar un desafío que ha atravesado generaciones: la reforma estructural del sistema educativo panameño. El debate no es nuevo. Desde 1974 Panamá ha intentado transformar su modelo educativo en varias ocasiones, pero ninguna reforma ha logrado consolidarse como un cambio profundo y sostenido.
La primera reforma se dio en 1974 bajo el régimen de Omar Torrijos. Sin embargo, fue derogada en 1979 mediante la Ley 9 de octubre de ese año, que restituyó la vigencia de la Ley Orgánica de Educación de 1946. Desde entonces, el país ha optado por ajustes parciales: en 1983 se revisaron programas de estudio; en 1995 se aprobó la Ley 34 que reformó el marco jurídico vigente; y en 2010 se impulsó una reestructuración curricular con nuevas pedagogías. Los esfuerzos más recientes han apostado más por la modernización curricular, formación docente y tecnología que por una nueva ley integral.
Hoy, el Ejecutivo vuelve a poner sobre la mesa una reforma de fondo. El presidente José Raúl Mulino adelantó que la educación será el siguiente gran eje de su hoja de ruta y que presentará una propuesta formal.
“Aspiro a discutir de manera respetuosa y coherente la urgente necesidad que tiene Panamá de modernizar su sistema educativo”, afirmó el mandatario.
Mulino dejó claro que la iniciativa vendrá desde el Ejecutivo, aunque buscará un esfuerzo nacional que incluya educadores, padres de familia y gremios. Su meta es dotar al país de un marco estable y moderno por al menos 50 años. También puso el foco en una brecha estructural que, a su juicio, divide al país.
“No puede ser que los que pueden pagar una educación privada tengan acceso al futuro, mientras quienes dependen del sistema público deban hacer un esfuerzo enorme para competir”, expresó.
Desde el Ministerio de Educación, la ministra Lucy Molinar anunció el pasado 18 de enero el inicio de un proceso de escucha y consulta para la reforma de la Ley Orgánica. Equipos de trabajo identifican prioridades y estructuran propuestas que serán remitidas a la Presidencia.
“No es un proceso cerrado ni diseñado por unos pocos; estamos escuchando a todo el sistema educativo”, sostuvo. La ministra ha marcado distancia de intentos anteriores, al insistir en que esta vez la construcción será amplia y con respaldo del Ejecutivo. La propuesta apunta a incorporar mayor acceso a tecnología, actualización permanente para docentes y una estructura acorde con los tiempos actuales.
Pero mientras el Gobierno prepara su iniciativa, la sociedad civil recuerda que Panamá lleva tres décadas hablando de lo mismo. El documento ""La Ruta Acordada por Ejecutar"", elaborado por Fudespa y Jóvenes Unidos por la Educación, consolida 17 iniciativas entre 1995 y 2023 que coinciden en los mismos diagnósticos: inversión insuficiente, gestión deficiente y formación docente precaria.
En ese sentido, Nivia Rossana Castrellón, sostiene que, “basado en el análisis de Fudespa y la investigación histórica externa, la falta de una reforma educativa exitosa en Panamá no se debe a la ausencia de ideas, sino a una compleja mezcla de traumas políticos, falta de continuidad legal y debilidad institucional”. Recuerda que el intento más profundo de transformación fue la reforma de 1974, bajo el régimen de Omar Torrijos, que buscaba democratizar la educación, reducir el analfabetismo y vincular la enseñanza con el trabajo productivo y la tecnología, pero fue derogada el 9 de octubre de 1979 tras una huelga masiva y marchas que la calificaron de “comunista” y “adoctrinadora”, lo que muchos historiadores consideran un “salto cualitativo fallido” que estancó el sistema por décadas. Posteriormente, la Ley 34 de 1995 introdujo la Educación Básica General y buscó modernizar la gestión; sin embargo, aunque actualizó la filosofía educativa, no logró desmantelar la burocracia centralizada ni mejorar los resultados de aprendizaje, que hoy siguen por debajo del promedio de la OCDE.
Castrellón, enfatizó que desde 1995 hasta 2023, Panamá ha realizado al menos 17 diálogos nacionales. En ese sentido, enumeró los factores que impiden que estos acuerdos se conviertan en realidad son:
Candy Chen, de la Organización 1Decide, advierte que el problema no es la falta de ideas, sino la ejecución. “Panamá lleva décadas sin una reforma educativa estructural. Hemos tenido al menos 17 diálogos, pero no una ejecución real. Hoy estamos atrasados frente a países que ya fortalecieron competencias, valores y habilidades esenciales para el siglo XXI”, señaló.
Desde una mirada personal, agrega que “como ciudadana panameña, con crianza taiwanesa y como madre, veo con preocupación cómo nuestro sistema —público y privado— no está preparando a nuestras niñas, niños y jóvenes para el mundo que ya existe. La reforma no es opcional: es urgente”.
Chen insiste en que el modelo actual desalienta el pensamiento crítico y responde a una lógica industrial superada. “Seguimos formando a nuestras y nuestros estudiantes con un modelo que desalienta el pensamiento crítico y mantiene una preparación anclada en la lógica de la revolución industrial”, advirtió, al tiempo que cuestionó cómo el país enfrentará un escenario de decrecimiento poblacional y envejecimiento si no prepara a sus nuevas generaciones.
El diputado Jorge Bloise, presidente de la Comisión de Educación de la Asamblea Nacional y quien avanza un proceso a la espera de que llegue la propuesta del Ejecutivo, ha dicho que “nuestra Ley Orgánica nació en 1946, pensada para un país que ya no existe. Los cambios de 1995 y 2002-2003 fueron relevantes, pero respondieron a desafíos de otro tiempo”.
Desde otra perspectiva histórica, el exministro de Educación Aristides Royo, quien impulsó la reforma de 1979 que luego fue derogada, recuerda que el cambio educativo nunca es definitivo. “Siempre harán falta reformas en la educación, porque esta evoluciona como lo hace el mundo”, manifestó.
Y añade una advertencia frente a la revolución tecnológica. “Los planes de enseñanza no pueden ser los mismos durante años, ya que tienen que evolucionar acorde con el progreso de la humanidad”.
El debate actual, por tanto, va más allá de modificar artículos de una ley con casi ocho décadas de vigencia. El verdadero reto es romper el ciclo de consensos sin ejecución. El Ejecutivo promete una reforma estructural; el Legislativo adelanta mesas de trabajo para recibir la propuesta; y la sociedad civil exige que esta vez no quede en diagnóstico.
El año escolar arranca, pero la pregunta de fondo persiste: ¿será esta la reforma que Panamá ha postergado durante medio siglo o un capítulo más en la larga cronología de intentos inconclusos?"
2026-02-23,TVN,Contenido Exclusivo: Cascabel después de la tragedia,contenido-exclusivo,"A casi cuatro meses de la tragedia del 27 de octubre, Día del Estudiante, la comunidad de Cascabel, en la comarca Ngäbe Buglé, sigue marcada por el dolor y la incertidumbre. Lo que ocurrió aquel día no solo dejó luto; también expuso las difíciles condiciones que enfrentan a diario cientos de estudiantes para poder llegar a clases.
Con el inicio del nuevo año escolar, la rutina vuelve a repetirse. Para la mayoría de los alumnos, ir a la escuela significa cruzar ríos y quebradas, caminar durante horas entre lomas y senderos de tierra y desafiar las inclemencias del tiempo. En el corregimiento —el más extenso de Mironó, con 123 kilómetros cuadrados y también el menos poblado, con 13.3 habitantes por kilómetro cuadrado— la educación continúa siendo una carrera de resistencia.
El 95 % de los casi 600 estudiantes del Centro Educativo Básico General de Cascabel debe atravesar dos quebradas y un río para asistir a clases. Algunos caminan hasta dos horas y media cada día. A pesar del riesgo, muchas familias consideran que el esfuerzo vale la pena: para muchos niños y niñas, la escuela no solo representa aprendizaje, sino también la garantía de al menos un almuerzo diario.
Puedes leer: Contenido Exclusivo: Zarzos, solución pendiente
Aunque el Ministerio de Educación en la comarca Ngäbe Buglé ha pedido a los padres no exponer a los estudiantes cuando el clima represente una amenaza, la realidad es compleja. Quedarse en casa puede significar perder clases y también enfrentar mayores carencias.
Tras la tragedia, el Gobierno ha iniciado la construcción de puentes tipo zarzo para ofrecer pasos más seguros. Sin embargo, mientras estas soluciones toman forma, los residentes continúan utilizando puentes improvisados, levantados con sus propios recursos y materiales disponibles. Estas estructuras artesanales son, por ahora, la única alternativa para cruzar ríos como el Sagüí, especialmente para quienes viven en sectores como Cerro Santiago y Cerro Blanco, al norte del corregimiento.
Pero el aislamiento no solo afecta la educación. En Cascabel, acceder a atención médica también implica largas caminatas por caminos rurales y trillos peligrosos como la loma El Chivo, donde los accidentes de transporte son frecuentes. En situaciones de emergencia, la distancia y la falta de infraestructura convierten cualquier urgencia en una carrera contra el tiempo.
Las cifras reflejan la vulnerabilidad de la zona: el 74% de sus habitantes tiene menos de 30 años; de sus 1,205 pobladores, 714 están en edad escolar. Además, según el Censo 2023, 114 personas nunca fueron inscritas en el Registro Civil, solo cinco cotizan al Seguro Social y la mayoría carece de cobertura.
A pesar de las carencias, el aislamiento y los riesgos, Cascabel no renuncia a la esperanza. Sus comunidades siguen apostando por la educación y el trabajo como herramientas de cambio. Cuatro meses después de la tragedia, el clamor es claro: que las soluciones no sean temporales y que las oportunidades finalmente crucen el río junto a sus estudiantes."
2026-02-11,TVN,"Contenido Exclusivo: Parkinson, entre la fe y la ciencia",contenido-exclusivo,"Ciudad de Panamá, Panamá/Hay una enfermedad que aumenta en incidencia sin que la población lo sepa. En la consulta externa de Neurocirugía de la Ciudad de la Salud, el doctor Rainier Rodríguez Balaguer nos dice que cada vez detectan más pacientes con Parkinson, e incluso, supera a otros tipos de consultas.
El Parkinson es una enfermedad neurodegenerativa y progresiva, producto de la muerte de neuronas, sin que hasta ahora se sepa la causa, y a la fecha, no tiene cura.
Rainier Rodríguez Balaguer, como neurólogo y neurofisiólogo, nos dice que entre los síntomas están la lentitud como principal señal de alerta, la rigidez o dificultad para mover articulación o extremidades y el temblor, pero no en todos los casos.
También apunta que, entre los síntomas no motores, causa ansiedad y depresión; insomnio; estreñimiento y orina frecuente; así como dolores y fatiga, además de somnolencia diurna.
El médico aclara que hay una percepción errada de que el temblor está en todos los casos, y no es así. Igualmente, dice que la lentitud, la rigidez y los temblores pueden ocurrir por otras situaciones, pero debe ser el médico quien lo determine con un examen físico. “No se necesita resonancia magnética ni prueba de sangre”, asegura.
Rodríguez Balaguer explica que la persona con Parkinson se muestra más lenta para todo. Desde caminar, comer, vestirse y hasta algunas veces, para procesar la información y hablar.
Muchas personas podrían estar en las calles sin saber que tienen esta enfermedad.
En este momento se tiene el registro de 5 a 10 casos de Parkinson por cada 100 mil habitantes; que el 80% se diagnostica después de los 65 años y que el 20% se detecta antes de los 50 años.
Óscar Bolaños vive con Parkinson desde hace casi 20 años. Dice que perdió rapidez y lo sabe porque en su trabajo como estadístico, preparaba unas 100 capturas de datos por día, y ahora no llega a las 20.
Fueron los temblores en una mano los que lo llevaron a consulta médica, con diagnóstico positivo. Contó al equipo de TVN Noticias que, por momentos, se le hace imposible comer por el exceso de movimientos, pero en otras ocasiones, por el contrario, se paraliza. Sus extremidades no responden a las órdenes del cerebro.
“Mis hijos me dicen: dile a las piernas que hagan caso, que ellas no se mandan, pero eso no es así, tan fácil”, compartió el paciente.
En su caso, el daño no solo ha sido motor y cognitivo, sino también anímico, porque más que tristeza, le causa enojo que se paralice en los momentos menos oportunos, como cuando se alista para salir a trabajar.
Al momento de la entrevista, el señor Oscar dijo que estaba bajo el efecto de su medicamento, pero aseguró que siente que cada vez ya no funciona igual.
Su esperanza, además de la fe, está puesta en la posibilidad de un implante de neurotransmisores, una neurocirugía que se hace en Panamá.
Esta neurocirugía consiste en implantar dos electrodos en zonas profundas del cerebro. Primero se coloca el electrodo con el paciente despierto para mayor precisión, y luego se conecta el generador bajo anestesia general.
Es una neurocirugía de tecnología compleja y de alto costo.
El doctor Rodríguez Balaguer explicó que, al ser muy costosa, se hace la selección de los pacientes a intervenir, en una junta de cuatro médicos y después de muchas evaluaciones.
Al ser muy costosa, deben procurar que sea exitosa y tener presente que puede haber complicaciones, incluso riesgo de muerte, por lo cual se hacen pronósticos de cómo podría irle al paciente, y en algunos casos, los pronósticos no son buenos; entonces, no todos califican.
Alex González es un abogado con testimonio de éxito sobre el implante de neurotransmisores en la Ciudad de la Salud. Asegura que el cambio en su vida lo notó apenas despertó de la cirugía.
Dice que las mejoras las notó de inmediato en sus manos y en el habla, recordando que el Parkinson antes le causó síntomas violentos.
“Yo digo que esta enfermedad es como el comején”, contó el paciente implantado, que dice que, con el diagnóstico, el mundo se le vino encima y, al igual que otros enfermos de Parkinson, se aisló.
Hoy, además de seguir apoyado en su fe y su familia, da gracias infinitas al equipo médico que lo operó, y a los que llama “sus ángeles que le cambiaron la vida”.
Y esa es la esperanza que alimenta a Oscar Bolaños, que dice que está en lista de espera desde 2023.
Su hijo, del mismo nombre (Óscar Bolaños), nos habló de sus preocupaciones, por ejemplo, de que su padre pierda la movilidad a la hora de conducir. Y más que la preocupación por el tiempo de vida de su padre por el parkinson, dice que le inquieta que esta enfermedad consuma a quien la padece, por lo cual pide la cirugía para su padre y para todos.
Hasta el momento, el Parkinson no se cura. El implante solo mejora los síntomas y la calidad de vida. También hay que tener presente que cada paciente se desarrolla distinto, entonces los casos no deben compararse.
Y aunque se asegura que hay tratamiento para cada etapa de la enfermedad, destacan que una de las mejores medicinas es el acompañamiento y el apoyo familiar, que resulta un bálsamo entre tanto dolor físico y emocional para quienes sufren de Parkinson.
Otros contenidos:"
2026-02-04,TVN,"Contenido Exclusivo: Zarzos, solución pendiente",contenido-exclusivo,"En Panamá, muchas comunidades rurales y comarcales enfrentan un desafío que pone en riesgo la vida de sus habitantes: la falta de puentes seguros para cruzar ríos y quebradas, especialmente durante la temporada de lluvias.
Mientras para muchos el camino a casa es rutina, para otros es una prueba de supervivencia.
En las regiones apartadas y comarcales de Panamá, cruzar un río no es una opción… es la única forma de llegar a la escuela, a un centro de salud o en busca del sustento diario.
Máxima García regresa a casa con sus seis hijos tras visitar a su madre. Lleva cuatro horas caminando, ya cruzó dos quebradas y aún le esperan dos más… además del río San Antonio, dos horas más de trayecto y mucho riesgo por delante. En la comarca Ngäbe Buglé, este no es un caso aislado: es la rutina diaria de sobrevivir para llegar a casa.
A 20 kilómetros al norte, en el distrito comarcal de Ñürüm, en Los Hatillos, Esmeralda García Montezuna conoce de cerca lo que significa vivir sin puentes peatonales.
“Mi familia, la mayoría pasa por allí y no tenemos el apoyo para arreglar el puente”, dijo Esmeralda. Ante la falta de apoyo, su comunidad improvisó un paso artesanal sobre el río Bogrä para no quedar incomunicados.
Según el informe de la Fundación para el Desarrollo Sostenible de Panamá (Fudespa), entre 55 y 70 personas en la comarca Ngäbe-Buglé han perdido la vida por ahogamiento en los últimos 25 años.
Puedes leer: Puentes zarzos impactarán a casi 30 escuelas en la comarca Ngäbe Buglé: ¿Cómo avanza su construcción?
En Llano Guayabal, al menos cinco comunidades cruzan el mismo río a diario, enfrentando corrientes peligrosas.
“Tengo tres hijos y un nieto que estudian y les es difícil pasar en ese puente peligroso”, recalcó Virginia Ciré Valdez.
Treinta kilómetros al sur, en Bella Vista, corregimiento del Bale, el desborde del río deja a la población aislada por horas, obligando a los niños a ir a clases bajo riesgo constante.
En el distrito de Ñürüm se aprobaron cinco zarzos, evaluando los pasos de los ríos El Bale, San Antonio, San Antonio, Cobre y Lirí.
Cuando llueve, el peligro se multiplica. Los ríos crecen y no hay puentes ni protección. Edilberto Sánchez lo sabe bien: “Ojalá sea una realidad ese puente y se cumpla”, dijo. Los más afectados siempre son los niños, que arriesgan la vida para llegar a la escuela.
Actualmente, en Ñürüm se han identificado 17 pasos peligrosos que requieren puentes seguros, pero hasta ahora solo cinco han sido aprobados y están en proyecto. Esta iniciativa forma parte de un plan mayor del Gobierno para construir 50 puentes tipo zarzo en la comarca Ngäbe-Buglé, con una inversión de más de 18 millones de dólares.
“En la primera parte de los 50 puentes que se van a iniciar se van a impactar 30 escuelas”, señaló Josué Pedrol, dirigente comunitario.
“Sigue siendo una necesidad hasta ahora porque no han sido atendidas estas situaciones. El distrito de Ñürüm tiene la parte norte que llueve mucho y son ríos caudalosos, pasos que uno no se imagina pero representan riesgos para estudiantes y docentes”, recalcó Pedro Camaño, alcalde de Ñürüm.
Ana Cecilia y Ana Visney, hermanas, procuran que sus pequeños viajen siempre a la escuela juntos y se cuiden entre ellos.
Te puede interesar: Primeros 50 puentes zarzo se construirán en comunidades vulnerables de la comarca durante el verano
El abandono histórico se refleja en los números: el 60% de las muertes por ahogamiento corresponde a niños y niñas de entre 5 y 12 años, principalmente estudiantes de primaria.
En estas comunidades apartadas, la pobreza no solo se mide en ingresos. Cada crecida expone la falta de infraestructura básica, un derecho que debería ser garantizado. Mientras el resto del país avanza, miles de familias siguen aisladas, arriesgando la vida para estudiar, buscar sustento diario o recibir atención médica.
La ausencia del Estado se siente en cada cruce improvisado y en cada niño que enfrenta la corriente para llegar a clases. Porque aquí, más que desarrollo, lo que se exige es dignidad y oportunidades para sobrevivir."
2026-01-26,TVN,"Contenido Exclusivo: Sin agua potable, la vida diaria en Azuero",contenido-exclusivo,"Ciudad de Panamá, Panamá/Las provincias de Herrera y Los Santos, en la región de Azuero, continúan enfrentando una grave crisis de agua potable a más de ocho meses del descubrimiento de altos niveles de contaminación en los ríos La Villa y Estibaná. Desde mayo de 2025, miles de familias han tenido que adaptarse a la falta de agua segura, lo que ha transformado drásticamente su vida diaria.
Más de 200 mil personas dependen de estos ríos para abastecerse, pero la confianza en el agua que llega a los hogares se ha perdido. Muchos ciudadanos recurren a comprar agua de estaciones certificadas por el Instituto de Acueductos y Alcantarillados Nacionales (Idaan) o cargarla con garrafones y tanques, mientras el riesgo de enfermedades persiste.
Residentes como Kerima y Lidia Gutiérrez relatan que han sufrido malestares estomacales por consumir el agua, y advierten que la situación afecta especialmente a los sectores más vulnerables económicamente. Los productores locales también han tenido que hacer inversiones importantes para continuar con sus actividades, y los hogares han visto incrementado su presupuesto familiar para garantizar agua segura.
Las autoridades explican que la contaminación se originó por desechos de porquerizas, uso de agroquímicos y la mala gestión de los vertederos municipales, y que el proceso de saneamiento de la red será lento y complicado, especialmente en la ciudad de Chitré. Se estima que, pasadas las fiestas del Carnaval, algunos residentes podrían volver a utilizar el agua del grifo de manera segura, una vez que el Ministerio de Salud certifique su potabilidad.
Mientras tanto, la crisis persiste y los habitantes de Azuero siguen movilizándose para obtener agua segura, enfrentando una situación que se ha prolongado durante meses y que mantiene en alerta a toda la región."
2026-01-26,TVN,Alimentación inflamatoria: la amenaza diaria que roba energía y enferma silenciosamente,contenido-exclusivo,"Ciudad de Panamá/“No es normal que comas y te sientas sin energía”.
El reciente relanzamiento de la pirámide alimenticia en Estados Unidos y su mensaje ""Come comida real"" volvieron a poner sobre la mesa una afirmación que la ciencia respalda desde hace años: una mala alimentación enferma.
El aumento sostenido de enfermedades crónicas, inflamatorias y metabólicas ha obligado a replantear el orden de prioridades en la mesa, dando mayor protagonismo a los alimentos reales y reduciendo el consumo de los ultraprocesados. En ese contexto, las dietas antiinflamatorias han ganado fuerza, especialmente en redes sociales, aunque no siempre con información clara ni responsable.
Para entender qué hay detrás de esta tendencia y cuándo realmente es necesaria, TVN-2.com conversó con César Diaz, especialista en nutrición deportiva, quien advierte que no se trata de una moda, sino de un enfoque clínico y preventivo que debe aplicarse con criterio.
Diaz explica que el objetivo principal de una dieta antiinflamatoria es reducir la carga inflamatoria del organismo, identificando primero los alimentos que cada persona no tolera y reforzando el consumo de aquellos que contienen componentes antiinflamatorios naturales.
El cuerpo, señala, tiene mecanismos propios para controlar la inflamación, pero estos funcionan mejor cuando se les apoya desde la alimentación. Incluir alimentos con propiedades antiinflamatorias optimiza esa respuesta natural y mejora la función metabólica y digestiva.
No todas las personas requieren seguir una dieta antiinflamatoria estricta. Según el especialista, este patrón alimenticio está indicado principalmente para personas con condiciones inflamatorias diagnosticadas, como enfermedad de Crohn, esófago de Barrett u otros trastornos gastrointestinales.
Sin embargo, aclara que la población general sí debería consumir alimentos antiinflamatorios, lo cual no es lo mismo que seguir una dieta terapéutica. “Cuando hablamos de dieta, hablamos de un patrón de alimentación”, explica, diferenciando entre un tratamiento clínico y hábitos saludables preventivos.
Uno de los mitos más extendidos es que los carbohidratos son los principales responsables de la inflamación. Diaz desmiente esta idea y advierte que la inflamación también puede ser causada por el abuso de alimentos grasos, ácidos, carnes rojas en exceso y productos altamente concentrados en sabor.
Incluso, resalta que existen carbohidratos con propiedades antiinflamatorias, especialmente los tubérculos enteros. El problema no es el nutriente en sí, sino la cantidad, la frecuencia y el nivel de procesamiento, puntualizó.
Entre los alimentos que ayudan a reducir la inflamación, mencionó el jengibre, la cúrcuma, la pimienta, nueces y la canela en pequeñas cantidades, así como proteínas magras, aceites vegetales como oliva y aguacate, y alimentos enteros poco procesados.
Desde el punto de vista clínico, el nutricionista advirtió que la inflamación asociada a la alimentación suele manifestarse con síntomas claros, aunque muchas personas los normalizan.
Entre ellos destacan la sensación de pesadez, somnolencia tras comer, reflujo, agruras, dolor abdominal, cólicos, diarreas, estreñimiento y, en algunos casos, lesiones o prurito en la piel, en brazos, cuello o rostro.
Cuando estos síntomas son repetitivos y la lista de alimentos “que caen mal” aumenta, incluso con productos que antes eran bien tolerados, puede tratarse de una inflamación crónica no controlada.
“Cuando el paciente come muy tarde, se acuesta y al día siguiente se levanta con cólicos o con dolor, eso es un signo clarísimo de inflamación intestinal”, afirmó.
Mantener el cuerpo en un estado inflamatorio constante no solo afecta el sistema digestivo. Diaz subrayó que esta condición aumenta el riesgo de desarrollar enfermedades crónicas no transmisibles, como diabetes, hipertensión y enfermedades cardiovasculares.
Además, la inflamación persistente puede activar mediadores inflamatorios asociados a enfermedades autoinmunes, cáncer o tumores, lo que impacta directamente la calidad y expectativa de vida.
Ante el nuevo enfoque de la pirámide alimenticia estadounidense, Diaz recomendó aumentar el consumo de proteínas magras de origen animal, priorizando cortes con bajo contenido graso, y reforzar la ingesta de alimentos reales e íntegros.
Aclaró que “integral” no significa solo alto en fibra, sino alimentos que no han sido manipulados ni ultraprocesados, como papa, camote, otoe, yuca y plátano. La reducción de ultraprocesados, explicó, es clave para disminuir la inflamación sostenida en la población.
“Cuando hay mucha inflamación, se puede activar un poco más algo llamado IL-6, que es interleucina 6, y algo llamado FNT, que se llama factor de necrosis tumoral, que son dos agentes que, cuando están demasiado pronunciados en nuestro cuerpo, los riesgos de desarrollo de cáncer, apariciones de tumores y demás pueden aumentar y, obviamente, sabemos que estos sí son componentes o agentes, situaciones, que pueden aumentar o disminuir la calidad de vida del paciente”, detalló.
Según su experiencia clínica, los primeros cambios pueden sentirse desde la primera semana, especialmente a nivel sensorial: más energía, mejor digestión, mejor calidad del sueño y menor inflamación.
No obstante, aclara que muchas personas tienen expectativas irreales sobre resultados físicos inmediatos, cuando los beneficios iniciales suelen ser funcionales.
El especialista reconoce que factores como el estrés, la falta de sueño y los largos tranques influyen directamente en la inflamación. Estas condiciones llevan a las personas a “resolver” con alimentos rápidos y ultraprocesados, comprometiendo su salud a largo plazo.
Frente a esta realidad, sostiene que la labor del nutricionista es crear estrategias prácticas, accesibles y sostenibles, que se adapten al ritmo de vida del paciente sin perjudicar su salud.
“Quizás inicialmente uno lo siente (…) pero si te diagnosticaron la enfermedad a los 30 años, una pastilla que te costaba 70 centavos, todos los días cuando vas a hacer la sumatoria, tú te estás gastando $35 mil, $65 mil, 95 mil dólares en todo lo que va de tu vida, simplemente para tratar de mantener a nivel de medicamento una condición que desarrollaste a la n edad cantidad de años. Entonces, sí, la factura es grande”, remarcó.
Para Diaz, la alimentación saludable solo es costosa cuando se prioriza la comodidad. Comprar alimentos ya procesados o listos eleva el precio, mientras que los alimentos reales, comprados y preparados en casa, resultan más rentables en el tiempo, indicó.
Ejemplos como frutas enteras, tubérculos, huevos y compras en mercados populares permiten cubrir varias comidas con bajo presupuesto. “Lo costoso es directamente proporcional a lo fácil que lo quieras”, señaló.
“Traten de buscar alimentos reales y que ustedes puedan procesar y que no busquen simplemente querer cambiar el supermercado por completo de la noche a la mañana. Vayan agregando progresivamente estos alimentos como vegetales, tubérculos enteros, frutas enteras, paquetes de frutas, y dejen de estar comprando galletas, papitas, golosinas, frutos secos acaramelados porque van a salir muchísimo más costosos en el tiempo a pesar de que sabemos que ya están en sobre y todo lo demás”, recomendó.
Diaz instó a las personas a enfocarse en los “resultados que tienen inmediato cuando consumen alimentos inflamatorios”, y subrayó que “no es normal que comas y te sientas sin energía, no es normal que comas y dependas de dormir para poder seguir funcionando”.
“No es normal. Los alimentos representan energía y deberíamos sentir energía cuando nosotros consumimos alimentos”, enfatizó el especialista.
En Panamá, según estadísticas de la Caja de Seguro Social, más del 50% de la población padece de enfermedades crónicas no transmisibles como obesidad, diabetes, hipertensión arterial y condiciones cardiovasculares.
De acuerdo con el Instituto de Nutrición de Centroamérica y Panamá, 7 de 10 personas tienen problemas de sobrepeso y obesidad, lo que también representa factores de riesgo de enfermedades de varios tipos de cáncer.
Según la organización, en la mayoría de los países de la región, incluyendo a Panamá, la población ha aumentado el consumo de grasas trans de producción industrial, azúcares y alimentos procesados.
Informes de la Organización Mundial de la Salud (OMS) colocan como causa principal y prematura de defunciones esta lista de enfermedades asociadas a la mala alimentación, inactividad física y estilos de vida poco saludables.
Solo en las Américas mueren aproximadamente 62 millones de personas a causa de enfermedades cardiovasculares, mientras que en Panamá mueren alrededor de 15 mil personas a causa de los mismos problemas, que, según dijo Diaz, son desarrollados a lo largo de la vida."
2026-01-21,TVN,Contenido exclusivo: 'Niñez en la mira',contenido-exclusivo,"Tienen entre 10 y 17 años, deberían estar en las aulas de clases, haciendo deporte o soñando con su futuro, pero la realidad es otra. En Panamá, cada vez más menores de edad están involucrados en delitos graves. Imágenes de jóvenes con arma en mano a plena luz del día, sin importar quiénes están a su alrededor, que protagonizaron una balacera en la provincia de Colón, corrieron como pólvora a través de las redes sociales.
Actualmente, el Centro de Custodio y Cumplimiento de Menores tiene una población a nivel nacional de 1,400 internos. De estos, 150 son menores de edad, y el resto corresponde a adultos que cometieron delitos como homicidio, robo agravado, violación, posesión de drogas y pandillerismo, antes de cumplir la mayoría de edad.
De acuerdo con Ysatis Forte, directora del Instituto Interdisciplinarios, “desde el 2024 al 2025 hubo un aumento progresivo de 100 jóvenes de la tasa regular de lo que recibe el instituto, que entraron al sistema”. La entidad realizó un estudio donde se detectó que el 80 % de estos jóvenes presenta algún trastorno del desarrollo intelectual, señaló la funcionaria.
En otro caso reciente, en la 24 de Diciembre, el dueño de una fonda fue asesinado en medio de un robo a su local. Entre los delincuentes, había menores de edad.
Solo en el corregimiento de Santa Ana existen varios grupos delictivos que captan a estos jóvenes.
“Santa Ana tiene cuatro grupos delictivos. Hoy en día hay carros impactados de bala y hombres y mujeres que han sido asesinados por una bala perdida”, reveló Eric Batista, director del Movimiento Antipandillas.
Por su parte, Forte indicó que se han encontrado con “jóvenes que están bajo riesgo social, que lastimosamente no han tenido una mamá o papá presente”, una realidad que dificulta su resocialización y convierte su atención en un reto.
Las estadísticas muestran una creciente participación de jóvenes en delitos violentos, principalmente menores de edad, vinculada directamente con la falta de oportunidades. “Hay una ausencia significativa de programas que les permita ingresar a dinámicas sociales productivas”, señaló José Clemente Lasso, director del Departamento de Sociología de la Universidad de Panamá.
Para comprender la magnitud del problema, conversamos con la exministra de Desarrollo Social, Leonor Calderón, quien en 1999 firmó la Ley 40, que regula el régimen especial de responsabilidad penal para la adolescencia.
“Estos chicos menores de edad son producto de nuestra sociedad. No vinieron en una nave espacial de Marte; es lo que nuestra sociedad está produciendo. La intervención debe ser multisectorial, centrada en la prevención y en el cumplimiento de las normas vigentes”, afirmó Calderón.
Actualmente, el diputado José Pérez Barboni impulsa un anteproyecto de ley para reformar la Ley 40.
“La idea es que ya no haya firma periódica, casa por cárcel ni país por cárcel para los cuatro delitos que hemos identificado, y que el grupo etario de 12 a 17 años quede comprendido en uno solo”, explicó el diputado.
Entre los principales puntos de la iniciativa se incluyen:
La propuesta ha generado fuerte debate. Para algunos expertos, endurecer las leyes no es la solución.
“Lejos de resolver el problema, va a agravar la situación. Históricamente, se ha demostrado el fracaso de estas medidas. La solución es ir a la raíz del problema”, aseguró Lasso.
Calderón coincide en que “no es una ley de protección, sino una ley que regula el código de imputabilidad” y advirtió que estigmatizar a menores desde edades tempranas puede profundizar el problema. “Hagamos cumplir la norma y fortalezcamos los procesos de resocialización”, enfatizó.
Especialistas coinciden en que castigar sin intervenir en las causas sociales y emocionales no reduce la delincuencia juvenil. Entre los principales factores de riesgo se encuentran:
En diciembre de 2025, un menor de 16 años asesinó a un policía en pleno ejercicio de sus funciones, un hecho que volvió a encender las alarmas.
“Se disputan territorios, poder y dinero del narcotráfico. Es un problema caótico”, sostuvo Batista.
Pérez Barboni fue enfático: “Los derechos de cualquier persona, sin importar su edad, terminan cuando atenta contra los derechos de otros”. Para el diputado, “si un menor puede empuñar un arma, disparar y matar, debe enfrentar consecuencias”.
Los menores de edad no solo están en la mira de las pandillas que los reclutan, sino también de propuestas legales que buscan castigarlos con mayor severidad. Quizás la pregunta no sea cuántos años deben pagar por sus crímenes, sino cuántos años ha fallado el sistema en protegerlos con políticas de prevención efectivas.
La mira está puesta. Ahora toca decidir hacia dónde apunta la sociedad."
2026-01-19,TVN,"Contenido Exclusivo: Drones, aliados silenciosos",contenido-exclusivo,"Ciudad de Panamá, Panamá/Pocos inventos han cambiado tanto nuestra vida cotidiana como los drones.  Los vemos como mortíferos combatientes no tripulados en todas las guerras, pero muy probablemente la mayoría desconoce la gran cantidad de usos beneficiosos que tienen hoy en día.
La tecnología de drones comenzó a expandirse a inicios de la década de 2010.
En Panamá empezó a incorporarse de forma gradual en el sector agropecuario hace poco más de diez años, impulsada por la necesidad de ser más eficiente y competitivo.
Hoy, el tractor y el productor ya no trabajan solos. Los drones son un aliado clave: desde unos 30 metros de altura, un dron de fumigación puede hacer en 15 minutos el trabajo que antes tomaba una jornada completa, incluso operando de noche, algo que antes no era posible.
Durante décadas, el agricultor ha sido el primer expuesto a los agroquímicos utilizados en la fumigación. Isaac Gordon, especialista en tecnología agropecuaria, expresó que la tecnología llegó para quedarse y convertirse en un aliado de los trabajadores del campo; se necesita que la tierra sea trabajada para sembrar y eso solo lo hace la mano del hombre. Estos equipos hacen más competitivo el mercado y se aplican mejores tecnologías.
Estudios de organismos internacionales como la Organización Mundial de la Salud y la Organización de las Naciones Unidas para la Alimentación y la Agricultura (FAO) advierten que la exposición prolongada a pesticidas está asociada a enfermedades respiratorias, afecciones en la piel, daños neurológicos e incluso algunos tipos de cáncer.
Con el uso de drones, la fumigación se realiza a distancia, alejando al productor del área de riesgo y reduciendo la exposición humana, mientras la tecnología asume el impacto químico.
Estas imágenes captadas desde un dron muestran una vista aérea de los cultivos, sistemas de riego y trabajadores.
Puedes leer: Infartos en jóvenes: el costo silencioso de los malos hábito
En la finca de fresas, hortalizas y otros productos de la señora Lourdes Guerra en Boquete, reconoce los beneficios de la tecnología, pero también las limitaciones. “Ya la aplicamos porque es necesario, pero en este negocio también necesitamos la mano de los agricultores.
La tecnología también salva vidas. Sirven para rastrear y localizar personas extraviadas o en sitios de difícil acceso.
También, en una emergencia acuática, un minuto puede marcar la diferencia entre vivir o morir.
Puedes leer: Contenido Exclusivo: Arte y deporte al rescate de la juventud
Por eso, el Sinaproc ha incorporado drones acuáticos a sus operaciones de rescate, capaces de llegar en segundos hasta una persona en riesgo.
Estos dispositivos, con capacidad para sostener y arrastrar hasta 300 libras, permiten ganar tiempo crucial mientras los rescatistas completan la maniobra.
También se salvan vidas cuando drones llevan vacunas y sueros contra picadas de serpientes y alacranes desde Chiriquí hasta comunidades aisladas de la comarca Ngäbe-Buglé y otras, reduciendo tiempos de entrega de horas a minutos.
Asimismo, estos equipos tienen numerosos usos científicos aplicables, entre otros, a estudiar y vigilar el medio ambiente, incluida la detección de deforestación, incendios u otros daños, provocados o no por el hombre, minería ilegal y medir con precisión su impacto en la captura de carbono de la atmósfera.
Medio ambiente: monitoreo de ríos y detección de tala o incendios
Logística: transporte rápido de paquetes y suministros urgentes.
Turismo y comunicación: imágenes aéreas para promoción y cobertura noticiosa.
Catastro y planificación: mapeo, topografía y levantamientos territoriales.
Educación e investigación: estudios científicos y formación tecnológica
En la preservación de la seguridad ciudadana, los drones han sido incorporados en los operativos de patrullaje policial.  Desde 2025, drones silenciosos y equipados con inteligencia artificial vigilan en tiempo real con cámaras térmicas, lo que contribuye a la prevención de hechos delictivos.
Pero esta tecnología tiene doble filo: las bandas criminales también la usan.
Drones han servido para introducir drogas, armas y contrabando en cárceles; algunos son interceptados, otros logran burlar los controles, abriendo un nuevo frente en la lucha contra el crimen.
“El año pasado se intentaron introducir a las cárceles panameñas unos 800 drones con artículos prohibidos, pero solo el 2% logró ingresar y es por ello que se trabaja en modificar la ley del sistema que pueda elevar las penas a quienes utilicen estos equipos para intentar ingresar a las cárceles”, indicó el director del sistema penitenciario José Torregrosa.
Existe un marco legal que busca garantizar la seguridad aérea, ciudadana y la protección de derechos.
Regulaciones para el uso de drones en Panamá
Es imposible enumerar la cantidad de usos que tienen los drones porque cada día se le suman nuevas aplicaciones que salvan vidas, acortan distancias, facilitan el intercambio de bienes, aumentan las capacidades de la ciencia.  Los drones, en buenas manos, incrementan la seguridad ciudadana sirviendo en la lucha."
2026-01-18,TVN,Infartos en jóvenes: el costo silencioso de los malos hábitos,contenido-exclusivo,
2026-01-14,TVN,Contenido Exclusivo: Arte y deporte al rescate de la juventud,contenido-exclusivo,"Ciudad de Panamá, Panamá/En vacaciones, el tiempo libre puede ser una oportunidad o un riesgo, si no se orienta bien.
Hoy vemos cómo el arte, la música, el deporte y el contacto con la naturaleza se convierten en herramientas que fortalecen el cerebro, forman valores y transforman la vida de niños, niñas y adolescentes.
Este es el taller de canto y expresión corporal en Ciudad de las Artes. Entre los alumnos están los hermanos mellizos Diego y Sara.
Mientras esperaba a sus hijos, Yanina Vergara nos dice que ellos estuvieron en clases de arte y ahora le dijeron que querían cantar y bailar.  Que es un esfuerzo que tienen que hacer, pero vale la pena por verlos felices.
Yanina y su esposo creen en los beneficios del arte y la cultura para sus hijos y los acompañan a explorar sus talentos, pero han tomado medidas en casa.
Yanina dice que el plan de ellos es cero tabletas, cero videojuegos y la televisión medida.
Daphe y Ramón se están creando oportunidades y han elegido como instrumento el saxofón.
Daphe Valencia es estudiante de saxofón tenor en la Ciudad de las Artes y ejecutar un instrumento musical para ella es una forma en que puede transmitir cómo se siente la música. Nos dice que no es solo practicar, es más que eso, porque conlleva disciplina.
Ramón Pinzón también es estudiante de saxofón alto; para él la música representa otro idioma a través del cual puede comunicar sus sentimientos. Que ha conocido gente y me ha vuelto más sociable.
La neurociencia ha estudiado la conexión entre el cerebro y la música.
Hoy la musicoterapia es reconocida para tratar necesidades físicas, psicológicas y sociales en todas las edades.
Puedes leer: Contenido Exclusivo: Escuelas contra el reloj
Electra Castillo, directora nacional de Red de Orquestas y Coros, recomienda que los niños, niñas y adolescentes toquen un instrumento y vayan a danza porque eso los fortalece como sociedad, como seres humanos y también fortalece su espiritualidad.
Pero ¿qué pasa en el cerebro cuando practicamos arte, música o deporte?
El arte estimula la creatividad y ayuda a expresar emociones.
La música mejora la memoria, aumenta la concentración y activa ambos hemisferios del cerebro.
Mientras que el deporte libera endorfinas y dopamina, que dan bienestar y motivación, reduce el estrés, la ansiedad, mejora la toma de decisiones y el autocontrol.
La música ayuda a fortalecer la personalidad del joven, explica la profesora Electra, que cuando un niño comienza a tocar un instrumento, se le están dando herramientas para fortalecer su personalidad. En este sentido, también Arístides Burgos, director nacional de educación artística del Ministerio de Cultura, explica que la danza no solo es cerebro, es todo el cuerpo; el teatro es voz y cuerpo y la pintura es una conexión del cerebro con el sentimiento.
Siguiendo la tradición japonesa, alumnos e instructores de karate reciben el año nuevo en la playa.
Y es que las artes marciales, para Jorge Bustos, director de una escuela de artes marciales, enseñan a tener disciplina, a seguir instrucciones, a poner atención en el estudio y a canalizar mejor la energía mental.
Se reúnen para convivir y compartir un deporte que los apasiona.
Es una disciplina de defensa personal, pero lo más importante son los valores que comparten: perseverancia, nunca darse por vencido, disciplina, que es muy importante, como seguir instrucciones y prestar atención; son valores que te aporta este deporte, nos explica Natalia Serrano, estudiante de artes marciales.
Realizar actividades artísticas y deportivas crea nuevas conexiones cerebrales, mejora la salud mental, menos tiempo en pantallas, favorece la disciplina y promueve hábitos saludables.
Las actividades al aire libre, juegos en equipo, con grupos de amigos, actividades como la música, la danza y la pintura son actividades donde el ser humano aprende cosas e interactúa, nos explica la psiquiatra experta en niños, adolescentes y adultos, Susana De León.
Conectar con el mundo natural y los animales desarrolla en el niño o niña su creatividad y sentido de exploración; en el Jardín Botánico Summit, el aprendizaje va de la mano de la diversión.
Ahora con una nueva experiencia donde ellos pueden tener contacto con las guacamayas y verlas de cerca, junto a los guías del parque.
De León advierte que el niño debe tener actividades en la vida real y en el mundo real, con pares reales.
Que el mundo cibernético y los juegos cibernéticos no reemplazan la actividad humana del día a día.
Que no son de la misma calidad y no influyen en el ser humano de la misma manera.
Y es que, según datos de la Organización Mundial de la Salud, el 84% de los niños y adolescentes en América Latina y el Caribe no realizan suficiente actividad física.  Aquí en Panamá, en nuestros barrios se apuesta al deporte.
Manuel Vargas es instructor deportivo y trabaja con niños de barrios difíciles, donde el deporte es una herramienta para distraerse, para enseñar valores, porque el deporte da disciplina.
Manuel entrena a niños y niñas desde los 5 años, porque, nos dice, es la edad de comenzar a formarlos; practican baloncesto, boxeo, natación, futbol y karate.
Él es testimonio de que el deporte transforma y cambia vidas y quiere lo mismo para ellos.
Ese día, Manuel había llevado a sus alumnos al gimnasio Roberto Durán y ellos vieron al boxeador Roberto “La Araña” Vásquez, que fue campeón mundial. Se emocionaron y le dijeron que querían ser como él.
Ameshka Davison es una de sus alumnas y nos contó que siempre hay problemas en el barrio y que en el gimnasio no hay problemas, que es tranquilo y comparte con sus amigos.
Para Josmar Víquez, que también tiene 11 años, en el barrio pasan muchas cosas y eso es malo. Explicó que cuando está con el grupo de sus amigos entrenando, todo es bueno.
El llamado es claro: invertir tiempo en arte, música y deporte es una acción preventiva frente a la obesidad, los problemas de salud mental y la violencia que afectan a los niños, niñas y adolescentes en Panamá.
Apostar por estas disciplinas hoy es proteger su bienestar y construir un futuro más seguro para las próximas generaciones."
2026-01-12,TVN,Contenido Exclusivo: Escuelas contra el reloj,contenido-exclusivo,"Ciudad de Panamá, Panamá/En la víspera del inicio del año escolar crecen las expectativas por cómo se encontrarán los centros educativos, mientras que, para el Ministerio de Educación (Meduca), siempre es un reto cumplir a cabalidad con este compromiso para el mejor desarrollo del proceso enseñanza-aprendizaje.
El plan ya está en marcha.
El arduo trabajo que nos encontramos en la escuela José Agustín Arango de Betania se repite en muchas escuelas a nivel nacional.
María Pineda del Meduca dijo que hay 36 proyectos en actos públicos.
Es un trabajo permanente que se refuerza en esta temporada.
El plan involucra varios componentes: construcción de nuevas escuelas, mantenimiento y rehabilitación.
En total, el Ministerio de Educación invierte más de 170 millones de dólares en el plan nacional de mejoramiento de las estructuras educativas.
Puedes leer: Nuevas edificaciones del Meduca y Minsa deberán incluir sistemas de aprovechamiento de aguas pluviales
Para responder a un sistema que involucra a cerca de 800 mil estudiantes y más de 53 mil docentes, en 3,102 centros educativos de 16 regiones educativas.
Pineda indicó que en mantenimiento se trabaja en 1,600 escuelas, en cuatro grandes categorías como pintura, techos, electricidad y plomería.
Es una misión no imposible, sino contra el reloj, porque lo ideal es que todo esté listo antes de que suene el timbre.
El inicio de clases será el próximo 2 de marzo, y como todos los años crece la expectativa sobre las condiciones de los centros educativos, especialmente aquellos cuyos estudiantes han tenido que ir a otros recintos, como la escuela República de Venezuela, el Instituto Bolívar y el Cantón, entre otros.
Te puede interesar: Calendario Escolar 2026: Clases inician el 2 de marzo y finalizan el 11 de diciembre
Los padres de familia esperan que los estudiantes puedan entrar a los colegios en buenas condiciones.
Son instalaciones modernas en sus facilidades y sistemas de seguridad.
El Instituto Comercial Bolívar, que puede recibir hasta 1,440 estudiantes en dos jornadas, y la escuela República de Venezuela, con una capacidad para 920 estudiantes.
En total, se trabaja y adelantan trámites para la construcción de 5 nuevas escuelas, entre ellas, una para La Chorrera y otra en Panamá Este.
En la preservación de las buenas condiciones de los centros escolares, evidentemente, los miembros de la comunidad educativa juegan un papel trascendental; cuidarlas debe ser la consigna, con arraigo y sentido de pertenencia.
Una madre de familia instó a que haya programas donde al estudiante se le eduque en el amor y el cuidado de las infraestructuras.
Los dueños de lo ajeno son una piedra en el zapato; el caso más reciente y patético ha sido en la escuela Elena Chávez de Pinate, vandalizada en medio de un proceso de mantenimiento y rehabilitación de sus estructuras.
Las escuelas ranchos, un hueso duro de roer; erradicar esta realidad no ha sido fácil, especialmente por su característica de difícil acceso; sin embargo, siempre forman parte de este plan.
En el 2025 se inauguraron 45 proyectos en 10 regiones educativas, se iniciaron otros, como la construcción de dos nuevas escuelas en Panamá Este y otra en Panamá Norte.
Este año hay objetivos ambiciosos para mejores instalaciones que contribuyan a lograr el éxito esperado en el proceso enseñanza-aprendizaje."
2026-01-09,TVN,"La lucha por la soberanía: Panamá, Kennedy y los hechos del 9 de enero de 1964",contenido-exclusivo,"Ciudad de Panamá, Panamá/El 9 de enero de 1964 está inscrito de manera permanente en la memoria colectiva de Panamá como un día de lucha, sacrificio y unidad nacional.
Conocida como el Día de los Mártires, esta fecha se erige como un punto de inflexión en la historia del país, marcando el avance decisivo hacia la recuperación plena de su soberanía sobre el territorio ocupado por la Zona del Canal.
En el contexto de una creciente tensión entre panameños y estadounidenses, el incidente que detonó los acontecimientos del 9 de enero de 1964 tuvo su génesis en un acto simbólico: el izado de la bandera panameña en la Escuela Secundaria de Balboa, ubicada dentro de la Zona del Canal, un territorio controlado por Estados Unidos desde principios del siglo XX.
Este acto fue un intento de reivindicar la soberanía de Panamá sobre un territorio que, aunque se encontraba en suelo nacional, operaba como un enclave extranjero bajo administración estadounidense.
Sin embargo, los hechos del 9 de enero no surgieron en un vacío; su origen remonta a décadas anteriores. Luis Navas Pájaro, profesor universitario de la cátedra de Relaciones de Panamá con Estados Unidos, explicó a TVN-2.com que, en 1960, Roberto Francisco Chiari asumió la presidencia de Panamá, coincidiendo con la llegada de uno de los presidentes más jóvenes de la historia de Estados Unidos: John F. Kennedy.
Ambos mandatarios, desde sus respectivas realidades, impulsaron políticas renovadoras. Mientras Kennedy formó un equipo de asesores y secretarios de Estado de gran talento, Chiari lideró un periodo de democratización tras años de inestabilidad política caracterizados por golpes de Estado y asesinatos, como el del coronel José Antonio Ramón Cantera en 1955.
En este contexto, el 8 de septiembre de 1961, Chiari envió una carta a Kennedy solicitando revisar los tratados existentes entre ambos países, que consideraba perjudiciales para Panamá. El tratado más reciente en vigor, firmado en 1955, no había resuelto las desigualdades heredadas del Tratado de 1903. Kennedy respondió el 2 de noviembre de 1961, iniciando un proceso de diálogo para actualizar las relaciones bilaterales.
Navas detalló que, en abril de 1962, Kennedy propuso a Chiari discutir la construcción de un canal de esclusas a nivel, que reemplazara al otro.
Sin embargo, Chiari rechazó esta propuesta, argumentando que no aceptaría un nuevo proyecto bajo las mismas condiciones desiguales que afectaban a Panamá desde el inicio del siglo XX. En su lugar, planteó la necesidad de revisar los tratados existentes para garantizar equidad y justicia conforme al derecho internacional.
A pesar de la cordialidad con la que Chiari fue recibido en Estados Unidos durante su visita en junio de 1962, no se lograron avances significativos debido a las prioridades de Kennedy en otros frentes, como la crisis cubana. No obstante, se alcanzaron acuerdos menores, como la implementación de impuestos a trabajadores panameños y extranjeros en la Zona del Canal, así como el izado conjunto de las banderas de ambos países en puntos estratégicos dentro de la zona.
El acuerdo sobre el izado de banderas fue resistido por los colonos estadounidenses, conocidos como “zonians”. El 9 de enero de 1964, un grupo de estudiantes panameños del Instituto Nacional se movilizó hacia la Escuela Secundaria de Balboa para cumplir con el acuerdo, izando la bandera panameña junto a la estadounidense.
Sin embargo, el acto fue respondido con insultos racistas y agresiones físicas. Durante el altercado, la bandera panameña fue rasgada, lo que desató una ola de indignación a nivel nacional.
La noticia se propagó rápidamente por radio, movilizando a miles de panameños hacia los límites de la Zona del Canal. El experto relató que, en cuestión de horas, la tarde del 9 de enero se convirtió en un enfrentamiento violento entre civiles panameños y fuerzas estadounidenses.
Ese día, el estudiante Ascanio Arosemena fue abatido, convirtiéndose en el primer mártir de la lucha. Para el final de la jornada, ya se habían reportado al menos diez muertos en la capital, mientras que en Colón los enfrentamientos continuaron hasta el 12 de enero, dejando tres víctimas fatales más y varios heridos en enfrentamientos cuerpo a cuerpo.
Ante la violencia desatada, Chiari tomó una decisión histórica: romper relaciones diplomáticas con Estados Unidos el 10 de enero de 1964. Para Navas, este gesto fue considerado audaz y patriótico, marcando un antes y un después en la lucha por la soberanía panameña.
En una conversación con el presidente estadounidense Lyndon B. Johnson, quien asumió el cargo tras el asesinato de Kennedy en 1963, Chiari reiteró la necesidad de un nuevo tratado justo y equitativo.
La ruptura diplomática entre ambos países se prolongó hasta el 3 de abril de 1964, cuando acordaron restablecer las relaciones y dar inicio a negociaciones para un nuevo tratado. Este proceso, liderado por Chiari, sentó las bases para los tratados Torrijos-Carter de 1977.
Los acontecimientos del 9 de enero de 1964 fortalecieron el sentimiento nacionalista en Panamá, consolidando una lucha que culminaría varias décadas después con la soberanía plena sobre el Canal. Según el catedrático, Chiari, más que un estadista, fue un político pragmático, que priorizó los intereses del país sobre las consideraciones electorales de 1964, mostrando una visión estratégica que trascendió su mandato.
El recuerdo de los mártires de enero permanece como un símbolo de la resistencia panameña ante la desigualdad y la injusticia. Su legado sigue siendo fuente de inspiración para las generaciones que continúan luchando por la dignidad y la soberanía nacional."
2026-01-07,TVN,"Contenido Exclusivo: 9 de enero, memoria en abandono",contenido-exclusivo,"Ciudad de Panamá, Panamá/El significado de los mártires y de la gesta del 9 de enero parece diluirse hoy en la rutina caótica de la ciudad de Panamá. Lo que nació como un esfuerzo por mantener viva la llama del patriotismo, ahora se desvanece en estructuras de concreto que se caen a pedazos. Ese desgaste es especialmente visible en la Avenida de los Mártires, donde el recuerdo de 1964 lucha por no ser enterrado por el tráfico y la desidia.
El epicentro de la lucha, la glorieta frente al Instituto Nacional, alberga una obra que hoy es el símbolo del descuido. Inaugurada en 2014 por el artista Luis Gálvez como parte de la revitalización urbana, la pieza que representa a panameños escalando la cerca con la bandera está incompleta.
""El monumento estuvo con el asta rota, sin cabeza. Casi tres años después, no ha sido restaurado"", denuncia Víctor Bosch, del movimiento de graduados del Instituto Nacional de 1983. Por su parte, Francisco Olivella, del Proyecto Mundo Esculturas, lamenta que las figuras que formaban parte de la escena han desaparecido sin dejar rastro, presuntamente víctimas del vandalismo.
""Pareciera que no nos interesa educar a las generaciones nuevas sobre nuestro pasado"", añade Bosch.
Para los sociólogos, el problema va más allá de una escultura rota: se trata de una desconexión cultural. José Clemente Lasso, director de la Escuela de Sociología de la Universidad de Panamá, advierte que para gran parte de la población estos monumentos son ""estructuras sin significado"".
Lasso señala que el sistema educativo ha fallado en transmitir la importancia de la fecha. ""Los panameños entienden el 9 de enero como un día libre, un asueto. El significado se ha perdido en las nuevas generaciones"", explica.
Esta erosión de la memoria no es accidental. Jorge Arosemena, presidente de la Fundación Ciudad del Saber, recuerda un episodio crítico: ""En un momento se eliminó la materia de Relaciones entre Panamá y los Estados Unidos. Pareciera que se quería borrar la historia en un acto de acción, más que de simple olvido"".
No todo es abandono. En la Universidad de Panamá, la Plaza 9 de Enero conserva viva la memoria de los mártires con el busto de Ascanio Arosemena, el primero de ellos. Igual pasa en los alrededores del edificio de la Administración del Canal, con el monumento de la Llama Eterna, que está en obras. En la Ciudad del Saber, la memoria ha encontrado un refugio activo. Lo que antes fue el corazón del poder militar estadounidense (Fuerte Clayton), hoy rinde homenaje a quienes dieron su vida por la soberanía.
En 2014, las calles del complejo fueron rebautizadas con nombres como Gonzalo Crance, César Lara y Maritza Alabarca. ""Si no hubiera habido 9 de enero, no habría Tratados Torrijos-Carter y no habría Ciudad del Saber"", reflexiona Arosemena, quien vivió la gesta como estudiante universitario.
Al regresar a la Avenida de los Mártires, el panorama vuelve a ser sombrío. El monumento que recrea la icónica foto de la revista Life (tres jóvenes subiendo un poste) no se cae a pedazos, pero está sumergido en la suciedad, los malos olores y el ruido ensordecedor del transporte.
Puedes leer: Alcaldía de Panamá realiza limpieza en el monumento a los Mártires del 9 de enero tras denuncia ciudadana
Otro monumento cercano está prácticamente secuestrado por un intercambiador vial, oculto a la vista de los conductores que pasan a toda velocidad. Para Lasso, el olvido es tal que todavía hay personas que llaman a la vía por su antiguo nombre colonial: Avenida 4 de Julio.
La conservación de estos espacios es vital para que la historia no se convierta en una pieza de museo olvidada. La comunidad y los expertos coinciden en que se necesitan planes de mantenimiento preventivo y promoción cultural antes de que las obras sean irrecuperables.
El 9 de enero no puede vivir solo en los libros de texto; debe respirar en las calles. Pero, mientras la ciudad siga ignorando sus monumentos, la memoria colectiva de Panamá correrá el riesgo de desaparecer entre el asfalto y la indiferencia."
2025-12-31,TVN,"Voces de la memoria: a 26 años de la reversión del Canal, una promesa que marcó a Panamá",contenido-exclusivo,"Ciudad de Panamá, Panamá/El 31 de diciembre de 1999, mientras el mundo se preparaba para despedir el siglo XX y dar la bienvenida al nuevo milenio, Panamá vivía una jornada que marcaría para siempre su historia. Ese día, tal como lo establecían los Tratados Torrijos-Carter, se concretó la reversión del canal de Panamá, poniendo fin a décadas de administración estadounidense y dando paso a una nueva etapa bajo control panameño.
La ceremonia oficial se desarrolló en el edificio de Administración del Canal, un escenario emblemático para muchas personas. Banderas, discursos, actos protocolares y un profundo simbolismo acompañaron el traspaso final, encabezado por la entonces presidenta Mireya Moscoso y autoridades nacionales e internacionales. Durante dicho evento, el expresidente estadounidense Jimmy Carter entregó el acta de transferencia a Moscoso, quien a su vez recibió la bandera que se izó en ese momento histórico.
Afuera, miles de ciudadanos siguieron el acto desde distintos puntos del país; otros, desde sus hogares, lo vivieron a través de la televisión. Para Luccia, que en aquel entonces cursaba la educación primaria, la reversión fue una experiencia cargada de emoción, incluso desde la distancia.
""Eso era lo que se venía escuchando toda la semana"", recuerda, haciendo referencia a la reversión. ""Cuando llegó el momento, estábamos preparados para verlo en la televisión, porque no había otra forma de presenciarlo dado que vivíamos en el interior del país y desplazarnos a la ciudad era difícil"".
Desde casa, la transmisión se convirtió en una escena inolvidable. Las narraciones periodísticas, los actos solemnes y la atmósfera de celebración marcaron aquel día. ""Fue emocionante, una felicidad que se sentía en todo lo que se vivía. En casa todos estábamos viendo los actos. Yo estaba feliz"", relata.
Uno de los momentos que aún conserva con mayor nitidez fue el cierre de la ceremonia: los globos elevándose al cielo, como señal simbólica del fin de una etapa histórica. ""Eso fue como decir 'wow'. Todos estábamos emocionados, sabíamos que era algo grande"", cuenta. Aunque era niña, Luccia ya comprendía que aquel hecho representaba algo más profundo: el Canal finalmente sería de los panameños.
A diferencia de ella, Alexander, quien se encontraba cursando sus estudios universitarios, vivió la reversión desde uno de los escenarios centrales de la historia. Se hallaba en las escalinatas del edificio de Administración del Canal, donde se desarrollaban los actos protocolares. Desde allí, presenció de cerca un momento que, asegura, marcó su sentido de pertenencia e identidad nacional.
""Estar allí fue indescriptible"", recuerda. ""Sentías que estabas siendo parte del cierre de un capítulo largo y complejo, y al mismo tiempo del inicio de uno nuevo para Panamá"". Para Alexander, el acto no era solo ceremonial: representaba el reconocimiento de una lucha histórica y el derecho del país a administrar su propio destino.
Desde su posición, observó el izado de la bandera panameña y la solemnidad del momento. ""Era la confirmación de que el Canal ya no representaría más un símbolo o motivo de división, sino de una profunda unidad nacional e internacional"", señala. En medio del protocolo, asegura que predominaba un sentimiento compartido: orgullo, alegría, responsabilidad y esperanza.
Aquel 31 de diciembre no solo significó un cambio administrativo. La reversión del Canal consolidó un proceso histórico iniciado décadas atrás, marcado por lucha, negociaciones y retos, y abrió la puerta a una nueva etapa en la que Panamá asumiría el desafío de operar una de las rutas marítimas más importantes del mundo.
Cuando Panamá asumió la administración completa de la vía interoceánica, no faltaron voces escépticas sobre la capacidad del país para mantener los estándares operativos que habían caracterizado al Canal durante su existencia.
Sin embargo, Panamá demostró desde sus inicios un compromiso inquebrantable con la excelencia operativa. La transición incluyó un meticuloso proceso de transferencia de conocimientos, inclusión de personal experimentado y la implementación de programas de capacitación que aseguraron la continuidad en la operación de las esclusas, el mantenimiento de la infraestructura y la navegación segura de miles de embarcaciones cada año.
Los primeros años del nuevo milenio fueron cruciales. El país no solo mantuvo los estándares heredados, sino que comenzó a implementar mejoras tecnológicas y administrativas que sentarían las bases para el crecimiento futuro, demostrando que el país estaba a la altura del reto histórico que había asumido.
Si la reversión marcó un hito en la historia panameña, la decisión de ampliar el Canal representó una declaración audaz de confianza en el futuro. En 2006, pocos años después de asumir su administración, Panamá sometió a referéndum la propuesta de construir un tercer juego de esclusas que permitiría el tránsito de buques Neopanamax, embarcaciones de dimensiones mayores que las que podían cruzar la vía original.
La ampliación no solo aseguraría la competitividad del Canal frente a otras rutas marítimas, sino que también consolidaría la posición de la nación como centro neurálgico del comercio mundial.
La obra, que se extendió durante una década, representó uno de los proyectos de ingeniería más ambiciosos del siglo XXI. Miles de trabajadores panameños e internacionales participaron en la construcción de las nuevas esclusas, que incorporaron tecnologías de punta en términos de eficiencia hídrica y operativa. Las compuertas rodantes, las tinas de reutilización de agua y los sistemas automatizados de control convirtieron al Canal ampliado en un referente de sostenibilidad e innovación.
El 26 de junio de 2016, el buque portacontenedores chino Cosco Shipping Panama realizó el tránsito inaugural por el Canal ampliado, ante la mirada expectante del mundo. Aquel momento no solo inauguró una nueva era para la vía interoceánica, sino que validó la capacidad de Panamá para ejecutar megaproyectos y posicionarse como actor relevante en la economía global.
Veintiséis años después de aquella histórica jornada, el Canal es más que una infraestructura de transporte. Se ha consolidado como símbolo fundamental de identidad nacional, fuente de orgullo colectivo y ejemplo tangible de lo que el país puede lograr cuando asume con responsabilidad y visión los desafíos de su propio desarrollo.
Las memorias de Luccia y Alexander reflejan cómo ese día trascendió generaciones y espacios. Desde una sala familiar hasta las escalinatas del edificio de la Administración, la emoción fue la misma: la certeza de estar viviendo un momento irrepetible. Hoy, esas emociones se han traducido en resultados concretos que superaron las expectativas más optimistas.
Para los panameños nacidos después de 1999, el Canal bajo administración nacional es la única realidad que conocen. Han crecido viendo cómo su país gestiona con éxito una de las obras de ingeniería más importantes del mundo, cómo aporta miles de millones al desarrollo nacional y cómo mantiene estándares de excelencia reconocidos internacionalmente.
Porque la historia del Canal no solo se mide en tratados, cifras o toneladas de carga, sino también en las vivencias de quienes sintieron, por primera vez, que el país recuperaba plenamente una parte esencial de su identidad. Aquella promesa hecha décadas atrás, sellada con la firma de los Tratados Torrijos-Carter y consumada en el umbral del nuevo milenio, no solo se cumplió: se superó.
Los panameños demostraron que podían administrar con excelencia el Canal, ampliarlo exitosamente, mantener su competitividad global y convertirlo en motor de desarrollo nacional. Lo que algunos veían como duda se transformó en oportunidad; lo que otros consideraban audacia se reveló como visión estratégica.
Hoy, cuando Panamá conmemora 26 años de administración soberana de su Canal, lo hace con la satisfacción del deber cumplido y con la certeza de que el futuro promete aún más. La vía interoceánica continuará siendo puente entre océanos, entre naciones, entre culturas y economías."
2026-06-11,TVN,"Shakira se roba el show junto a Maná, Belinda y J Balvin en la apertura del Mundial 2026",entretenimiento,"México, México/La Copa Mundial de la FIFA 2026 arrancó oficialmente con una espectacular ceremonia de apertura en la Ciudad de México, donde el icónico Estadio Azteca se convirtió en el epicentro de una celebración que fusionó música, cultura y orgullo latinoamericano ante miles de asistentes.
El evento inició con un homenaje a la cultura mexicana, marcando el tono de una tarde vibrante que dio la bienvenida a la primera Copa del Mundo organizada de forma conjunta por México, Estados Unidos y Canadá, y que contará con 48 selecciones compitiendo por el título más codiciado del fútbol mundial.
La apertura estuvo a cargo de la legendaria banda mexicana Maná, que encendió el estadio con su emblemático tema “Oye mi amor”, provocando una ovación inmediata del público.
Luego, el cantante urbano Danny Ocean tomó el escenario con la canción “Partidazo”, manteniendo la energía en alto en un espectáculo que combinó luces, danza y referencias al espíritu futbolero del torneo.
La representación artística continuó con Belinda, quien junto a Los Corazones Azules interpretó “Por ella”, en una puesta en escena marcada por colores tradicionales y elementos del folclor mexicano.
Puedes leer: Maná vuelve a Latinoamérica con una gira por cinco países
Uno de los momentos más comentados de la noche llegó con la aparición del colombiano J Balvin, quien salió al escenario con un llamativo atuendo y ofreció un recorrido por varios de sus éxitos, encendiendo aún más la energía del público.
El cierre musical estuvo a cargo de la superestrella global Shakira, quien hizo vibrar al Estadio Azteca con el tema “Dai Dai” junto a Burna Boy. Vestida con un estilo inspirado en animadoras deportivas, la artista combinó coreografías sensuales con sus clásicos movimientos, logrando uno de los momentos más ovacionados de la noche.
La ceremonia estuvo marcada por constantes referencias a México, con el público coreando “¡Viva México!” en distintos momentos, además de un despliegue de vestuarios tradicionales, luces y pirotecnia que culminó con un espectáculo de fuegos artificiales sobre el Estadio Azteca.
El evento no solo dio inicio a la competencia deportiva, sino que también reafirmó el carácter global y multicultural del Mundial 2026, que promete convertirse en uno de los torneos más ambiciosos y mediáticos de la historia del fútbol.
Una publicación compartida por ⚽🇲🇽 USSP Mexico (@usspmexico)"
2026-06-11,TVN,"Tyla y Becky G, invitadas especiales y espectadoras del partido México vs Sudáfrica",entretenimiento,"México, México/El arranque de la Copa Mundial de la FIFA 2026 dejó no solo emoción en la cancha, sino también en las gradas, donde la cantante sudafricana Tyla y la artista estadounidense de origen mexicano Becky G se convirtieron en dos de las figuras más comentadas de la jornada inaugural.
Ambas artistas fueron captadas por las cámaras del Estadio de la Ciudad de México conversando de manera animada durante el partido entre México y Sudáfrica, generando gran atención entre los asistentes y en redes sociales por su cercanía y complicidad.
El encuentro marcó el inicio del torneo más importante del fútbol mundial, la Copa Mundial de la FIFA 2026, que por primera vez se celebra en tres países: México, Estados Unidos y Canadá, con un formato ampliado de 48 selecciones.
Antes del pitazo inicial, Tyla tuvo un papel protagónico en la ceremonia deportiva al interpretar el himno nacional de Sudáfrica, en una presentación cargada de emoción en el mismo estadio donde minutos después se disputó el duelo inaugural del Grupo A.
Puedes leer: Shakira se roba el show junto a Maná, Belinda y J Balvin en la apertura del Mundial 2026
Tyla, una de las nuevas voces más influyentes del pop global, se ha hecho conocida internacionalmente por su estilo que fusiona pop y amapiano, destacando con el éxito viral “Water”, que la posicionó como una de las artistas emergentes más importantes de la música contemporánea.
Una publicación compartida por ⚽🇲🇽 USSP Mexico (@usspmexico)
Por su parte, Becky G, reconocida por su trayectoria en el pop y la música urbana latina, ha consolidado su carrera con éxitos como “Mayores”, “Sin pijama” y “MAMIII”, además de su presencia en cine y televisión, convirtiéndose en una de las figuras latinas más influyentes de la industria musical.
Te puede interesar: Salma Hayek le deseó suerte a Belinda y juntas robaron miradas en la apertura del Mundial
El partido inaugural terminó con victoria de México por 2-0 frente a Sudáfrica, en una jornada que combinó deporte, música y celebridades internacionales en un ambiente de celebración global.
La presencia de ambas artistas en las gradas, sumada a la participación de Tyla en la ceremonia, convirtió el debut del Mundial 2026 en un evento que trascendió lo deportivo y se transformó en un espectáculo de alcance mundial.
También puedes leer: Andrea Bocelli y EJAE protagonizan un emotivo momento con el himno del Mundial 2026"
2026-06-11,TVN,Ariana Grande rompe récord histórico en Billboard con el éxito de 'Hate That I Made You Love Me',entretenimiento,"Su más reciente sencillo, “Hate That I Made You Love Me”, debutó directamente en el primer lugar de la prestigiosa clasificación estadounidense, convirtiéndose en un nuevo hito dentro de una carrera marcada por récords, éxitos globales y millones de seguidores alrededor del mundo.
El lanzamiento representa el primer adelanto oficial de Petal, el próximo álbum de estudio de la artista, y su llegada al número uno no solo confirma la expectativa que rodea el proyecto, sino que también fortalece la posición de Grande entre las figuras más influyentes del pop contemporáneo.
Con este resultado, la intérprete alcanzó su décimo sencillo en liderar el Billboard Hot 100, una cifra reservada para un grupo muy reducido de artistas que han logrado marcar generaciones dentro de la música internacional. Además, la canción se convirtió en su octavo debut directo en la primera posición, una marca que la coloca junto a Taylor Swift entre las mujeres con más estrenos en la cima de la clasificación.
El desempeño comercial de “Hate That I Made You Love Me” fue contundente desde sus primeros días de disponibilidad. Durante la semana de seguimiento en Estados Unidos, la canción acumuló millones de reproducciones en plataformas digitales, registró una fuerte presencia en la radio y obtuvo destacadas cifras de ventas, impulsando su llegada inmediata al liderazgo del ranking.
La estrategia de lanzamiento también jugó un papel importante en el resultado. El sencillo fue presentado en diferentes formatos y versiones especiales dirigidas a los seguidores más fieles de la artista. Entre ellas figuraron ediciones alternativas, grabaciones especiales, versiones instrumentales y lanzamientos físicos en formatos como vinilo, casete y CD, una combinación que fortaleció su impacto comercial.
El nuevo logro adquiere una relevancia aún mayor al analizar la trayectoria reciente de la cantante. Desde que consiguió su primer número uno en Billboard en 2018, ninguna otra artista femenina ha acumulado más canciones en la cima de la clasificación durante ese mismo periodo. Esta consistencia la ha convertido en una de las voces más exitosas y dominantes de la música popular de los últimos años.
La lista de éxitos número uno de Ariana Grande incluye temas que marcaron distintas etapas de su carrera, entre ellos “Thank U, Next”, “7 Rings”, “Positions”, “Rain on Me”, “Save Your Tears”, “Die for You”, “Yes, And?”, “We Can’t Be Friends (Wait for Your Love)” y ahora “Hate That I Made You Love Me”, consolidando un catálogo musical que continúa conectando con audiencias de diferentes generaciones.
Gracias a este nuevo liderazgo, la cantante también logró igualar una marca histórica dentro del Billboard Hot 100. Con diez canciones en el primer lugar, comparte posición con artistas legendarios como Janet Jackson, Bruno Mars y Stevie Wonder, reafirmando su lugar entre los nombres más importantes de la historia de la música comercial.
El éxito también representa una victoria para el equipo creativo detrás del sencillo. Ariana Grande participó activamente en la composición y producción junto a los reconocidos Max Martin e ILYA. La colaboración volvió a demostrar la efectividad de una fórmula artística que ha generado algunos de los mayores éxitos del pop moderno.
Te puede interesar: Netflix revela las primeras imágenes de su nueva serie de Scooby-Doo y fija estreno para 2027
Te puede interesar: Sharon Stone defiende 'Euphoria' en las escuelas: 'Todos los padres deberían verla'
Para Max Martin, la llegada de la canción al número uno significó ampliar aún más su récord como el productor con más sencillos líderes en la historia del Billboard Hot 100. Asimismo, continúa ocupando una posición privilegiada entre los compositores más exitosos de todos los tiempos gracias a la enorme cantidad de canciones que han alcanzado la cima bajo su firma.
La noticia llega en un momento especialmente activo para Ariana Grande. Además de preparar el lanzamiento de Petal, previsto para finales de julio, la cantante acaba de regresar a los escenarios con el inicio de su esperada gira Eternal Sunshine Tour, que ya genera una enorme demanda de entradas en distintas ciudades.
Con un nuevo álbum en camino, una gira internacional en marcha y otro récord histórico en su historial, Ariana Grande reafirma su estatus como una de las artistas más influyentes de la actualidad y demuestra que su capacidad para dominar las listas musicales continúa tan vigente como en los momentos más exitosos de su carrera."
2026-06-11,TVN,Salma Hayek le deseó suerte a Belinda y juntas robaron miradas en la apertura del Mundial,entretenimiento,"México, México/La actriz mexicana Salma Hayek se convirtió en una de las grandes protagonistas de la ceremonia inaugural de la Copa Mundial de la FIFA 2026 al ser la encargada de ofrecer el mensaje oficial de bienvenida desde el Estadio Azteca de Ciudad de México.
Vestida con un vibrante atuendo rojo, la estrella de Hollywood apareció ante miles de aficionados que llenaron el recinto para dar inicio a la máxima cita del fútbol mundial. Con emoción y orgullo, Hayek dirigió unas palabras que fueron recibidas con una gran ovación.
""Los mexicanos estamos honrados de que sea aquí donde inicia el primer partido. ¡Que viva México y que viva el mundo!"", expresó la actriz, en uno de los momentos más emotivos de la ceremonia.
La participación de Salma tuvo un significado especial en un Mundial histórico, ya que se trata de la primera Copa del Mundo organizada conjuntamente por tres países: México, Estados Unidos y Canadá. Además, el torneo marca el debut del nuevo formato de 48 selecciones, convirtiéndose en la edición más grande en la historia de la competición.
Como embajadora de lujo del acto inaugural, Hayek también participó en el protocolo de presentación de las naciones participantes y acompañó al presidente de la FIFA, Gianni Infantino, durante el solemne momento en que fue presentado el trofeo que recibirá la selección campeona del Mundial 2026.
Puedes leer:
Horas antes del inicio del espectáculo, la actriz también protagonizó un momento que rápidamente llamó la atención de los seguidores. Salma fue captada junto a la cantante y actriz Belinda, una de las artistas invitadas al show inaugural, a quien le dio una tradicional palmada de la suerte antes de salir al escenario.
Una publicación compartida por Caras México (@carasmexico)
La ceremonia reunió a algunas de las mayores figuras de la música latina e internacional. Sobre el escenario desfilaron Maná, Belinda, J Balvin, Shakira, Burna Boy, además de Andrea Bocelli y la cantante surcoreana EJAE, quienes interpretaron ""DNA"", el himno oficial del torneo.
Con su mensaje de bienvenida y su presencia en los momentos más importantes del protocolo inaugural, Salma Hayek terminó convirtiéndose en uno de los rostros más comentados de una noche que mezcló fútbol, cultura, música y orgullo mexicano ante los ojos del mundo.
Una publicación compartida por Imagen Entretenimiento (@imagen_entretenimiento)"
2026-06-11,TVN,Brad Pitt: su hija Zahara sigue los pasos de sus hermanos y busca eliminar legalmente el apellido,entretenimiento,"La joven de 21 años presentó una solicitud ante la Corte Superior de California con el objetivo de pasar a llamarse únicamente Zahara Jolie, una decisión que se suma a acciones similares emprendidas recientemente por otros integrantes de la familia.
Con este movimiento, Zahara se convierte en el tercer hijo de la expareja de Hollywood que avanza por la misma vía en menos de dos años. La noticia ha despertado un amplio interés mediático debido al prolongado historial de tensiones familiares que ha acompañado el proceso de separación entre los dos actores desde 2016.
De acuerdo con los documentos judiciales presentados ante las autoridades de California, la petición fue radicada en abril y posteriormente procesada por la corte. El caso ya tiene programada una audiencia para finales de septiembre en Los Ángeles, donde se revisará oficialmente la solicitud presentada por la estudiante universitaria.
La decisión no resulta completamente inesperada para quienes han seguido de cerca la vida pública de Zahara. Desde hace varios años, la joven había comenzado a identificarse públicamente utilizando únicamente el apellido de su madre. Uno de los momentos más comentados ocurrió en 2023 durante su ingreso a la hermandad universitaria Alpha Kappa Alpha, cuando se presentó ante sus compañeras diciendo: “Mi nombre es Zahara Marley Jolie. Vengo del Estado Dorado, de la ciudad llena de ángeles, Los Ángeles, California”.
Ese gesto volvió a repetirse recientemente durante su ceremonia de graduación en Spelman College, una prestigiosa institución académica ubicada en Atlanta. Al recibir su título en psicología, fue anunciada públicamente como “Zahara Marley Jolie”, reforzando la identidad que ahora busca formalizar mediante los canales legales correspondientes.
La situación ocurre pocos días después de que se conociera que Maddox, el hijo mayor de Angelina Jolie y Brad Pitt, también inició un trámite similar. A esto se suma el caso de Shiloh, quien completó exitosamente el proceso en 2024 y adoptó legalmente el nombre de Shiloh Jolie tras presentar una solicitud propia y contratar representación jurídica independiente.
La acumulación de estas decisiones ha generado nuevas conversaciones sobre la relación entre Brad Pitt y varios de sus hijos. Aunque ninguna de las partes involucradas ha ofrecido declaraciones públicas sobre la petición de Zahara, el tema surge en un contexto marcado por años de disputas familiares posteriores a la separación de los actores.
Te puede interesar: Taylor Swift conquista el streaming mundial con su canción para Toy Story 5
Te puede interesar: Mick Jagger: la divertida crítica de su hijo sobre el look de su padre en Italia
Angelina Jolie solicitó el divorcio en septiembre de 2016 alegando “diferencias irreconciliables”, dando inicio a uno de los procesos legales más seguidos por la prensa internacional. Durante los años posteriores, la expareja enfrentó desacuerdos relacionados con la custodia de sus seis hijos y otros asuntos familiares que mantuvieron la atención de los medios de comunicación.
El divorcio quedó oficialmente finalizado a finales de 2024, cerrando una etapa legal que se prolongó durante ocho años. Actualmente, los únicos hijos menores de edad de la familia son los mellizos Knox y Vivienne, por lo que cualquier asunto relacionado con la custodia se limita exclusivamente a ellos.
La noticia también provocó reacciones de fuentes cercanas al entorno familiar. Una persona vinculada a Brad Pitt aseguró: “es una lástima cuando un padre aliena deliberadamente a sus hijos del otro”, responsabilizando a Angelina Jolie por el deterioro de los vínculos familiares.
Por otro lado, otra fuente consultada defendió la autonomía de los hijos de la expareja al afirmar: “Los hijos ya son adultos y toman sus propias decisiones. Es realmente terrible que él haya intentado presentarse como una víctima. ¿Cuándo la gente empezará a hacer las preguntas correctas sobre lo que les ocurrió a los hijos?”.
Más allá de la controversia, Zahara ha construido una trayectoria propia enfocada en la educación y el compromiso social. Adoptada por Angelina Jolie en Etiopía en 2005, ha mantenido una estrecha conexión con sus raíces africanas. En años recientes acompañó a su madre en iniciativas relacionadas con la educación de niñas etíopes y en encuentros institucionales destinados a impulsar proyectos de desarrollo.
Mientras la solicitud continúa su curso ante la justicia estadounidense, la decisión de Zahara marca un nuevo capítulo dentro de una de las familias más observadas de Hollywood y refuerza una tendencia que ya han seguido otros hijos de Brad Pitt y Angelina Jolie en los últimos años."
2026-06-11,TVN,Taylor Swift emociona a los fans de Toy Story con presentación sorpresa,entretenimiento,"Lo que parecía ser una tradicional presentación de la nueva película de Pixar terminó convirtiéndose en un espectáculo inolvidable gracias a la inesperada aparición de Taylor Swift, quien sorprendió a los asistentes con una actuación especial que incluyó el estreno en vivo de una canción original y un emotivo dueto junto al legendario compositor Randy Newman.
El evento se realizó en el Dolby Theatre de Los Ángeles y reunió a figuras destacadas del cine, la música y la animación. Aunque la presencia de la cantante había generado rumores durante las horas previas, nadie esperaba que protagonizara uno de los momentos centrales de la noche. Tras finalizar la proyección de la película y mientras los créditos recorrían la pantalla, el telón principal se abrió para revelar a la artista sentada frente a un piano en medio del escenario.
La reacción del público fue inmediata. Los asistentes respondieron con una ovación que se extendió durante varios minutos, convirtiendo el recinto en una auténtica celebración para los seguidores de la franquicia y de la cantante. Swift había evitado aparecer públicamente durante gran parte del evento, ingresando de manera discreta por una entrada privada, donde tuvo la oportunidad de compartir con parte del elenco.
Entre los encuentros más comentados estuvo el que sostuvo con Tom Hanks, quien da voz a Woody desde la primera película de la saga. El actor reveló posteriormente que la cantante llevó consigo una pieza muy especial relacionada con la historia de la franquicia. “No me tomé una selfie con ella, pero sí firmé su VHS original del primer Toy Story”, comentó el intérprete, recordando el curioso intercambio.
Para su presentación musical, la artista apareció con un elegante vestido amarillo que sustituyó el atuendo utilizado durante las fotografías oficiales. Desde el escenario interpretó por primera vez “I Knew It, I Knew You”, la canción compuesta especialmente para la nueva película. El tema surgió después de que la cantante tuviera acceso anticipado a una versión preliminar de la producción y decidiera crear una pieza inspirada en la historia.
Te puede interesar: El llanto de Peso Pluma antes de que se hiciera pública su separación de Kenia Os
Te puede interesar: Felipe Peláez se vuelve viral tras ser confundido con Daddy Yankee: así reaccionó el cantante
La canción, desarrollada junto a su frecuente colaborador Jack Antonoff, se convirtió rápidamente en un éxito. Desde su lanzamiento logró destacar en las plataformas digitales y fortaleció aún más la expectativa alrededor de Toy Story 5, una de las producciones animadas más esperadas del año.
Tras finalizar la interpretación, Swift compartió unas palabras con los asistentes y expresó la emoción que siente por formar parte de una franquicia que ha marcado a varias generaciones. “Significa el mundo para mí ser una pequeña parte del universo de estas películas”, afirmó ante el público.
La cantante también elogió la nueva entrega de Pixar y no ocultó su admiración por el resultado final. Durante su intervención aseguró que considera esta producción como la mejor de toda la saga y la calificó como “increíblemente hermosa” y “una obra maestra”.
Además, dedicó un mensaje de reconocimiento a los artistas, animadores y profesionales involucrados en el proyecto. “Si están en esta sala y trabajaron en esta película, muchas gracias. Su trabajo es increíble y espero que todos se sientan orgullosos de ustedes mismos”, expresó.
Swift también destacó el trabajo de Joan Cusack, quien vuelve a interpretar a Jessie. “Joan Cusack ha hecho un trabajo extraordinario como Jessie. Es un honor escribir para ella”, señaló al agradecer igualmente al director Andrew Stanton y a la productora Kenna Harris por haberla invitado a participar.
Sin embargo, la mayor sorpresa aún estaba por llegar. Antes de despedirse, la cantante presentó al hombre que definió como “el arquitecto del universo musical de Toy Story”. Luego añadió: “Es el rey de hacernos sentir absolutamente todo, de tocarnos el corazón y de hacernos reír. Es uno de nuestros amigos, ¿saben a qué me refiero? Estoy hablando de Randy Newman”.
La aparición del compositor desató una nueva ovación. Juntos interpretaron “You’ve Got a Friend in Me”, el emblemático tema que acompaña a la franquicia desde 1995. La actuación conjunta cerró una noche histórica para Pixar y consolidó uno de los momentos más memorables de la promoción de Toy Story 5, cuyo estreno en cines promete convertirse en uno de los grandes acontecimientos cinematográficos del año."
2026-06-11,TVN,Andrea Bocelli y EJAE protagonizan un emotivo momento con el himno del Mundial 2026,entretenimiento,"La música volvió a convertirse en protagonista en la ceremonia de apertura de la Copa Mundial de la FIFA 2026. Luego del desfile de las banderas de las selecciones participantes, miles de aficionados vivieron uno de los momentos más emotivos de la jornada cuando el tenor italiano Andrea Bocelli y la cantante surcoreana EJAE interpretaron ""DNA"", el himno oficial del torneo.
La presentación tuvo lugar en el emblemático Estadio Azteca de Ciudad de México, minutos antes del inicio del partido inaugural, en un ambiente cargado de emoción y expectativa por el comienzo de la máxima fiesta del fútbol mundial.
Con su inconfundible voz, Bocelli aportó solemnidad y elegancia a la interpretación del tema, mientras que EJAE sumó una energía contemporánea que conectó con las nuevas generaciones de aficionados. La actuación estuvo acompañada por un espectáculo visual que iluminó el estadio y reforzó el mensaje de unidad y diversidad que caracteriza a la Copa del Mundo.
Te puede interesar: Shakira se roba el show junto a Maná, Belinda y J Balvin en la apertura del Mundial 2026
""DNA"" fue producido por el reconocido DJ y productor francés David Guetta y la rapera estadounidense Megan Thee Stallion, una combinación artística que busca reflejar el carácter global del torneo y la unión de distintas culturas a través de la música y el deporte.
Andrea Bocelli es considerado uno de los tenores más importantes del mundo, con una trayectoria de más de tres décadas y éxitos internacionales como ""Con te partirò"" y ""The Prayer"". Por su parte, EJAE se ha consolidado como una de las voces emergentes más destacadas de Corea del Sur, ganando notoriedad por sus colaboraciones en la industria musical internacional.
La interpretación del himno llegó después de una vibrante celebración musical que incluyó las actuaciones de Maná, Danny Ocean, Belinda, J Balvin, Shakira y Burna Boy, quienes pusieron a cantar y bailar a los asistentes con un espectáculo cargado de color, ritmos latinos y referencias a la cultura mexicana.
La emotiva interpretación de ""DNA"" sirvió como antesala perfecta para el inicio de la competencia, dejando una de las imágenes más memorables de la ceremonia inaugural y marcando oficialmente el comienzo del Mundial 2026."
2026-06-11,TVN,Jennifer Aniston sorprende al convertirse en estilista de Benny Blanco,entretenimiento,"La actriz Jennifer Aniston volvió a captar la atención del público con una divertida colaboración junto a Selena Gomez y Benny Blanco, en un video promocional que rápidamente se convirtió en tema de conversación entre los seguidores de las celebridades.
El clip, compartido en Instagram, comienza con Benny Blanco llegando inesperadamente a la residencia de Jennifer Aniston. Aunque la protagonista de la exitosa serie Friends aparenta ignorar la visita en un primer momento, el productor musical termina apareciendo dentro de la cocina de la actriz para pedir ayuda con su cabello. La escena da pie a una serie de momentos humorísticos que combinan promoción de productos, amistad y entretenimiento.
Al observar la abundante cabellera de Blanco, Aniston no pudo evitar reaccionar con sorpresa. “Qué cabellera”, comentó la actriz antes de asumir el papel de estilista improvisada. Poco después, ambos se dirigieron al amplio vestidor de la estrella de Hollywood, donde ya los esperaba Selena Gomez.
La cantante explicó que había llegado con la intención de entregarle a Aniston algunos obsequios de Rare Beauty, la exitosa firma de cosméticos que ha impulsado durante los últimos años. Sin embargo, la visita tomó un rumbo inesperado cuando Gomez comenzó a explorar el armario de la actriz mientras Blanco recibía un tratamiento capilar con productos de LolaVie.
Durante la sesión, Jennifer Aniston utilizó varios artículos de su línea de cuidado para trabajar los rizos del productor musical. El resultado dejó satisfecho a Blanco, quien aseguró: “Se siente más suave que nunca”, destacando el efecto de los productos empleados por la actriz.
Mientras tanto, Selena Gomez parecía sentirse completamente cómoda en la casa de su anfitriona. En una de las escenas más comentadas del video, apareció sosteniendo dos blazers pertenecientes a Aniston mientras preguntaba dónde se encontraba la ropa destinada a donaciones. La situación generó risas entre los participantes y reforzó el tono desenfadado de la grabación.
La exploración del guardarropa no terminó allí. Benny Blanco también decidió revisar algunos de los accesorios de la actriz y llegó incluso a probarse unas sandalias abiertas de diseñador. “¿Estos también están disponibles?”, preguntó entre bromas antes de intentar llevárselas junto con otros artículos.
Te puede interesar: Sean 'Diddy' Combs suma una nueva demanda por presunto abuso a un exactor infantil
Te puede interesar: Ronaldinho sorprende con 'Camisa 10', un álbum musical que reúne a estrellas de 18 países
Al despedirse, Gomez entregó una bolsa con productos de Rare Beauty como intercambio simbólico por los objetos que habían tomado prestados durante la visita. Con humor, la artista expresó: “Te dejamos Rare a cambio”, cerrando una de las secuencias más divertidas del material promocional.
La colaboración no es un caso aislado dentro de la estrategia de marketing de LolaVie. Jennifer Aniston ha recurrido anteriormente a amigos cercanos y personas importantes de su círculo para participar en contenidos promocionales relacionados con la marca. Entre ellos figuran su compañera de reparto Courteney Cox y Jim Curtis, quien ha sido vinculado sentimentalmente con la actriz durante el último año.
Paralelamente, Selena Gomez también acaparó titulares al compartir una colección de fotografías inéditas junto a Benny Blanco desde Londres, ciudad donde se encuentra trabajando en la nueva temporada de Only Murders in the Building. En la publicación, la artista acompañó las imágenes con una emotiva reflexión sobre la distancia en las relaciones. “La distancia importa tan poco cuando alguien importa tanto”, escribió.
La respuesta de Blanco no tardó en llegar. Entre varios comentarios dedicados a su esposa, expresó: “Me enamoro más y más de ti cada día”. Más adelante agregó con humor: “Espera, necesito que me devuelvas ese atuendo de vaquero”, para finalmente cerrar con otro mensaje romántico: “El tiempo se detiene cuando estoy en tus brazos”.
La pareja ha hablado abiertamente sobre los desafíos de mantener una relación a distancia debido al temor de Blanco a viajar en avión. Aun así, ambos han demostrado que continúan fortaleciendo su vínculo mientras desarrollan sus respectivos proyectos profesionales, consolidándose como una de las parejas más seguidas del entretenimiento internacional.
A post shared by News Flip (@newsfliplive)"
2026-06-11,TVN,Karina Linnette conquista Premios Ícono Colombia 2026 y lleva el talento panameño a lo más alto,entretenimiento,"Karina Linnette se alzó como ganadora en la categoría Presentadora Influencer de los Premios Ícono Colombia 2026, una de las ceremonias más destacadas de América Latina que reconoce el talento de figuras digitales, comunicadores, artistas y creadores de contenido en la región.
La victoria representa un importante reconocimiento al crecimiento profesional que la presentadora de Show TVN ha consolidado durante los últimos años, tanto en la televisión como en el entorno digital. Su nombre logró imponerse en una categoría altamente competitiva que reunió a destacadas personalidades del entretenimiento y las redes sociales, entre ellas Karen Sevillano, Carla Giraldo, Ana Tavera y otras reconocidas creadoras de contenido de la región.
El galardón obtenido por Karina Linnette adquiere una relevancia especial debido al nivel de visibilidad de las participantes nominadas. La presentadora consiguió el respaldo de miles de seguidores durante el proceso de votación, un apoyo que terminó siendo determinante para alcanzar el reconocimiento y consolidar su presencia en el panorama mediático latinoamericano.
Aunque no estuvo presente durante la ceremonia realizada en Medellín, un representante fue el encargado de recibir el premio y compartir un mensaje de agradecimiento en su nombre. El reconocimiento se convirtió rápidamente en motivo de celebración en Panamá, donde seguidores, colegas y figuras del entretenimiento destacaron el logro alcanzado por la comunicadora.
Una publicación compartida por TVN Panamá (@tvnpanama)
Uno de los momentos más determinantes de su trayectoria ocurrió en 2022 con su participación en el reality internacional El Poder del Amor 2, producción realizada en Turquía que reunió a concursantes de diferentes países. Durante su paso por el programa, Linnett logró captar la atención del público gracias a su espontaneidad y carisma, factores que impulsaron su popularidad más allá de las fronteras panameñas.
Te puede interesar: De Beckham a Shakira: las parejas de futbolistas que construyeron imperios millonarios
Te puede interesar: Jacob Elordi marca límites con un fan en Japón y desata un debate sobre la privacidad
Su participación alcanzó un punto histórico cuando se convirtió en ganadora de la segunda temporada junto a su compatriota Julián Torres. Desde entonces, su nombre comenzó a ganar reconocimiento en distintos mercados de habla hispana, fortaleciendo su posicionamiento como figura digital y presentadora.
La expansión de su carrera continuó posteriormente con su participación en Soy el Mejor: Estrellas del Mundo a la Pista, programa transmitido por TC Televisión de Ecuador. Allí representó a Panamá y mostró nuevas facetas artísticas dentro de una competencia enfocada en el entretenimiento y el baile, ampliando aún más su alcance internacional.
Los Premios Ícono Colombia 2026 reunieron durante dos jornadas a algunas de las personalidades más influyentes del ecosistema digital latinoamericano. El evento tuvo como objetivo reconocer el impacto, la creatividad y la capacidad de conexión de creadores, comunicadores y artistas que han destacado en medios tradicionales y plataformas digitales.
Tras conocerse inicialmente su nominación, Karina Linnette había expresado públicamente su gratitud por formar parte de una categoría integrada por figuras reconocidas del sector. En ese momento compartió un mensaje que reflejaba su emoción por el reconocimiento recibido: “Gracias, gracias por compartir esta nominación con mujeres increíbles”.
Ahora, con el premio en sus manos, la comunicadora panameña confirma el sólido crecimiento de una carrera construida entre la televisión, los realities internacionales y las redes sociales. Su triunfo en la categoría Presentadora Influencer no solo fortalece su proyección internacional, sino que también posiciona al talento panameño en uno de los escenarios de reconocimiento digital más importantes de la región.
Una publicación compartida por TVN Panamá (@tvnpanama)"
2026-06-11,TVN,Maná vuelve a Latinoamérica con una gira por cinco países,entretenimiento,"La legendaria banda mexicana de rock en español Maná anunció su esperado regreso a Latinoamérica con una gira que recorrerá cinco países y cinco grandes estadios a finales de este año.
A través de sus redes sociales, el grupo confirmó las primeras fechas de este nuevo recorrido, que comenzará el 28 de noviembre en Bogotá, Colombia, y continuará por Lima, Santiago de Chile, Buenos Aires y Ciudad de México.
El calendario anunciado incluye:
La agrupación adelantó que próximamente revelará los detalles de la venta de boletos, por lo que invitó a sus seguidores a mantenerse atentos a sus canales oficiales.
Puedes leer: Ronaldinho sorprende con 'Camisa 10', un álbum musical que reúne a estrellas de 18 países
Considerada una de las bandas latinoamericanas más exitosas de todos los tiempos, Maná ha construido una trayectoria de más de tres décadas en la música, conquistando escenarios de América y Europa con su mezcla de rock, pop y ritmos latinos.
Liderada por Fher Olvera, la banda ha dejado huella con éxitos como Rayando el Sol, Oye Mi Amor, Clavado en un Bar, Mariposa Traicionera, Labios Compartidos y En el Muelle de San Blas, temas que continúan sonando en emisoras y plataformas digitales en toda la región.
A lo largo de su carrera, Maná ha vendido millones de discos, obtenido múltiples premios internacionales y se ha consolidado como una de las agrupaciones en español con mayor convocatoria. Su regreso a Latinoamérica promete convertirse en uno de los acontecimientos musicales más importantes de la temporada para sus seguidores.
Una publicación compartida por Maná (@manaoficial)"
2026-06-11,TVN,Ícono del pop francés Patrick Bruel acusado de violación y agresión sexual,entretenimiento,"París, Francia/El ícono del pop francés Patrick Bruel fue imputado este miércoles por violación y agresión sexual, después de que casi dos docenas de mujeres lo denunciaran, algunas con acusaciones que se remontan a la década de 1990.
El cantante de 67 años, durante décadas uno de los más conocidos de Francia con millones de discos vendidos y decenas de apariciones en cine, niega todas las acusaciones.
Es la última celebridad francesa bajo la lupa de la justicia a raíz del movimiento #MeToo, después de que el año pasado la leyenda del cine Gérard Depardieu fuera condenado a 18 meses de prisión en suspenso por agredir sexualmente a dos mujeres durante un rodaje.
Bruel, cuya imagen copó las portadas de la prensa en los años 1990, fue detenido el lunes en París para ser interrogado.
Un juez del suburbio parisino de Nanterre indicó que el artista fue imputado por violación, intento de violación, agresión sexual y acoso sexual.
Antes, la fiscalía de Nanterre había señalado que los cargos se referían a nueve víctimas y a incidentes ocurridos entre 2010 y 2019.
Añadió que las denuncias de otras 13 personas que lo acusan de violación, tentativa de violación, agresión sexual y acoso sexual entre 1992 y 2008 se habían incorporado al expediente remitido a los jueces de instrucción, aunque ""en esta fase parecen estar prescritas"".
Bruel fue liberado bajo control judicial, indicó su abogada Fanny Colin, después de que el juez rechazara la solicitud de la fiscalía de enviarlo a prisión preventiva.
Puedes leer: Fiscalía francesa pide imputar al popular cantante Patrick Bruel, acusado de abusos sexuales
El artista proclamó su inocencia el mes pasado. ""Jamás he forzado a una mujer"", aseguró en una publicación en Instagram.
Añadió entonces que cancelaría todos sus conciertos hasta septiembre.
Sus abogados afirmaron el lunes en un comunicado que respondería a todas las preguntas y ""aportaría todos los elementos necesarios para demostrar su inocencia"".
Entre sus acusadoras figura Daniela Elstner, la actual directora de Unifrance, una institución que promueve el cine francés en el extranjero.
En marzo, lo denunció formalmente por tentativa de violación durante un festival de cine en México, cuando era una pasante de 26 años en Unifrance en 1997.
""Es una verdadera primera victoria judicial para las víctimas"", declaró su abogada Jade Dousselin a la AFP después de que la fiscalía solicitara la imputación.
Varias nuevas acusaciones contra la estrella se han dado a conocer desde el lunes.
La abogada Myriam Guedj-Benayoun declaró el martes que en breve se presentará una nueva denuncia contra el cantante por la presunta tentativa de violación de una joven de 19 años en su domicilio en 2000.
La abogada representa a dos mujeres que acusan a Bruel de violencia sexual en Bruselas en 2010 y en la región francesa de Vaucluse en 2015.
Otra abogada, Corinne Herrmann, aseguró que dos mujeres presentaron denuncias por violación contra Bruel el 27 de mayo y el 3 de junio.
El medio de investigación Mediapart informó de que se trata de una exreina de belleza que acusa a Bruel de haberla violado en 2008 y de una fisioterapeuta que sostiene que cometió violación en 2000.
Aunque dio sus primeros pasos en el cine, Bruel, nacido en Argelia en 1959, saltó a la fama como cantante en 1984 y desde entonces grabó una decena de álbumes de estudio.
El artista, uno de los rostros más conocidos de la música francesa, se casó a los 45 años con la escritora Amanda Sthers, pero su unión terminó tres años y dos hijos después.
Bruel, de sonrisa carismática, juega a veces con su lado seductor, incluso en los platós. ""Soy fácil de seducir, no soy fácil de retener"", dijo en una entrevista.
Además de su carrera musical y en el cine, el artista es un experto jugador de póker y en 1998 se impuso como campeón del mundo."
2026-06-10,TVN,De Beckham a Shakira: las parejas de futbolistas que construyeron imperios millonarios,entretenimiento,"El mundo del fútbol no solo ha sido escenario de grandes hazañas deportivas, sino también de historias de amor que han unido a algunas de las figuras más exitosas del deporte con mujeres que han construido fortunas propias.
Estas relaciones, lejos de depender exclusivamente de los ingresos de los jugadores, se han convertido en alianzas donde el talento, los negocios, la música, la moda y el entretenimiento han contribuido a crear auténticos imperios económicos.
Uno de los ejemplos más emblemáticos es el de David Beckham y Victoria Beckham. Cuando iniciaron su romance en 1997, el entonces futbolista del Manchester United comenzaba a consolidarse como una de las grandes promesas del fútbol inglés, mientras que ella ya gozaba de fama internacional gracias a su participación en las Spice Girls, una de las agrupaciones musicales más exitosas de los años noventa. La unión de ambas celebridades trascendió el ámbito sentimental para convertirse en una poderosa marca global. Actualmente, el patrimonio conjunto de la pareja supera los 500 millones de euros gracias a inversiones, contratos publicitarios y negocios vinculados a la moda y el deporte.
Otro caso ampliamente conocido es el de Shakira y Gerard Piqué. Cuando sus caminos se cruzaron durante la grabación del videoclip de “Waka Waka”, canción oficial de la Copa Mundial de Sudáfrica 2010, la artista colombiana ya era una estrella consolidada con reconocimiento en todos los continentes. Su trayectoria musical, respaldada por décadas de éxitos internacionales, le permitió acumular una fortuna superior a los 400 millones de dólares. Por su parte, el exdefensor del FC Barcelona construyó un importante patrimonio estimado en alrededor de 80 millones de dólares gracias a su carrera deportiva y proyectos empresariales.
La historia de Zlatan Ibrahimović y Helena Seger destaca por sus inusuales comienzos. La pareja se conoció en 2001 tras un incidente relacionado con sus vehículos. El delantero sueco estacionó su Ferrari detrás del Mercedes de Helena, situación que derivó en una discusión que terminó convirtiéndose en una historia de amor. Mientras Ibrahimović desarrollaba una carrera que lo llevaría a convertirse en una leyenda del fútbol europeo, Seger ya había construido una sólida trayectoria profesional en el sector inmobiliario y también había trabajado como modelo. Aunque nunca contrajeron matrimonio, continúan juntos más de dos décadas después y mantienen una de las relaciones más estables del entorno deportivo.
La combinación entre fútbol y música también aparece en la historia de David de Gea y Edurne. El guardameta español y la cantante enfrentaron durante años una relación marcada por la distancia geográfica. Mientras él desarrollaba su carrera en Inglaterra con el Manchester United, ella fortalecía su presencia en la televisión y la industria musical española. La pareja logró mantener el vínculo durante más de una década antes de casarse en 2023. Su patrimonio conjunto ronda los 52 millones de euros.
Te puede interesar: Ariana Grande y Ethan Slater ponen fin a su historia de amor tras tres años
Te puede interesar: Hulk Hogan | Investigación sobre su muerte llega a su fin: estas fueron las causas
Una situación similar se observa en la relación entre Alex Oxlade-Chamberlain y Perri Edwards. El mediocampista inglés acumuló una considerable fortuna durante sus etapas en clubes como Arsenal y Liverpool. Sin embargo, la cantante británica, integrante del exitoso grupo Little Mix y empresaria del sector de la moda, ha construido un patrimonio incluso superior gracias a su carrera artística y a sus emprendimientos comerciales.
Las historias de amor que comenzaron durante la adolescencia también tienen un lugar especial dentro de este selecto grupo. Luis Suárez conoció a Sofía Balbi cuando ambos eran jóvenes en Montevideo. A pesar de la distancia y los cambios de residencia, mantuvieron su relación hasta consolidar una familia que ha acompañado cada etapa de la carrera del delantero uruguayo. Algo similar ocurrió con Marcelo y Clarice Alves, quienes se conocieron cuando apenas eran adolescentes y posteriormente emprendieron juntos el camino que llevó al futbolista brasileño a convertirse en una figura histórica del Real Madrid.
Más allá del fútbol, la combinación entre deporte de élite y éxito económico también se refleja en la relación entre Bastian Schweinsteiger y Ana Ivanovic. El campeón del mundo con Alemania unió su vida a una de las tenistas más destacadas de su generación, ganadora de Roland Garros y ex número uno del ranking mundial. Juntos representan cómo el talento deportivo, acompañado de visión empresarial y reconocimiento internacional, puede dar origen a patrimonios multimillonarios que trascienden las fronteras de las competencias y el entretenimiento."
2026-06-10,TVN,Jacob Elordi marca límites con un fan en Japón y desata un debate sobre la privacidad,entretenimiento,"El actor australiano, reconocido internacionalmente por su papel en la exitosa serie Euphoria, fue captado durante una interacción con un seguidor en Japón que rápidamente se viralizó y acumuló miles de comentarios en distintas plataformas digitales.
El episodio ocurrió mientras el intérprete abandonaba un restaurante durante su reciente visita al país asiático. Un video compartido en Instagram por el usuario @otaviobittencourt muestra al actor caminando hacia la salida cuando un admirador se acerca para saludarlo e intentar conseguir una fotografía. En las imágenes se escucha al fan dirigirse a él con familiaridad mientras busca acompañarlo durante unos segundos.
La situación cambió cuando el seguidor colocó una mano sobre la espalda del actor. La reacción de Elordi fue inmediata y dejó claro que no estaba cómodo con el contacto físico inesperado. “Por favor, no me toques, hermano”, respondió el artista antes de continuar su camino y retirarse del lugar.
Aunque el intercambio fue breve, el video generó un amplio debate en internet. Mientras algunos usuarios consideraron que la respuesta del actor fue demasiado directa, una gran cantidad de personas defendió su actitud y argumentó que cualquier individuo, independientemente de su nivel de fama, tiene derecho a establecer límites claros sobre su espacio personal.
La discusión se centró especialmente en la importancia del consentimiento y el respeto durante los encuentros con figuras públicas. Numerosos comentarios destacaron que el entusiasmo de los admiradores no justifica el contacto físico sin autorización previa. Entre las opiniones más compartidas aparecieron mensajes que cuestionaban la conducta del seguidor y respaldaban la reacción del actor.
Uno de los comentarios más replicados señalaba: “Sentí vergüenza ajena, pero no por Jacob. ¿Por qué tocas a personas desconocidas en la calle?”. Otros usuarios coincidieron en que la situación evidenciaba una problemática recurrente que enfrentan muchas celebridades cuando interactúan con seguidores en espacios públicos.
Te puede interesar: Ariana Grande y Ethan Slater ponen fin a su historia de amor tras tres años
Te puede interesar: Hulk Hogan | Investigación sobre su muerte llega a su fin: estas fueron las causas
La polémica surgió en medio de un viaje que ha llamado la atención de la prensa internacional. Durante las últimas semanas, Jacob Elordi ha sido visto en Japón junto a Kendall Jenner, alimentando nuevamente las especulaciones sobre una posible relación sentimental entre ambos. Las apariciones de la pareja han despertado gran interés debido a los rumores que circulan desde comienzos de año.
Las versiones sobre un romance comenzaron a fortalecerse después de que fueran fotografiados juntos en distintos escenarios, incluyendo encuentros en California y una escapada a Hawái. Más recientemente, ambos fueron vistos compartiendo tiempo en Japón, donde incluso aparecieron en imágenes difundidas por un reconocido restaurante local que agradeció públicamente su visita.
La presencia conjunta de Elordi y Jenner en varios destinos internacionales ha mantenido viva la atención mediática sobre sus movimientos. Aunque ninguno de los dos ha confirmado oficialmente una relación, las fotografías y encuentros públicos continúan alimentando las especulaciones entre seguidores y medios especializados en entretenimiento.
El incidente ocurrido en Japón también llega pocas semanas después de otra controversia relacionada con el actor. Elordi había sido anunciado como integrante del jurado del prestigioso Festival de Cannes 2026, presidido por el cineasta surcoreano Park Chan-wook. Sin embargo, abandonó el compromiso antes del inicio del evento debido a una lesión en el pie.
La decisión provocó cuestionamientos cuando posteriormente fue fotografiado conduciendo junto a Kendall Jenner, Kylie Jenner y Timothée Chalamet. Algunas personas pusieron en duda la gravedad de la lesión que le impidió participar en el certamen cinematográfico. No obstante, otros defendieron al actor y señalaron que conducir un automóvil no equivale necesariamente a estar en condiciones de cumplir con las exigencias físicas y protocolares de uno de los festivales de cine más importantes del mundo.
En medio de la atención constante que rodea su vida personal y profesional, el reciente episodio volvió a poner sobre la mesa un tema recurrente: el equilibrio entre la admiración de los fans y el respeto a la privacidad de las figuras públicas.
😳 JACOB ELORDI A RECADRÉ UN FAN QUI L’AVAIT TOUCHÉ SANS SON ACCORD !!Jacob Elordi a remis à sa place un fan qui l’avait touché sans lui demander son consentement 😭👀Ce n’est pas parce qu’une personne est célèbre qu’il est normal de la toucher sans son autorisation. 💀🙏📸 pic.twitter.com/vF8If6kPLt"
2026-06-10,TVN,Sean 'Diddy' Combs suma una nueva demanda por presunto abuso a un exactor infantil,entretenimiento,"Sean “Diddy” Combs vuelve a enfrentar una nueva controversia legal tras la presentación de una demanda civil interpuesta por un exactor infantil que asegura haber sido víctima de abuso sexual cuando era menor de edad.
De acuerdo con documentos judiciales divulgados por medios estadounidenses, el denunciante sostiene que los hechos ocurrieron en 2007, cuando aún desarrollaba su carrera como actor infantil. Según su relato, recibió una invitación para asistir a una reunión en Hollywood Hills que fue promocionada como una oportunidad para establecer contactos dentro de la industria del entretenimiento y explorar posibles proyectos profesionales.
La demanda señala que durante el evento, Combs habría mostrado interés en conversar de manera privada con el joven para discutir supuestas oportunidades relacionadas con su futuro artístico. El demandante afirma que, una vez alejados del resto de los asistentes, la situación tomó un rumbo completamente distinto al esperado.
Según el expediente, el entonces menor de edad asegura que el empresario musical comenzó a realizar contactos físicos no consentidos que fueron escalando progresivamente. El documento judicial sostiene que el joven manifestó su incomodidad durante el encuentro antes de que ocurrieran los hechos denunciados. Posteriormente, según su versión, Combs abandonó el lugar tras indicarle que tendría en cuenta su nombre para futuras oportunidades dentro del sector del entretenimiento.
El denunciante afirma que salió de la fiesta poco tiempo después del episodio y que la experiencia tuvo consecuencias duraderas en su vida. Además de señalar directamente al rapero, la acción judicial también incluye a representantes artísticos que, según la demanda, habrían incumplido su deber de protección frente a situaciones de riesgo para menores vinculados a la industria del espectáculo.
Hasta el momento, el documento presentado ante la justicia no especifica la cantidad económica que se reclama por concepto de daños y perjuicios. Sin embargo, el caso ha generado una nueva ola de atención mediática debido al complejo panorama judicial que enfrenta actualmente el fundador de Bad Boy Records.
Te puede interesar: Sharon Stone defiende 'Euphoria' en las escuelas: 'Todos los padres deberían verla'
Te puede interesar: Taylor Lautner anuncia el sexo de su bebé con la emotiva reacción junto a su esposa
La respuesta del entorno de Combs no tardó en llegar. Su portavoz, Juda Engelmayer, rechazó de manera contundente las acusaciones y defendió la inocencia del artista. En declaraciones difundidas por medios estadounidenses, afirmó: “Las acusaciones de este supuesto actor infantil anónimo son falsas y ridículas. Es otro detractor más en una larga lista de personas que intentan sumarse al reparto del dinero, alentadas por abogados de lesiones personales”.
El representante añadió además: “El señor Combs nunca ha agredido sexualmente a nadie, y eso incluye a cualquier menor. Estas acusaciones serán desmentidas como todas las demás”.
La nueva demanda surge mientras el músico cumple una condena de 50 meses de prisión derivada de un proceso penal que captó la atención internacional. Combs fue arrestado en Nueva York en 2024 y posteriormente enfrentó cargos relacionados con conspiración de crimen organizado, tráfico sexual mediante fuerza, fraude o coacción, además de transporte con fines de prostitución.
El juicio concluyó con un resultado mixto. Aunque fue absuelto de los cargos más graves, el tribunal lo declaró culpable en dos cargos de transporte con fines de prostitución bajo la Ley Mann. Como consecuencia, en octubre de 2025 recibió una sentencia de cuatro años y dos meses de cárcel, además del pago de una multa de 500.000 dólares.
Mientras sus abogados continúan impulsando recursos para revertir el fallo, la situación legal de Sean “Diddy” Combs sigue complicándose. En paralelo a su condena, decenas de demandas civiles por presuntas agresiones sexuales, algunas relacionadas con hechos que habrían involucrado a menores de edad, permanecen activas. El avance de estos procesos mantiene al productor musical en el centro de la atención pública y judicial, mientras nuevas denuncias continúan acumulándose en los tribunales."
2026-06-10,TVN,"Ronaldinho sorprende con 'Camisa 10', un álbum musical que reúne a estrellas de 18 países",entretenimiento,"El exastro brasileño Ronaldinho debutó oficialmente en la industria musical con el lanzamiento de “Camisa 10”, un proyecto discográfico de gran escala que apuesta por la diversidad cultural y la colaboración internacional.
El álbum, presentado este martes, marca la incursión formal del campeón mundial en el entretenimiento musical. Lejos de tratarse de una producción convencional, la propuesta reúne a decenas de artistas de distintos géneros y nacionalidades, convirtiéndose en una de las iniciativas más ambiciosas impulsadas recientemente por una figura del deporte.
Según informó el equipo del exjugador, el proyecto fue concebido como una experiencia global capaz de conectar diferentes estilos, idiomas y mercados. La producción fue descrita como una “colaboración masiva sin fronteras de géneros”, una definición que refleja la amplitud artística de un trabajo que involucró a 44 músicos procedentes de 18 países.
El nombre del disco tiene un significado especial para los seguidores del brasileño. La expresión “Camisa 10” hace referencia al número que utilizó durante gran parte de su carrera deportiva, un dorsal históricamente reservado para los futbolistas con mayor creatividad, liderazgo y capacidad de desequilibrio dentro del terreno de juego. Con esta elección, Ronaldinho conecta su legado futbolístico con su nueva faceta artística.
La producción está dividida en dos volúmenes que, en conjunto, suman 59 canciones. El primero incluye 29 temas y el segundo reúne 30 composiciones adicionales. Aunque Ronaldinho participa en varios de los sencillos, el álbum también funciona como una plataforma de colaboración en la que numerosos artistas aportan su talento para construir una propuesta multicultural.
Uno de los aspectos más llamativos de la obra es la variedad de sonidos presentes en el repertorio. Las canciones están interpretadas en español, inglés y portugués, incorporando influencias de reggaetón, pop latino, dancehall, afrobeats y regional mexicano, entre otros estilos que dominan actualmente las listas de reproducción internacionales.
El proyecto cuenta además con la participación de figuras ampliamente reconocidas en la industria musical. Entre las colaboraciones más destacadas aparecen Sean Paul y Banx & Ranx en el tema “Lead”, mientras que Golden, Justin Quiles, Lenny Tavárez y Odumodublvck unen fuerzas en “Champion”. Asimismo, el cantante Pitbull participa en “Vamos Celebrar”, una de las canciones que más expectativa ha generado entre los seguidores del álbum.
Te puede interesar: Christian Nodal enfrenta disputa por la marca 'El Forajido': grupo musical busca frenar su registro
Te puede interesar: Taylor Swift conquista el streaming mundial con su canción para Toy Story 5
La lista de invitados también incorpora nombres como Lenin Ramírez, Micro TDH, Yng Lvcas, Jonas Blue y Nanpa Básico, entre otros artistas provenientes de diferentes mercados musicales. Esta combinación de talentos busca reforzar la vocación internacional de una producción diseñada para trascender fronteras y conectar audiencias diversas.
Tras el lanzamiento, Ronaldinho compartió su entusiasmo a través de sus redes sociales. En Instagram publicó un mensaje de celebración acompañado por material promocional relacionado con el proyecto. El exfutbolista agradeció a todas las personas que participaron en la creación del álbum y difundió imágenes individuales de las canciones junto a los artistas involucrados en cada colaboración.
El aspecto visual también ocupa un lugar importante dentro de la propuesta. Los dos volúmenes presentan portadas distintas que mantienen una identidad común. En ambas imágenes aparece Ronaldinho utilizando su característica boina frente a un enorme número 10, símbolo de su legado deportivo. La principal diferencia se encuentra en la gama cromática utilizada: una edición destaca el color azul, mientras que la otra apuesta por el amarillo.
Más allá de representar el debut musical de Ronaldinho, “Camisa 10” también constituye el primer gran lanzamiento de Tu Música, un sello discográfico fundado por Allan Jesus, Roni Maltz Bin y Roberto de Assis, hermano del exfutbolista. Con sede en Miami, la compañía fue creada a comienzos de este año y se define como “una plataforma para unir artistas, culturas y mercados a través de la creación y distribución musical a gran escala”, una visión que encuentra en este álbum su primera gran carta de presentación ante la industria internacional.
Una publicación compartida por Ronaldo de Assis Moreira (@ronaldinho)"
2026-06-10,TVN,Katy Perry revela su felicidad junto a Justin Trudeau y habla de Orlando Bloom,entretenimiento,"La estrella del pop aseguró que atraviesa una de las etapas más estables de su vida y no dudó en expresar públicamente el profundo amor que siente por Justin Trudeau, a quien describió como una figura fundamental en su bienestar actual.
Las declaraciones tuvieron lugar durante una sesión de preguntas y respuestas posterior a la presentación de The Lifetimes Tour – Live from Paris en el Festival de Tribeca, celebrado en Nueva York. La aparición de la artista ocurrió pocas horas después de que ella y el político canadiense realizaran su primera aparición oficial como pareja en una alfombra roja, un momento que acaparó la atención de seguidores y medios de entretenimiento.
En medio de la conversación, Perry reflexionó sobre la transformación personal que experimentó durante su gira mundial de 2025. Tras completar 91 presentaciones alrededor del mundo, afirmó que llegó a una etapa de mayor serenidad y equilibrio. Katy Perry, una de las artistas más influyentes del pop internacional, destacó que el crecimiento emocional ha sido una constante en su vida reciente.
“Cada día es un viaje fantástico y cada día es una oportunidad para evolucionar, ser una mejor persona, hacer lo correcto y ser un modelo para tu comunidad, tu familia y tu mundo”, expresó la intérprete. Más adelante agregó: “Diría que ahora, al final de 91 conciertos, me siento una persona más equilibrada en muchos aspectos de mi vida. Estoy muy enamorada”.
La cantante vinculó directamente esa sensación de estabilidad con el inicio de su relación sentimental con Trudeau. Al recordar los conciertos grabados en París para la producción audiovisual, explicó que atravesó aquella etapa respaldada por una conexión afectiva que marcó profundamente su vida. “En realidad, estos recitales fueron después de que conocí al amor de mi vida, así que me sentía muy sostenida por eso”, afirmó.
Te puede interesar: Mick Jagger: la divertida crítica de su hijo sobre el look de su padre en Italia
Te puede interesar: Netflix revela las primeras imágenes de su nueva serie de Scooby-Doo y fija estreno para 2027
Perry también profundizó en la influencia que su actual pareja ha tenido sobre su bienestar emocional. Utilizando una metáfora, describió cómo la relación le ha brindado una sensación de seguridad que no había experimentado anteriormente. “Soy un poco como una cometa arcoíris: vuelo súper alto. A veces necesito estar anclada, así que tener finalmente esa ancla hace que ahora me sienta realmente completa”, señaló.
Sin embargo, la artista reconoció que alcanzar ese estado de plenitud no fue sencillo. Durante el encuentro con los asistentes, recordó que 2025 representó uno de los periodos más complejos de su trayectoria personal. “El año pasado fue probablemente uno de los años más difíciles de mi vida y pasé por muchísimas cosas”, confesó. También explicó que encontró la fortaleza necesaria para continuar gracias a los compromisos asumidos con sus seguidores, su hija y consigo misma.
“Hubo días realmente, realmente, realmente difíciles, y simplemente seguí adelante porque hice una promesa a mis fans, hice una promesa a mi hija, hice una promesa a mí misma”, manifestó. Posteriormente añadió: “Lo conseguí. Caminé a través del fuego porque todo el mundo tiene que atravesar su propio fuego. Y si estás caminando por el infierno, sigue caminando, porque al otro lado del infierno definitivamente está el cielo”.
Las declaraciones llegan casi un año después del fin de su relación con Orlando Bloom. En julio de 2025, representantes de ambas figuras confirmaron que habían decidido reorientar su vínculo para priorizar la crianza compartida de su hija, Daisy Dove. En ese momento explicaron: “Orlando y Katy han estado transformando su relación durante los últimos meses para centrarse en la coparentalidad”. El comunicado también destacó que ambos continuarían actuando como familia y mantendrían como prioridad criar a su hija “con amor, estabilidad y respeto mutuo”, una meta que sigue guiando sus decisiones personales."
2026-06-10,TVN,Rob Reiner: su hijo Nick busca liberar millonario fideicomiso para costear su defensa,entretenimiento,"El proceso judicial que involucra a Nick Reiner, hijo del reconocido cineasta Rob Reiner y de la fotógrafa Michele Singer Reiner, sumó un nuevo capítulo tras una solicitud presentada ante un tribunal de Los Ángeles para obtener acceso a un fondo fiduciario valorado en al menos 1,5 millones de dólares.
La petición fue radicada por los abogados civiles de Reiner, quienes argumentan que los administradores del patrimonio familiar han impedido injustificadamente la entrega de fondos establecidos en un fideicomiso creado por sus progenitores hace más de tres décadas. Según la documentación judicial, el objetivo principal es garantizar que el acusado pueda afrontar los elevados costos derivados del proceso penal que enfrenta.
Los cuerpos de Rob Reiner y Michele Singer Reiner fueron hallados sin vida el 14 de diciembre en su residencia ubicada en Brentwood, una de las zonas más exclusivas de Los Ángeles. Horas después del descubrimiento, las autoridades detuvieron a Nick Reiner, de 32 años, quien posteriormente se declaró inocente de los cargos formulados en su contra.
Actualmente, el acusado enfrenta dos cargos de asesinato en primer grado con circunstancias especiales relacionadas con asesinato múltiple y uso de arma letal. De ser hallado culpable, podría recibir una condena de cadena perpetua sin posibilidad de libertad condicional o incluso enfrentar la pena de muerte, aunque la fiscalía aún no ha definido si solicitará esa sanción.
En la solicitud presentada ante el tribunal, la defensa insiste en que el litigio sobre el patrimonio familiar debe analizarse de manera independiente al proceso criminal. Los abogados sostienen que la condición de acusado no elimina los derechos patrimoniales de su cliente ni limita su acceso a recursos previamente establecidos.
En el documento judicial se afirma: “Nick amó a sus padres y está destrozado por su muerte. Pero los hechos sobre lo que ocurrió o no ocurrió no están en cuestión en este litigio fiduciario”. La presentación añade además: “Como cualquier persona acusada de un delito, Nick tiene la presunción de inocencia y tiene derecho a organizar su defensa con los recursos que le pertenecen legalmente”.
La controversia gira alrededor de un fideicomiso familiar creado en 1993. Según la versión del acusado, el acuerdo establecía condiciones claras para la distribución progresiva de los activos. Reiner sostiene que debía recibir la mitad de los fondos al cumplir 30 años y el resto al llegar a los 35. Sin embargo, asegura que nunca recibió la primera distribución correspondiente y que tampoco fue informado sobre el valor total de los bienes administrados.
Te puede interesar: Dua Lipa y Britney Spears en conmoción por el asesinato de su colaborador Talay Riley
Te puede interesar: Nick Jonas revela el dramático vuelo que compartió con Glen Powell
La petición identifica al abogado Paul Kanin, actual fideicomisario desde febrero, como responsable de bloquear los desembolsos. El documento asegura que las negativas han estado acompañadas de argumentos cambiantes y cuestionamientos sobre la capacidad de Nick Reiner para gestionar el patrimonio.
Los representantes legales del acusado consideran que la negativa resulta improcedente dadas las circunstancias actuales. En ese sentido, señalaron ante la corte: “Dadas las circunstancias actuales, es un abuso de discreción del fideicomisario rechazar esas solicitudes”. También enfatizaron la importancia de disponer de los recursos para afrontar el juicio al afirmar: “Nick está a la espera de juicio por cargos de doble homicidio. Ningún uso de sus fondos podría ser más importante.”
Uno de los aspectos más relevantes de la solicitud es el intento de reincorporar al reconocido abogado Alan Jackson al equipo de defensa. El jurista abandonó el caso en enero y ahora reveló que su salida estuvo relacionada con problemas de pago. Según explicó, los hermanos del acusado habían aceptado inicialmente asumir ciertos costos, pero posteriormente le comunicaron que los recursos comprometidos no estarían disponibles.
Jackson afirmó: “No habría desviado estos recursos del despacho, interrumpido compromisos profesionales existentes ni dirigido a mi equipo a asumir el extenso trabajo realizado” si hubiera sabido que no recibiría la compensación acordada. Asimismo, manifestó estar preparado para regresar a la defensa si los fondos fiduciarios son liberados.
Mientras el debate sobre el patrimonio continúa en los tribunales, el proceso penal sigue avanzando. La próxima audiencia previa al juicio está programada para septiembre, en un caso que mantiene la atención pública debido a la trayectoria de Rob Reiner, una de las figuras más influyentes de Hollywood, responsable de producciones emblemáticas que marcaron la historia del cine estadounidense."
2026-06-10,TVN,"El Princesa de Asturias honra a Julian Barnes, estrella de la narrativa moderna británica",entretenimiento,"Madrid, España/Considerado uno de los escritores más destacados de la narrativa británica de las últimas décadas, Julian Barnes fue galardonado este miércoles en España con el Premio Princesa de Asturias de las Letras.
Sus novelas y cuentos, cargados de humor e ironía, ofrecen ""una visión lúcida, cálida y compasiva del género humano (...) con el amor como principio esencial"", indicó el fallo del premio, convocado por la Fundación Princesa de Asturias, heredera al trono de la Corona española.
Barnes ""reelabora, con mirada europeísta, la historia de la literatura, el arte, la música e incluso la gastronomía, hasta alcanzar un estilo único"" que lo convierte en uno de los principales exponentes ""de una generación de autores británicos especialmente brillantes"", destacó el fallo, leído por Santiago Muñoz Machado, director de la Real Academia Española (RAE).
Nacido en la ciudad inglesa de Leicester en 1946, Barnes fue seleccionado entre 37 candidaturas de 24 nacionalidades que optaban al galardón este año.
""La valía de un premio siempre reside en la calidad de quienes lo han recibido anteriormente, y me siento sumamente honrado de unirme a este listado de tan distinguidas personas de todo el mundo"", dijo Barnes en una declaración divulgada por la fundación.
Los Premios Princesa de Asturias, instituidos en 1981 y considerados los más prestigiosos del mundo iberoamericano, están dotados con 50.000 euros (58.000 dólares) y una escultura creada por el fallecido artista catalán Joan Miró.
Tras licenciarse en la Universidad de Oxford, Barnes trabajó durante tres años como lexicógrafo para el Oxford English Dictionary.
A los 34 años publicó su primera novela, ""Metrolandia"", sobre dos amigos inseparables de 16 años que imaginan su vida futura, bien recibida por la crítica.
Con su tercera novela, ""El loro de Flaubert"", fue finalista en 1984 al más prestigioso de los premios literarios británicos, el Booker, que terminó ganando en 2011 con ""El sentido de un final"".
Barnes fue también autor de novelas policíacas, que publicaba bajo el nombre de Dan Kavanagh, seudónimo tomado de su esposa y agente literaria, Pat Kavanagh, que murió a causa de un tumor cerebral en 2008.
Tres días después de cumplir 80 años, en enero de 2026, el escritor, quien militó en asociaciones comprometidas con los derechos humanos, publicó lo que presentó como su último libro, ""Despedidas"".
Seis años antes, le habían diagnosticado un tipo inusual de cáncer de la sangre.
El de las Letras es el séptimo de los ocho galardones de esta edición de los premios, que anualmente, y a ritmo de uno por semana, otorga la Fundación Princesa de Asturias.
El año pasado, en esta categoría, el reconocimiento fue para el español Eduardo Mendoza, creador de innovadoras novelas que han llegado al gran público.
En otras ediciones también fueron premiados en esta modalidad el japonés Haruki Murakami, el cubano Leonardo Padura, los estadounidenses Siri Hustvedt y Paul Auster, el peruano Mario Vargas Llosa y el mexicano Juan Rulfo.
Este año ya se fallaron el Princesa de Asturias de las Artes, que recayó en la cantante estadounidense Patti Smith, y el de Comunicación y Humanidades, que distinguió al estudio de animación japonés Ghibli, cofundado por Hayao Miyazaki.
También se otorgaron el galardón de Investigación Científica, que condecoró a los químicos británicos David Klenerman y Shankar Balasubramanian y al biofísico francés Pascal Mayer, y el de Cooperación Internacional, para la bóveda global de semillas de Svalbard.
El de Ciencias Sociales premió al historiador y ensayista británico Timothy Garton Ash, mientras que el de Deportes, fallado la semana pasada, reconoció al genio del fútbol argentino Lionel Messi.
Los premios son entregados por la princesa Leonor, heredera al trono de la Corona española, y los reyes Felipe VI y Letizia en octubre en una ceremonia en Oviedo, capital de Asturias."
2026-06-10,TVN,El llanto de Peso Pluma antes de que se hiciera pública su separación de Kenia Os,entretenimiento,"Los artistas confirmaron la noticia mediante un comunicado compartido en sus respectivas historias de Instagram, donde informaron que decidieron concluir su noviazgo de manera amistosa y manteniendo el respeto que caracterizó su vínculo durante el tiempo que estuvieron juntos.
La noticia generó una inmediata reacción entre sus millones de seguidores, quienes durante los últimos meses habían seguido de cerca cada aparición pública, colaboración musical y muestra de afecto protagonizada por la pareja. La separación marca el cierre de una de las historias sentimentales más comentadas dentro de la industria musical latina reciente.
A post shared by De Primera Mano (@deprimeramanoitv)
A través del mensaje difundido en redes sociales, ambos artistas dejaron claro que la decisión fue tomada de común acuerdo y solicitaron respeto por su privacidad en esta nueva etapa personal. En el comunicado expresaron: “A través de este medio, queremos compartirles que hemos decidido concluir nuestra relación, la cual termina con amor, respeto y en los mejores términos”.
La declaración continuó con un agradecimiento dirigido a quienes acompañaron su historia como pareja durante el último año. “Siempre hemos priorizado nuestra privacidad e integridad como personas y agradecemos profundamente el cariño recibido a lo largo de este tiempo. Agradecemos que respeten nuestra decisión y privacidad durante este momento personal. Gracias, Kenia & Hassan”, señala el texto firmado por ambos.
Te puede interesar: Taylor Swift conquista el streaming mundial con su canción para Toy Story 5
Te puede interesar: Mick Jagger: la divertida crítica de su hijo sobre el look de su padre en Italia
Hasta el momento, ni Peso Pluma ni Kenia Os han ofrecido explicaciones adicionales sobre los motivos que llevaron al final de la relación. Sin embargo, la noticia ha provocado un intenso movimiento en redes sociales, donde miles de usuarios han compartido mensajes de apoyo y han recordado algunos de los momentos más destacados que protagonizaron juntos tanto dentro como fuera de los escenarios.
La historia entre ambos comenzó a captar la atención del público en 2024 gracias a una colaboración musical que terminó convirtiéndose en un punto clave de su cercanía. Los artistas trabajaron juntos en “Tommy & Pamela”, canción incluida en Éxodo, uno de los álbumes más exitosos de la carrera de Peso Pluma. El sencillo no solo fortaleció la conexión profesional entre ambos, sino que también despertó el interés de los fanáticos, quienes comenzaron a especular sobre una posible relación sentimental.
A post shared by Billboard AR (@billboardar)
El tema representó además una etapa importante en la evolución artística del intérprete de corridos tumbados. Con Éxodo, Peso Pluma amplió su propuesta musical y exploró sonidos más cercanos al reguetón y la música urbana, alejándose parcialmente de los géneros que lo llevaron a la fama internacional. Dentro de ese contexto, “Tommy & Pamela” logró una destacada recepción comercial y alcanzó posiciones relevantes en los principales listados musicales latinos.
Meses después, la relación dejó de ser un rumor y se convirtió en una realidad confirmada por los propios artistas. Desde entonces, la pareja se consolidó como una de las más seguidas del entretenimiento latino, acumulando millones de interacciones cada vez que compartían fotografías, videos o proyectos conjuntos.
Tras el anuncio de la ruptura, también volvió a circular en plataformas digitales un video grabado durante un concierto de Peso Pluma en Estados Unidos. En las imágenes se observa al cantante visiblemente emocionado mientras interpreta una de sus canciones. Aunque la grabación corresponde a semanas anteriores al comunicado, numerosos seguidores la relacionaron con el difícil momento personal que habría estado atravesando el artista antes de hacerse pública la separación.
Con la confirmación del rompimiento, concluye un capítulo significativo en la vida personal de dos exponentes que han marcado una nueva generación de la música mexicana. Mientras sus seguidores procesan la noticia, tanto Peso Pluma como Kenia Os continúan enfocados en sus respectivas carreras, que siguen posicionándolos entre los artistas más influyentes y escuchados de la escena musical latina.
A post shared by FMTU (@fmtumx)"
2026-06-10,TVN,"Fiscalía francesa pide imputar al popular cantante Patrick Bruel, acusado de abusos sexuales",entretenimiento,"París, Francia/Los fiscales franceses pidieron el miércoles imputar y encarcelar preventivamente al popular cantante y actor Patrick Bruel por nueve denuncias de abusos sexuales, incluidas violaciones y agresiones.
El cantante de 67 años, durante décadas uno de los más conocidos de Francia con millones de discos vendidos, niega todas las acusaciones.
Se trata de un nuevo caso de una celebridad francesa que se ve sumida en investigaciones de este tipo a raíz del movimiento #MeToo, después de que el año pasado la leyenda del cine Gérard Depardieu fuera condenado a 18 meses de prisión en suspenso por agredir sexualmente a dos mujeres en un rodaje.
Bruel, cuya imagen copó las portadas de la prensa en los años 1990, fue detenido el lunes en París, según la fiscalía de Nanterre, cerca de la capital, para ser interrogado.
""El fiscal de la República ha solicitado la apertura de una investigación judicial en su contra y su imputación por hechos de violaciones, intentos de violación, agresiones sexuales y acoso sexual relativos a nueve víctimas, cometidos entre 2010 y 2019"", indicó el ministerio público en un comunicado. También requirió enviarlo en ""prisión preventiva"".
La Fiscalía indicó haber incorporado al sumario denuncias por violación, tentativa de violación, agresión sexual y acoso sexual de otras 13 víctimas, ocurridas entre septiembre de 1992 y septiembre de 2008, pero que podrían haber prescrito.
Está previsto que tres jueces de instrucción decidan este miércoles si imputan al cantante.
Bruel siempre ha negado las acusaciones. En una publicación en Instagram el mes pasado aseguró que él ""jamás había forzado a una mujer"". Luego, bajo la presión de las revelaciones de nuevos casos, canceló la mayor parte de su próxima gira por Francia y el extranjero que debía empezar en junio.
Los abogados del artista, Céline Lasek, Fanny Colin y Christophe Ingrain, explicaron el lunes que ""desde hace varias semanas hizo saber que estaba a disposición de la justicia, para poder por fin declarar en el marco del procedimiento judicial ante la autoridad competente"".
Puedes leer: Felipe Peláez se vuelve viral tras ser confundido con Daddy Yankee: así reaccionó el cantante
Entre sus acusadoras figura Daniela Elstner, la actual directora de Unifrance, una institución que promueve el cine francés en el extranjero.
En marzo, acusó formalmente a Bruel de intento de violación durante un festival de cine en México, en 1997, cuando tenía 26 años y trabajaba como asistente en Unifrance.
""Es una auténtica primera victoria judicial para las víctimas"", declaró a AFP su abogada, Jade Dousselin, después de que los fiscales solicitaran la imputación de cargos.
""Cuando vi 9 de 13, me asusté un poco, pero mis dos clientas forman parte de la lista de víctimas. Vamos a poder trabajar con la justicia"", dijo por su parte la abogada Myriam Guedj-Benayoun, que representa a dos mujeres que acusan a Bruel de violencia sexual en Bruselas en 2010 y en la región francesa de Vaucluse en 2015.
Aunque dio sus primeros pasos en el cine, Bruel, nacido en Argelia en 1959, saltó a la fama como cantante en 1984 y desde entonces grabó una decena de álbumes de estudio.
El artista, uno de los rostros más conocidos de la música francesa, se casó a los 45 años con la escritora Amanda Sthers, pero su unión terminó tres años y dos hijos después.
Bruel, de sonrisa carismática, juega a veces con su lado seductor, incluso en los platós. ""Soy fácil de seducir, no soy fácil de retener"", dijo en una ocasión en una entrevista.
Además de su carrera musical y en el cine, el artista es un experto jugador de póker y en 1998 se impuso como campeón del mundo."
2026-06-10,TVN,Felipe Peláez se vuelve viral tras ser confundido con Daddy Yankee: así reaccionó el cantante,entretenimiento,"El reconocido intérprete de vallenato Felipe Peláez compartió con sus seguidores una divertida situación en la que varias admiradoras lo confundieron con Daddy Yankee, una equivocación que el artista decidió tomarse con humor y que terminó desatando miles de reacciones en internet.
La escena ocurrió mientras el cantante se encontraba en la terminal aérea y fue abordado por un grupo de mujeres que estaban convencidas de encontrarse frente a la leyenda puertorriqueña del reguetón. Lejos de corregir inmediatamente el error, Peláez optó por seguir la corriente a las seguidoras y convertir el momento en una divertida anécdota que posteriormente compartió en sus plataformas digitales.
En el video, grabado por el propio artista, se observa cómo varias admiradoras se acercan emocionadas para solicitar fotografías y saludarlo. Aprovechando la situación, el cantante colombiano comenzó a interpretar el papel del reguetonero puertorriqueño con un improvisado acento caribeño que provocó risas entre sus seguidores cuando la grabación fue publicada.
Durante la interacción, Peláez comentó frente a la cámara: “Pero bueno, mira lo que me está pasando aquí en Barranquilla, la gente me reconoció. ¿Están felices de estar aquí con Daddy Yankee?”. La respuesta de las admiradoras confirmó que la confusión seguía intacta, pues respondieron con entusiasmo que estaban felices de compartir ese momento con quien creían era el intérprete de éxitos mundiales como Gasolina, Rompe, Con calma y Dura.
La emoción de las fanáticas fue creciendo a medida que avanzaba la conversación. Una de ellas incluso expresó: “Mi mejor día”, mientras otra no ocultó su admiración y repetía constantemente: “Lo amo, lo amo” al acercarse al cantante para tomarse fotografías.
Lejos de poner fin a la broma, el artista continuó alimentando el momento con preguntas que mantuvieron viva la ilusión de las seguidoras. En otro fragmento del video preguntó: “¿Vas a Puerto Rico algún día?”, generando una respuesta inmediata por parte de una de las admiradoras, quien contestó: “De una. Ya, vamos ya”.
Tras la viralización del video, Felipe Peláez decidió explicar el contexto de la situación mediante un mensaje publicado en Instagram. Allí reveló que prefirió no desilusionar a las mujeres al notar el entusiasmo con el que se acercaron a saludarlo. En la publicación escribió: “Queridas seguidoras de Daddy Yankee: las vi tan emocionadas con nuestro encuentro que no tuve corazón para decirles que no era yo. Disculpas por la broma, abrazo grande a todas”.
El cantante también aprovechó para revelar que no es la primera vez que vive una experiencia similar. Según explicó, desde hace años algunas personas han encontrado cierto parecido físico entre ambos artistas, una percepción que, asegura, se ha incrementado recientemente. Al respecto señaló: “Desde siempre me han confundido ocasionalmente con Daddy, y ahora que he bajado de peso más. PD: A mis amigos de Puerto Rico, excusas por el mal acento, cambiar la ‘r’ por ‘l’ me hubiera ayudado tal vez, pero me tocó improvisar”.
Te puede interesar: Netflix revela las primeras imágenes de su nueva serie de Scooby-Doo y fija estreno para 2027
Te puede interesar: Sharon Stone defiende 'Euphoria' en las escuelas: 'Todos los padres deberían verla'
La publicación generó una avalancha de comentarios y reacciones entre los usuarios de redes sociales. Muchos destacaron el sentido del humor del cantante y celebraron la forma en que manejó la situación. Otros aprovecharon para bromear sobre el supuesto parecido con el ícono del reguetón, mientras algunos aseguraron que jamás cometerían esa confusión debido a la reconocida trayectoria de Peláez dentro del vallenato.
El episodio terminó convirtiéndose en una muestra más del carisma que ha caracterizado al artista a lo largo de su carrera. La anécdota también coincidió con una etapa de gran visibilidad para el cantante, quien recientemente regresó a la televisión colombiana como jurado de A otro nivel 2026, reforzando su presencia en la industria del entretenimiento y consolidando su lugar como una de las figuras más queridas de la música vallenata en Colombia.
Confundieron a Pipe Peláez con Daddy Yankee en el aeropuerto de Barranquilla. 😂😂😂😂😂😂😂 pic.twitter.com/PCvm36cmtm"
2026-06-09,TVN,Taylor Swift conquista el streaming mundial con su canción para Toy Story 5,entretenimiento,"El lanzamiento de “I Knew It, I Knew You”, la nueva canción de Taylor Swift para la banda sonora de Toy Story 5, se convirtió en uno de los mayores fenómenos musicales del año al registrar cifras históricas en las principales plataformas de streaming apenas horas después de su estreno.
La colaboración entre la superestrella estadounidense y la reconocida franquicia de Pixar había despertado una enorme expectativa durante semanas. Diversas pistas compartidas por la artista y por el estudio alimentaron las especulaciones sobre una posible participación de Swift en la nueva película animada, generand
o una intensa conversación entre seguidores de la cantante y fanáticos de la saga cinematográfica.
La confirmación oficial llegó el 1 de junio, cuando la intérprete anunció a través de sus redes sociales que formaría parte del proyecto. La noticia fue recibida con entusiasmo por millones de usuarios alrededor del mundo y aumentó considerablemente la expectativa en torno al estreno de la canción.
Los resultados no tardaron en reflejarse. Según informó Apple Music, el tema se convirtió en el “sencillo country más exitoso de 2026” dentro de la plataforma y además estableció un nuevo récord como el sencillo de banda sonora con mejor desempeño en reproducciones durante su primer día de disponibilidad. Aunque la compañía no reveló cifras concretas, destacó que el lanzamiento superó todas las marcas previas registradas en la categoría.
El impacto también se hizo sentir en Spotify. La plataforma señaló que la canción alcanzó una cifra sin precedentes para una artista femenina dentro del género country, consolidándose como la canción country más reproducida en un solo día por una cantante en la historia del servicio. A ello se sumó el reporte de Amazon Music, que confirmó el mayor debut global en las primeras 24 horas para cualquier lanzamiento musical estrenado durante 2026.
Más allá de los récords, el proyecto tiene un significado especial para Taylor Swift. La cantante explicó que su vínculo con Toy Story comenzó durante su infancia y que la posibilidad de colaborar con una de las franquicias animadas más exitosas del cine representó una oportunidad profundamente personal.
Te puede interesar: Bruce Willis: su esposa impulsa sitio web para familias afectadas por demencia
Te puede interesar: Karina Linnett brilla entre las finalistas de Premios Ícono Colombia 2026
Al anunciar oficialmente su participación, compartió un mensaje en el que reveló cómo nació la inspiración para la canción. “Me enamoré al instante de Toy Story 5cuando tuve la suerte de verla en sus primeras etapas, y escribí esta canción en cuanto llegué a casa después de la proyección. A veces, simplemente lo sabes, ¿verdad?”.
El sencillo fue acompañado por un videoclip exclusivo distribuido en determinadas plataformas digitales. La pieza audiovisual reúne imágenes de diferentes entregas de la saga y otorga especial protagonismo a Jessie, uno de los personajes más queridos por los seguidores de Toy Story y una figura central dentro de la nueva producción.
Días después del lanzamiento, Swift profundizó sobre el proceso creativo detrás del tema y la manera en que buscó integrarlo a la historia de los personajes. En una publicación compartida con sus seguidores, describió la experiencia como un viaje emocional que conectó su presente profesional con recuerdos de infancia.
“Escribir esta canción fue como un cambio musical y, a la vez, como volver a casa. Crear algo para Jessie fue un nuevo reto y, al mismo tiempo, me resultó de lo más natural. Y ser una niña fan de Toy Story desde los 5 años hasta ahora… es una aventura en la que pienso seguir inmersa, hasta el infinito y más allá”, expresó.
La artista también reconoció la participación de Andrew Stanton, una de las figuras clave en el desarrollo de la película, así como del legendario compositor Randy Newman, responsable de gran parte de la identidad musical que ha acompañado a la franquicia durante décadas.
Con récords de streaming, una recepción masiva por parte del público y una estrecha conexión con el universo de Pixar, Taylor Swift vuelve a demostrar su capacidad para convertir cada lanzamiento en un acontecimiento global. Mientras tanto, la expectativa continúa creciendo de cara al estreno de Toy Story 5, programado para llegar a los cines el próximo 19 de junio."
2026-06-09,TVN,"Mundial 2026 | El rostro de Messi, bajo la lupa: polémica estética en la previa del torneo más esperado por todos",deportes,"Panamá/A días de que el astro argentino, Lionel Messi dispute lo que podría ser su última Copa del Mundo, una polémica inesperada sacudió las redes y puso el foco no en su zurda mágica, sino en su rostro.
La doctora Celeste Nardanone encendió la mecha al asegurar que el capitán de la Selección Argentina se habría realizado más de seis retoques estéticos a lo largo de los últimos años, detallando uno por uno los procedimientos que, según su análisis profesional, podrían apreciarse en la cara del Diez.
Otras noticias: Mundial 2026 | La legión extranjera busca romper la ""maldición"" de 96 años
El video se viralizó en cuestión de horas y las opiniones no tardaron en dividirse. Pero quien salió al cruce con mayor velocidad y contundencia fue Antonela Roccuzzo, la esposa del crack. La modelo y empresaria rosarina no se quedó callada y desmintió públicamente las versiones, dejando en claro su postura frente a las especulaciones sobre la imagen de su marido.
La reacción de Antonela no hizo más que avivar el fuego. Miles de usuarios en redes sociales se sumaron al debate, opinando sobre los supuestos cambios físicos de Messi y respaldando —o cuestionando— la respuesta de su mujer. El tema escaló rápidamente hasta convertirse en tendencia mundial.
Una polémica que llegó en el momento menos esperado: cuando el mundo entero tiene los ojos puestos en Messi y en lo que podría ser su última danza mundialista. Dentro o fuera de la cancha, el mejor jugador de la historia nunca deja de dar de qué hablar.
Otras noticias: Mundial 2026 | ""Paz y solo fútbol"", el sueño que lucha contra polémicas migratorias y la sombra de Trump
La Albiceleste llega como campeona defensora con una zona accesible, pero con una misión que va mucho más allá del fútbol: despedir al más grande de todos los tiempos.
La Selección Argentina tiene definidos a sus rivales en la fase de grupos: integra el Grupo J junto a Argelia, Austria y Jordania. Un grupo que, sobre el papel, aparece como uno de los más favorables para la Scaloneta y que la posiciona como clara candidata a avanzar con comodidad a la fase eliminatoria.
La Albiceleste disputará tres encuentros en la fase de grupos con las siguientes fechas y estadios:
Un detalle que no pasa desapercibido: Messi cumplirá sus 39 años el 24 de junio, exactamente entre el segundo y el tercer partido de la fase de grupos. Fiel a la mística que lo acompaña, el festejo ocurrirá en plena competencia, una costumbre que ya es cábala para el plantel argentino.
El torneo tiene nombre propio. Adidas le diseñó a Messi unas botas exclusivas para este Mundial que reciben el nombre de ""El Último Tango"", inspiradas en las primeras que utilizó en su debut mundialista en Alemania 2006. Un símbolo que lo dice todo.
Con cinco participaciones previas y el récord de ser el futbolista con más partidos jugados en la historia de los Mundiales — 26 encuentros, superando los 25 del alemán Lothar Matthäus —, el astro rosarino encara su sexta Copa del Mundo con la posibilidad de ampliar aún más su legado.
En términos de títulos, Messi acumula 48 trofeos a lo largo de su carrera: 35 con el Barcelona, 3 con el Paris Saint-Germain, 6 con la Selección Argentina y 3 con el Inter Miami."
2026-06-09,TVN,Mick Jagger: la divertida crítica de su hijo sobre el look de su padre en Italia,entretenimiento,"Así quedó demostrado durante las recientes vacaciones de Mick Jagger en Italia, cuando uno de sus hijos reaccionó públicamente a las fotografías compartidas por el líder de The Rolling Stones y terminó protagonizando un momento que rápidamente llamó la atención de los seguidores del músico.
El episodio surgió después de que Jagger publicara en Instagram una serie de imágenes de su escapada por distintos paisajes italianos. Entre fotografías de montañas, carreteras y escenarios costeros, el cantante mostró algunos de los atuendos que eligió para recorrer la región. Sin embargo, hubo un accesorio que no convenció a todos, especialmente a su hijo Lucas Jagger, quien decidió expresar su opinión con una dosis de humor.
Lucas, de 27 años, fruto de la relación entre el artista británico y la modelo brasileña Luciana Gimenez Morad, comentó una de las publicaciones de su padre y se refirió directamente a una gorra negra estilo baker boy que aparecía en una de las imágenes. Su mensaje no tardó en captar la atención de los usuarios.
“La gorra de la diapositiva 8 tiene que desaparecer de tu armario”, escribió el joven en la sección de comentarios.
La fotografía que motivó la observación mostraba a Mick Jagger posando frente a un paisaje montañoso con un conjunto compuesto por pantalones oscuros, una chaqueta bomber de cuero, un suéter y la mencionada gorra. Aunque Lucas dejó clara su desaprobación del accesorio, numerosos seguidores del músico salieron en defensa del veterano artista.
Algunos usuarios señalaron que la reacción del joven reflejaba una situación común entre padres e hijos. Varios comentarios coincidieron en que las diferencias generacionales suelen trasladarse también al terreno de la moda, especialmente cuando se trata de figuras que han construido una identidad estética durante décadas.
Más allá de la anécdota familiar, las publicaciones permitieron a los seguidores conocer parte de la reciente estancia del cantante en Italia. Durante su viaje, el artista compartió imágenes y videos en distintos escenarios naturales, dejando ver algunos momentos de descanso lejos de los escenarios y las giras internacionales.
Te puede interesar: Madonna lanza contundente mensaje contra los celulares en conciertos: 'Conecten con el momento'
Te puede interesar: Kim Kardashian acapara miradas con su esperado debut en la Fórmula 1 junto a Lewis Hamilton
En una de las grabaciones difundidas en redes sociales, se observa al músico caminando hacia un helicóptero ubicado en una zona montañosa mientras pronuncia una breve frase en italiano. “Ecco tutti”, dijo el cantante, expresión que puede traducirse como “aquí están todos”.
Otro de los videos más comentados mostró a Jagger conduciendo por una calle particularmente estrecha, una maniobra que sorprendió a varios seguidores. Lucas tampoco dejó pasar la oportunidad de bromear sobre la actividad de su padre en redes sociales y comentó con ironía la frecuencia con la que estaba compartiendo contenido durante sus vacaciones.
“Mi padre publicando un montón de fotos”, escribió.
La familia de Mick Jagger ha sido durante años objeto de interés mediático debido a su tamaño y diversidad. El artista es padre de ocho hijos nacidos de cinco relaciones distintas. Su hija mayor, Karis, nació en 1970 fruto de su relación con la actriz Marsha Hunt. Posteriormente tuvo a Jade con su entonces esposa Bianca Jagger.
Más adelante llegaron Elizabeth, James, Georgia May y Gabriel, hijos de su relación con la modelo Jerry Hall. En 1999 nació Lucas, mientras que en 2016 el músico dio la bienvenida a su hijo menor, Deveraux, junto a su actual pareja, Melanie Hamrick.
La experiencia de crecer dentro de una de las familias más reconocidas del entretenimiento también ha sido abordada por algunos de sus hijos. Jade Jagger, por ejemplo, habló en una entrevista sobre cómo fue desarrollarse en un entorno marcado por la fama internacional de su padre.
“No fue una infancia convencional, pero para mí era lo normal porque era lo único que conocía”, afirmó. También recordó: “Pasé gran parte de mi tiempo viajando y, incluso ahora, sigo sintiéndolo en lo más profundo de mi ser. A veces me describo a mí misma como una especie de gitana”.
Sobre el impacto de esa experiencia en su identidad personal, añadió: “El hecho de haber estado en tantos sitios diferentes desde tan pequeña me permitió conocer de primera mano distintas culturas, y eso ha marcado profundamente mi identidad y mi forma de ver el mundo”. Finalmente, reflexionó sobre el legado familiar al señalar: “Curiosamente, la generación más joven ya no asocia realmente el apellido con la historia familiar o el legado; para ellos, se trata más bien de cosas como la canción Moves Like Jagger. De hecho, eso ha aliviado bastante la presión en comparación con lo que se sentía antes” y concluyó: “Cada uno afronta este tipo de legado de manera diferente, pero he descubierto que la autoaceptación es la clave para gestionarlo de forma saludable”."
2026-06-09,TVN,Netflix revela las primeras imágenes de su nueva serie de Scooby-Doo y fija estreno para 2027,entretenimiento,"Netflix confirmó el inicio de la producción de “Scooby-Doo: El origen”, una serie live-action que llevará por primera vez al célebre gran danés a la pantalla como un perro real. El proyecto ya comenzó su rodaje en Atlanta, Georgia, y tiene previsto su estreno global en 2027, marcando una nueva etapa para una de las propiedades más reconocidas de la cultura popular.
La plataforma apuesta por una reinterpretación contemporánea de los personajes creados hace más de medio siglo, explorando los primeros vínculos entre los integrantes de la pandilla que se convirtió en sinónimo de misterios, aventuras y amistad. La nueva producción busca conectar con una generación diferente de espectadores sin perder los elementos que han mantenido vigente a la franquicia durante décadas.
El elenco principal estará conformado por Mckenna Grace en el papel de Daphne Blake, Tanner Hagen como Shaggy Rogers, Abby Ryder Fortson interpretando a Velma Dinkley y Maxwell Jenkins como Fred Jones. A ellos se suma Paul Walter Hauser, quien también formará parte de esta esperada adaptación.
La trama se desarrollará durante el último verano de campamento de los protagonistas, mucho antes de que formaran el famoso grupo de investigadores. En esta versión, los jóvenes se verán involucrados en un inquietante caso sobrenatural relacionado con un cachorro gran danés perdido que podría haber sido testigo de un extraño crimen. A medida que avanzan las pesquisas, los personajes descubrirán secretos ocultos y situaciones que pondrán a prueba sus relaciones y su capacidad para trabajar en equipo.
Te puede interesar: Dua Lipa | Su boda genera polémica: compensaciones económicas y molestias entre vecinos de Palermo
Te puede interesar: Carlos Vives rompe el silencio sobre el polémico 'like' a Gerard Piqué y Clara Chía
Netflix adelantó que esta nueva historia ofrecerá una mirada renovada al origen de la pandilla, mostrando cómo surgieron los lazos de amistad que posteriormente los llevarían a resolver algunos de los misterios más recordados de la televisión. La serie estará dirigida creativamente por Josh Appelbaum y Scott Rosenberg, quienes asumirán funciones de showrunners, guionistas y productores ejecutivos bajo el sello de Midnight Radio.
La producción también contará con la participación de importantes nombres de la industria. Entre los productores ejecutivos figuran Greg Berlanti, Sarah Schechter y Leigh London Redman, además de André Nemec, Jeff Pinkner y Adrienne Erickson, quienes contribuirán al desarrollo de la ambiciosa adaptación.
Berlanti destacó recientemente la importancia que tiene la franquicia para varias generaciones de espectadores y recordó su cercanía con sus creadores originales, Bill Hanna y Joe Barbera. Al referirse a la nueva serie, aseguró que el equipo creativo trabajó para construir una propuesta capaz de conservar la esencia que convirtió a Scooby-Doo en un fenómeno global, al tiempo que introduce elementos narrativos actualizados para el público contemporáneo.
Desde su debut, la marca Scooby-Doo ha construido un legado extraordinario dentro del entretenimiento. A lo largo de más de cinco décadas ha dado origen a numerosas series animadas, películas para televisión, producciones cinematográficas y especiales que han consolidado su lugar entre las franquicias más exitosas de Warner Bros.
Uno de los actores más asociados al universo de Scooby-Doo es Matthew Lillard, recordado por interpretar a Shaggy en las películas live-action estrenadas en los años 2000. El actor expresó recientemente su entusiasmo por esta nueva adaptación y valoró la decisión de revitalizar la historia para nuevas audiencias.
“Estoy realmente feliz por ellos. Creo que la serie necesita volver”, afirmó. Posteriormente añadió: “Es la primera introducción a las historias de fantasmas para muchos niños, ¿verdad? Trata sobre la amistad y mantenerse unidos como grupo”. Sobre el futuro de la franquicia, también manifestó: “Espero que mantengan lo que ha funcionado y le den su propio giro. Pero la realidad es que soy bastante purista con esa franquicia. El núcleo es realmente la amistad”.
Mientras Netflix avanza con “Scooby-Doo: El origen”, la expansión de la franquicia continúa en otros formatos. Recientemente se anunció “Yokoso Scooby-Doo!”, el primer anime oficial inspirado en la pandilla. La producción será desarrollada por Warner Bros. Animation con apoyo de OLM Studios y seguirá a Scooby y Shaggy durante una aventura en Japón, ampliando aún más el alcance internacional de una marca que continúa reinventándose para nuevas generaciones."
2026-06-09,TVN,"Rosa Lorenzo, la estrella de 'Chance', regresa a las pantallas con el estreno de 'Rosa en los Barrios' por TVN Pass",entretenimiento,"Ciudad de Panamá, Panamá/Hay personajes que se quedan grabados en el corazón de un país, y sin duda, ""Toña"", la inolvidable empleada doméstica de la taquillera película panameña Chance (2010), es uno de ellos. Detrás de ese icónico papel está Rosa Lorenzo, una mujer cuya historia de vida real cautivó al público al pasar de trabajar en la Autoridad de Aseo a convertirse en una gran estrella del cine local.
Hoy, Rosa está de vuelta en las pantallas, pero esta vez de la mano de la reconocida casa productora Apertura Films con el gran estreno de Rosa en los Barrios, un contenido exclusivo que ya se encuentra disponible en la plataforma de streaming TVN Pass.
En esta nueva producción, Rosa Lorenzo deja atrás la ficción para meterse en el corazón de las comunidades más populares de Panamá. Caminando calle por calle y usando toda la jerga panameña que la caracteriza, la actriz conversa cara a cara con los residentes y aborda temas tan reales como el costo de la vida, el desempleo y el reto de salir adelante con un salario mínimo.
El primer destino nos lleva directo a las entrañas de Barraza, donde Rosa rompe el hielo con su inconfundible y ya famoso saludo: “En la lucha, que es mucha, ¡pero qué chu...!”.
A lo largo del recorrido, el público podrá ser testigo de la resiliencia del panameño de a pie y del empuje de las mujeres emprendedoras del barrio. Desde el icónico quiosco ""Deli Chas Barraza"", donde se preparan las famosas ""hamburguesas huérfanas"", chuletas a la plancha y fritangas, hasta las vivencias familiares de la cuadra, Rosa en los Barrios rescata la esencia pura, alegre y luchadora de nuestra identidad urbana.
Con un formato ágil, orgánico y cargado de mucho humor, el docu-reality promete convertirse en uno de los favoritos de la audiencia digital. Fiel a su estilo directo y sin filtros, Rosa Lorenzo demuestra que donde ella llega, se arma el ambiente. Como ella misma asegura: ""¡Su nombre es revulú y su apellido es problema!"".
No te pierdas ningún detalle de esta gran producción de Apertura Films. El episodio ya está disponible de manera exclusiva en TVN Pass. Puedes descargar la aplicación de forma gratuita en tu dispositivo móvil o ingresar a través de la web para disfrutar de este y más contenidos con sello 100% panameño."
2026-06-09,TVN,Sharon Stone defiende 'Euphoria' en las escuelas: 'Todos los padres deberían verla',entretenimiento,"Sharon Stone, que recientemente se sumó al elenco de la tercera y última temporada de la producción, aseguró que el programa retrata de forma honesta problemáticas que afectan a millones de adolescentes y jóvenes adultos.
Las declaraciones surgieron durante una conversación con la actriz y presentadora Keke Palmer para la serie “Actors on Actors”, producida por Variety. En ese espacio, Stone destacó el impacto emocional que tuvo la ficción desde su estreno y explicó por qué considera que puede servir como herramienta para abrir conversaciones familiares sobre temas complejos.
Euphoria, creada por Sam Levinson, se estrenó en 2019 y rápidamente se convirtió en una de las series más comentadas de HBO por su representación explícita de la sexualidad, el consumo de drogas, la violencia y la salud mental en la adolescencia. La historia sigue a un grupo de estudiantes de secundaria que atraviesan relaciones tóxicas, adicciones, crisis emocionales y conflictos familiares.
Con la llegada de su tercera temporada, la trama da un salto temporal y muestra a los personajes en su transición hacia la adultez temprana, explorando las consecuencias de las decisiones tomadas durante su juventud. Para Stone, esa evolución narrativa es precisamente una de las grandes fortalezas de la serie.
“Creo que es el mejor programa de televisión. Hemos conocido a estos chicos. Los hemos visto convertirse en jóvenes adultos. Los hemos visto convertirse en traficantes de drogas. Y yo mismo lo he vivido en mi familia”
Durante la entrevista, la actriz de 68 años compartió un episodio personal relacionado con su hermano Michael Stone, quien estuvo involucrado en actividades vinculadas al tráfico de drogas y fue encarcelado en la prisión de máxima seguridad de Attica, en Nueva York. Ese antecedente familiar, explicó, le permitió conectar de manera directa con varias de las situaciones retratadas en la serie.
Stone también recordó la reacción que tuvo al ver el primer episodio de Euphoria, confesando que terminó llorando por la crudeza con la que se exponen problemáticas que muchas familias prefieren ignorar.
“Euphoria es muy actual. Creo que debería proyectarse en todos los institutos, y pienso que todos los padres deberían verla. Como madre, me encanta”
Keke Palmer coincidió con la actriz y señaló que la serie puede funcionar como un punto de partida para conversaciones necesarias sobre adicciones, salud mental y relaciones familiares. Según Palmer, parte de las críticas hacia la producción se enfocan únicamente en las escenas sexuales y dejan de lado el trasfondo emocional y social que plantea la historia.
“Bueno, lo que me encanta es que te da la oportunidad de conversar. Creo que a veces la gente se queda en la superficie diciendo: ‘No, hay demasiado sexo. Hay demasiado sexo, hay demasiado sexo’. Ese es el punto”
La postura de Sharon Stone ha generado nuevas discusiones sobre el papel de las series juveniles en el ámbito educativo y familiar. La actriz sostuvo que muchos padres creen conocer completamente la realidad de sus hijos, pero desconocen lo que ocurre en los círculos sociales que los rodean diariamente.
Te puede interesar: Kim Kardashian acapara miradas con su esperado debut en la Fórmula 1 junto a Lewis Hamilton
Te puede interesar: Madonna lanza contundente mensaje contra los celulares en conciertos: 'Conecten con el momento'
Sin embargo, su propuesta contrasta con las advertencias expresadas en varias ocasiones por el propio Sam Levinson y por miembros del elenco, incluida Zendaya, protagonista de la serie en el papel de Rue Bennett. Tanto el creador como la actriz han insistido en que Euphoria está pensada para una audiencia adulta debido a la naturaleza explícita de sus contenidos.
Cuando se estrenó la primera temporada, Levinson explicó en una entrevista con IndieWire que esperaba que la serie ayudara a generar diálogos entre padres e hijos, aunque aclaró que no consideraba que estuviera dirigida a menores de 17 años.
El debate sobre Euphoria y su impacto cultural sigue vigente. Mientras algunos la consideran una representación necesaria de los problemas contemporáneos de la juventud, otros cuestionan el nivel de explicitud de sus escenas. Las declaraciones de Sharon Stone reavivan esa discusión en un momento clave para la serie, que se prepara para cerrar definitivamente su historia con una tercera temporada altamente esperada por el público."
2026-06-09,TVN,Taylor Lautner anuncia el sexo de su bebé con la emotiva reacción junto a su esposa,entretenimiento,"La pareja compartió en redes sociales el momento exacto en que descubrieron el sexo de su bebé, confirmando que próximamente darán la bienvenida a una niña.
El anuncio fue realizado mediante un video publicado en Instagram el pasado 7 de junio, donde ambos mostraron la dinámica que utilizaron para conocer el resultado. La grabación, que acumuló miles de reacciones en pocas horas, permitió a los seguidores presenciar una escena cargada de emoción y expectativa.
A través de una publicación conjunta, los futuros padres acompañaron el video con un mensaje dirigido a quienes han seguido esta nueva etapa de sus vidas. “Nuestro pequeño secreto ahora es suyo”, escribieron, dejando atrás la privacidad con la que habían manejado la información hasta ese momento.
En las imágenes se observa a la pareja sentada frente a una computadora mientras accede a una plataforma digital diseñada para revelar el sexo del bebé. Con los ojos cubiertos, ambos siguen una serie de instrucciones antes de llegar al resultado final. Sin embargo, el sistema solicita varias confirmaciones adicionales, prolongando la tensión del momento.
Durante la grabación, el actor conocido mundialmente por interpretar a Jacob Black en la saga Crepúsculo comentó con humor la cantidad de pasos requeridos antes de acceder a la información definitiva. “¡Madre mía, cuántos pasos! Nos lo ha preguntado tres veces. Están tomando muchísimas precauciones”, expresó mientras avanzaban en el proceso.
Finalmente, después de completar todas las verificaciones, la plataforma mostró en pantalla la palabra “girl” en color rosa. La reacción fue inmediata. Taylor levantó los brazos en señal de celebración, mientras Tay llevó las manos a su rostro visiblemente emocionada. Segundos después, ambos se abrazaron para compartir la alegría del momento.
Antes de fundirse en ese abrazo, el actor pronunció una frase breve que reflejó la emoción de la experiencia: “Lo logramos”.
La felicidad del intérprete no terminó con la publicación principal. Más tarde, Taylor Lautner compartió el video en sus historias de Instagram y aprovechó la ocasión para explicar por qué la noticia tenía un significado especial para él. En un mensaje extenso, reveló que durante años había imaginado convertirse en padre de una niña.
Te puede interesar: Nick Jonas revela el dramático vuelo que compartió con Glen Powell
Te puede interesar: Christian Nodal enfrenta disputa por la marca 'El Forajido': grupo musical busca frenar su registro
“Mi sueño siempre ha sido ser padre de una niña. Todas mis cachorras han sido hembras. Algunas de mis mejores amigas en todo el mundo son hembras. Mi única hermana es mi hermanita. Tengo una madre increíble. Tay es mi persona favorita en el mundo y, casualmente, es hembra”, escribió.
El actor también destacó que, más allá de cualquier expectativa, su principal deseo siempre fue que el bebé gozara de buena salud. Sin embargo, reconoció que la confirmación del sexo representó el cumplimiento de un anhelo muy personal.
“Lo único que quería era un bebé sano, pero en el fondo este momento es con lo que soñaba. Sentí un gran alivio al saber que mi sueño se había hecho realidad, algo que nunca había experimentado. Tay es la persona más fuerte que conozco y mi heroína. ¡Estoy deseando darle la bienvenida a nuestra niña! ¡Vamos, niña!”, añadió.
Mientras tanto, Tay Lautner ha compartido algunos detalles de su experiencia durante el embarazo. En mayo, durante un episodio de su podcast The Squeeze, habló sobre los cambios físicos y emocionales que ha enfrentado durante el segundo trimestre.
En esa conversación abordó las comparaciones corporales que pueden surgir durante la gestación y admitió que ha atravesado momentos de inseguridad. “Nunca he tenido problemas con las comparaciones, pero últimamente me he encontrado comparando mi cuerpo de embarazada con el de otras mujeres embarazadas, especialmente con las que están a pocas semanas de dar a luz y siguen delgadas y en forma”, confesó.
La historia de la pareja comenzó públicamente en 2018 y culminó con su matrimonio en noviembre de 2022. En marzo de este año anunciaron que estaban esperando su primer hijo, una noticia que generó gran entusiasmo entre sus seguidores. Ahora, con la confirmación de que tendrán una niña, los Lautner continúan compartiendo una de las etapas más significativas de su vida familiar.
Una publicación compartida por Tay Lautner (@taylautner)"
2026-06-09,TVN,Ariana Grande y Ethan Slater ponen fin a su historia de amor tras tres años,entretenimiento,"Diversos medios de entretenimiento en Estados Unidos informaron que los actores Ariana Grande y Ethan Slater decidieron separarse de manera amistosa.
Ambos cerraron un capítulo que comenzó durante el rodaje de Wicked y que estuvo rodeado de una intensa atención mediática desde sus primeros días.
Aunque la noticia se conoció recientemente, fuentes cercanas a ambos artistas señalaron que la ruptura ocurrió hace varios meses. De acuerdo con personas allegadas a la expareja, la decisión fue tomada tras un proceso de reflexión y con la intención de preservar el respeto mutuo que construyeron durante su tiempo juntos.
“Es amistoso”, indicaron fuentes consultadas por la revista People. Además, añadieron: “Le han dado mucho tiempo y cuidadosas consideraciones, y han decidido seguir caminos separados”. Las mismas personas aseguraron que la separación no ha afectado la buena relación entre ambos y explicaron que “Todavía son amigos y se apoyan mucho el uno al otro”.
La historia sentimental entre la cantante y el actor comenzó en 2023 mientras participaban en la filmación de la adaptación cinematográfica del exitoso musical Wicked. En aquel momento, tanto Grande como Slater estaban casados con otras personas, una circunstancia que convirtió su romance en uno de los temas más comentados dentro de la industria del entretenimiento.
La intérprete de éxitos como “Thank U, Next” y “7 Rings” había contraído matrimonio con el agente inmobiliario Dalton Gomez en mayo de 2021, en una ceremonia privada celebrada con un reducido grupo de invitados. Sin embargo, en julio de 2023 se confirmó públicamente la separación de la pareja, aunque reportes posteriores indicaron que la relación había terminado meses antes.
Poco después surgieron los rumores que vinculaban sentimentalmente a Ariana Grande con Ethan Slater, quien también atravesaba cambios importantes en su vida personal. El actor, reconocido por su trabajo en Broadway y especialmente por interpretar a Bob Esponja en el musical basado en el popular personaje animado, inició entonces su proceso de divorcio de Lilly Jay, madre de su hijo.
Te puede interesar: Dua Lipa | Su boda genera polémica: compensaciones económicas y molestias entre vecinos de Palermo
Te puede interesar: Carlos Vives rompe el silencio sobre el polémico 'like' a Gerard Piqué y Clara Chía
La relación no tardó en generar titulares. La exposición mediática aumentó cuando Lilly Jay se refirió públicamente al impacto que tuvo la situación en su familia. En declaraciones difundidas por diversos medios, describió a ella y a sus seres queridos como un “daño colateral” de la relación entre los actores. Además, afirmó: “[Ariana] es realmente el problema. No es buena amiga de sus amigas”.
Con el paso de los meses, la pareja optó por mantener un perfil mucho más reservado. Aunque rara vez compartieron fotografías juntos en redes sociales, sí fueron vistos en estrenos, ceremonias de premios, eventos promocionales y encuentros relacionados con Wicked, producción que terminó convirtiéndose en uno de los mayores éxitos cinematográficos recientes.
El proyecto fortaleció la presencia de ambos en Hollywood. Ariana Grande recibió elogios por su interpretación de Glinda, mientras que Ethan Slater dio vida a Boq. Durante la promoción de la segunda película, estrenada en noviembre de 2025, el actor expresó públicamente su admiración por el trabajo de la cantante y actriz, calificando su desempeño como “como de otro mundo”.
Pese al final de la relación, ambos continúan enfocados en sus respectivas carreras. Ariana Grande atraviesa una etapa especialmente activa en el ámbito profesional. Recientemente inició el Eternal Sunshine Tour, su primera gira en varios años, con más de cuarenta presentaciones programadas en Estados Unidos y Europa.
La artista también se prepara para lanzar Petal, un nuevo álbum previsto para finales de julio, cuyo primer sencillo ya logró una destacada recepción entre sus seguidores. Además, tiene previsto debutar en 2027 en el prestigioso Teatro Barbican de Londres con una producción de Sunday in the Park with George, donde compartirá escenario con Jonathan Bailey.
Por su parte, Ethan Slater continúa ampliando su carrera como actor de cine y teatro. Entre sus próximos proyectos destaca la película de terror The Designer, una producción que se encuentra próxima a su estreno y que representa una nueva etapa profesional tras el cierre de una de las relaciones más comentadas de Hollywood en los últimos años."
2026-06-09,TVN,Hyperskids de Uganda rinden homenaje a Panamá rumbo al Mundial 2026,entretenimiento,"El grupo Hyperskids de Uganda, conocidos por su contenido de baile, fútbol y su meta de construir la casa de sus sueños a través de donaciones, sorprendió a los panameños tras publicar un emotivo video en su cuenta de Instagram @hyperskidsafrica.
En la pieza audiovisual, los jóvenes realizan un homenaje a la selección de Panamá de cara al Mundial 2026. Mientras uno de los integrantes ondea la bandera panameña, otros bailan al ritmo de su característico estilo y mencionan a varios de los jugadores que representarían al país en la cita mundialista que se celebrará en Canadá.
“Panamá vamos a divertirnos… Si eres de Panamá, comenta tu bandera”, destacaron en la publicación, que rápidamente generó múltiples reacciones entre usuarios panameños, quienes celebraron el gesto.
Este tipo de contenidos se ha vuelto cada vez más común entre grupos juveniles en África, que han encontrado en el fútbol mundial una forma de conexión cultural y expresión artística. Incluso otros colectivos como los Ghetto Kids han ganado notoriedad internacional, participando en proyectos vinculados a figuras globales como Shakira en el marco de este encuentro.
Puedes leer: De las calles de Uganda al escenario mundial: la historia de los Ghetto Kids que conquistaron internet y compartirán show con Shakira
El componente de entretenimiento también será clave en la edición 2026, con espectáculos de apertura, presentaciones musicales y una fuerte integración de la cultura pop. Tal como ocurre en otros grandes eventos internacionales, el fútbol se mezcla con el baile, la música urbana y las expresiones digitales, consolidando un formato más cercano a las nuevas generaciones.
En este escenario, el Mundial se convierte en una vitrina mundial donde el talento, la creatividad y la identidad cultural de los países también tienen protagonismo. Desde África hasta América Latina, los contenidos inspirados en el torneo muestran cómo el fútbol sigue siendo una de las fuerzas más poderosas de conexión y entretenimiento global.
Una publicación compartida por hypers born talented (@hyperskidsafrica)"
2026-06-09,TVN,Hulk Hogan | Investigación sobre su muerte llega a su fin: estas fueron las causas,entretenimiento,"El extenso informe elaborado por el Departamento de Policía de Clearwater concluyó que el deceso del exluchador fue consecuencia de causas naturales y descartó por completo cualquier indicio de actividad criminal.
El documento, compuesto por 72 páginas, recoge los testimonios de los testigos presentes en la vivienda, los registros médicos disponibles, las grabaciones de las cámaras de seguridad y las observaciones realizadas por los agentes que acudieron a la emergencia el 24 de julio de 2025. Tras revisar todo el material, los investigadores determinaron que no existe evidencia que sugiera una causa distinta a una condición médica natural.
Terry Gene Bollea, nombre real de la leyenda del wrestling, murió a los 71 años después de sufrir un infarto en su residencia ubicada en Clearwater, Florida. Según el reporte oficial, la llamada de emergencia fue recibida aproximadamente a las 10:21 de la mañana. Cuando los agentes llegaron al lugar, los equipos de bomberos y paramédicos ya intentaban reanimar al exdeportista.
El informe señala que Hogan fue encontrado en el suelo de la sala principal de la vivienda mientras los servicios de emergencia realizaban maniobras de resucitación cardiopulmonar. Posteriormente fue trasladado al hospital Morton Plant, donde los médicos certificaron su fallecimiento a las 11:17 de la mañana.
Te puede interesar: Bruce Willis: su esposa impulsa sitio web para familias afectadas por demencia
Te puede interesar: Carlos Vives rompe el silencio sobre el polémico 'like' a Gerard Piqué y Clara Chía
Uno de los agentes describió las condiciones observadas al ingresar a la residencia. “El señor Bollea estaba pálido y no observé ningún signo de vida. La vivienda parecía muy cuidada, limpia y ordenada”, señala el documento oficial. En el lugar también se encontraban la auxiliar de atención domiciliaria Dana Swinton y el terapeuta ocupacional Justin McCamey, quienes habían acompañado al exluchador durante sus últimas horas.
De acuerdo con los testimonios recogidos por la policía, ambos profesionales presenciaron el momento en que Hogan dejó de responder. McCamey explicó a los investigadores que el deterioro físico del exluchador era evidente desde hacía tiempo. “Bueno... estamos intentando no decir mucho delante de ella [se refiere a la esposa], pero él está en muy mal estado. Sabíamos que esto iba a pasar (...). El pecho no se movía. No conseguíamos despertarlo”, declaró.
Al ser consultado sobre si alguien presenció un paro cardíaco, el terapeuta respondió: “No, simplemente... dejó de respirar”.
Por su parte, Dana Swinton relató que había llegado al domicilio alrededor de las siete de la mañana y que, aunque el estado de Hogan era delicado, todavía podía comunicarse. “No estaba tan animado como el sábado y el domingo cuando lo tuve yo, pero esta mañana todavía hablaba, un poco bajo, un poco entre dientes”, explicó. También recordó: “Le senté en la silla [en un momento entre las 8.30 y las 8.45], se comió un poco de yogur, estaba bien. Llegó así, dormido, pero respiraba. Él [McCamey] fue al baño, y cuando salió del baño intentó tomarle el pulso”.
La auxiliar añadió que “Para cuando vino a tomarle las constantes vitales no tenía pulso”, situación que desencadenó las maniobras de emergencia mientras llegaban los servicios médicos.
El informe también profundiza en el complejo historial de salud del doce veces campeón mundial. Durante décadas, Hogan se sometió a numerosas intervenciones quirúrgicas derivadas de los efectos físicos acumulados por años de competencia profesional. Entre los procedimientos más recientes figuraba una cirugía cervical que, según los registros médicos, provocó una lesión en el nervio frénico.
Años antes, el propio Hogan había hablado públicamente sobre el desgaste que sufrió su cuerpo. “Tengo el coxis doblado de caerme de culo 400 veces al año, dos veces los sábados, dos veces los domingos. Mi espalda tiene todo tipo de problemas. Estoy lisiado. Se me duermen las piernas, se me duermen las manos, se me duermen los antebrazos. También el cuello. Tengo artritis y escoliosis. Mido un metro y noventa y cinco, cuando solía medir dos metros y cinco centímetros”, declaró.
La autopsia privada realizada semanas después del fallecimiento reforzó las conclusiones de los investigadores. El documento determinó que Hogan murió “exclusivamente a causa de una enfermedad natural concluyente, sin contribuciones traumáticas o toxicológicas terminales razonables. Por lo tanto, la forma de muerte también es natural”.
Tras examinar todos los elementos disponibles, la policía concluyó: “Durante el transcurso de la investigación, no se ha encontrado evidencia que indique ningún delito relacionado con su muerte. Este caso se dará por cerrado y se considerará resuelto, sin que exista ningún delito”. Con ello, queda oficialmente cerrada la investigación sobre la muerte de una de las figuras más emblemáticas de la lucha libre mundial."
2026-06-09,TVN,El papa León XIV se reunió brevemente con Bad Bunny en Madrid,entretenimiento,"Barcelona, España/León XIV mantuvo un breve encuentro con el cantante puertorriqueño Bad Bunny el lunes en Madrid tras un evento multitudinario que tuvo el papa en el estadio Santiago Bernabéu, indicó este martes el Vaticano.
Bad Bunny ""estaba con su familia y otras personas"" y León XIV ""los saludó brevemente antes de salir del estadio"", indicó el portavoz del Vaticano, Matteo Bruni, a periodistas en Barcelona, donde se encuentra el papa en el marco de su visita a España.
La posibilidad de que un encuentro entre el papa, que estuvo desde el sábado hasta este martes en Madrid, y la estrella puertorriqueña, que actúa estos días en la capital española, había sido un tema debatido en los medios españoles.
De hecho, el papa hizo referencia a los conciertos del cantante en el vuelo que lo trajo a Madrid, al ser preguntado sobre reportes que hablan de un mayor interés de los jóvenes por la religión.
""Si se enfrentan a la pregunta de si quieren ver a Bad Bunny o si quieren ver al papa, creo que muchos irán a ver a Bad Bunny. Pero también creo que habrá algunos que vengan a ver al papa. Y eso dice algo"", dijo el papa, de 70 años, en ese momento.
El papa, nacido en Estados Unidos, y Bad Bunny tienen en común el haber sido blanco de las críticas del presidente norteamericano Donald Trump.
Puedes leer: Belinda se une al universo de Toy Story: dará voz a la villana de la quinta película"
2026-06-09,TVN,Dua Lipa y Britney Spears en conmoción por el asesinato de su colaborador Talay Riley,entretenimiento,"La industria musical internacional se encuentra de luto tras la muerte de Talay Riley, reconocido compositor y productor británico que participó en éxitos de artistas de talla mundial como Dua Lipa y Britney Spears.
De acuerdo con información divulgada por la Policía Metropolitana de Londres, Riley, cuyo nombre real era Mark Orabiyi, fue encontrado gravemente herido durante la madrugada del 5 de junio en una vivienda ubicada en la zona de Silvertown, al este de la capital británica. Los servicios de emergencia acudieron al lugar tras recibir una alerta relacionada con un apuñalamiento.
Al llegar a la residencia, los agentes localizaron al compositor en el jardín de la propiedad con varias lesiones causadas por arma blanca. Aunque fue trasladado de inmediato a un centro médico para recibir atención especializada, los médicos confirmaron posteriormente su fallecimiento.
La investigación por el caso avanzó rápidamente y las autoridades informaron sobre la captura de tres sospechosos, quienes fueron arrestados en las inmediaciones de la escena del crimen. Entre los detenidos figuran dos hombres de 27 y 24 años, además de una mujer de 25 años. Todos permanecen bajo investigación por el delito de homicidio, mientras los investigadores continúan recopilando pruebas para esclarecer las circunstancias que rodearon la muerte del artista.
Te puede interesar: Christian Nodal enfrenta disputa por la marca 'El Forajido': grupo musical busca frenar su registro
Te puede interesar: Nick Jonas revela el dramático vuelo que compartió con Glen Powell
Durante el mismo incidente también resultó herido otro hombre, de aproximadamente 20 años. Según el reporte policial, la víctima sufrió heridas ocasionadas por arma blanca, aunque su estado de salud no representa un riesgo para su vida.
La trayectoria de Talay Riley estuvo marcada por importantes contribuciones a la música pop contemporánea. Uno de sus trabajos más destacados fue su participación en la composición de Last Dance, canción creada junto a Dua Lipa y Stephen “Koz” Kozmeniuk, incluida en el álbum debut homónimo de la cantante británica publicado en 2016. Ese mismo año también participó en la creación de Clumsy, tema que forma parte de Glory, uno de los discos más conocidos de Britney Spears.
La noticia de su fallecimiento provocó numerosas reacciones entre familiares, amigos y seguidores, quienes han recordado no solo su talento artístico, sino también su calidad humana. En un comunicado difundido tras conocerse la tragedia, sus seres queridos expresaron el profundo dolor que atraviesan.
""Mark era un hijo, hermano, tío y amigo muy querido. Trajo amor, luz y alegría a nuestra familia y a todos los que lo conocieron"".
La familia también destacó el impacto que tuvo en quienes compartieron con él a lo largo de su vida y carrera profesional.
""Siempre recordaremos con cariño su bondad, su hermoso espíritu y su extraordinario talento. Su presencia tocó muchas vidas y su recuerdo permanecerá para siempre en nuestros corazones. Que su alma descanse en paz"".
Uno de los homenajes más emotivos llegó de parte de su hermano, Michael Orabiyi, quien compartió un mensaje en redes sociales para despedirse del compositor. En la publicación expresó el impacto que le produjo la inesperada pérdida.
""¡Tengo el corazón destrozado! Esto no parece real. Parece una pesadilla"".
Además, recordó la última conversación que mantuvieron antes de la tragedia.
""Justo antes de que se durmiera, hablamos del futuro, de mantenernos positivos y de todo lo que aún nos quedaba por hacer. Jamás imaginé que sería nuestra última conversación"".
Michael también resaltó la huella que dejó Talay Riley en quienes lo rodeaban y la forma en que utilizó su talento para conectar con miles de personas.
""amaba profundamente, daba generosamente y tocó la vida de muchísimas personas con su talento, bondad y espíritu"", afirmó, antes de asegurar que el legado musical de su hermano continuará vigente. Finalmente, concluyó su mensaje con una despedida cargada de emoción: ""A pesar de todo lo que lograste, esto fue demasiado pronto. Te quiero, hermano. Gracias por todo"".
A British songwriter by the name of Talay Riley—who worked with Zendaya, Dua Lipa, Khalid and more over the years—was killed in a stabbing incident on June 5 at the age of 35, police confirmed. https://t.co/Vli5LNPsm6 pic.twitter.com/3iXKtjlphX"
2026-06-09,TVN,Belinda se une al universo de Toy Story: dará voz a la villana de la quinta película,entretenimiento,"La cantante y actriz mexicana Belinda sorprendió a sus seguidores al anunciar que formará parte del elenco de doblaje de Toy Story 5, una de las producciones animadas más esperadas de los próximos años.
A través de sus redes sociales, la artista reveló que será la encargada de prestar su voz en español al personaje de Lilypad, quien será una de las villanas de la nueva entrega de la exitosa franquicia de Pixar. La publicación estuvo acompañada de fotografías tomadas en los estudios de Pixar, donde aparece junto a los emblemáticos personajes de la saga y con los actores Tom Hanks y Tim Allen.
""Tenía unas ganas enormes de contarles esta sorpresa. Voy a hacer la voz de Lilypad en Toy Story 5. Siempre he sentido una conexión muy especial con el doblaje y poder hacerlo junto a personas tan talentosas es un sueño hecho realidad. Además, es de mis pelis favoritas"", escribió la intérprete mexicana.
Belinda, una de las figuras más populares del entretenimiento latinoamericano, cuenta con una trayectoria de más de dos décadas en la música y la actuación. Además de éxitos como Ángel, Bella Traición y Luz sin gravedad, también ha participado en producciones televisivas y proyectos de doblaje, faceta que ahora vuelve a explorar de la mano de Pixar.
Puedes leer: Bad Bunny llega a Toy Story 5: Pixar apuesta por la estrella latina para conquistar
La nueva película marcará el regreso de los queridos personajes Woody y Buzz Lightyear, interpretados nuevamente en inglés por Tom Hanks y Tim Allen. Según lo adelantado por Pixar, la historia abordará cómo los juguetes enfrentan la creciente influencia de la tecnología y los dispositivos electrónicos en la vida de los niños.
Además de Hanks y Allen, ya se confirmó la participación de Joan Cusack como Jessie, mientras que el actor Ernie Hudson asumirá la voz de Combat Carl, personaje que anteriormente interpretaba el fallecido Carl Weathers. También se espera la incorporación de nuevos personajes que ampliarán el universo de la franquicia.
Entre las sorpresas confirmadas para Toy Story 5 también destaca la participación de Bad Bunny, quien debutará en el universo de Pixar prestando su voz al personaje Pizza con Gafas de Sol, un juguete que forma parte de una peculiar comunidad de objetos olvidados. La incorporación del intérprete de éxitos como Tití Me Preguntó, Monaco y DtMF ha generado gran expectativa entre sus seguidores, al tratarse de uno de los artistas latinos más influyentes y exitosos de la actualidad.
Te puede interesar: Bizarrap da el salto a Disney y Pixar: será uno de los nuevos personajes de Toy Story 5
Desde su estreno en 1995, Toy Story revolucionó la animación al convertirse en el primer largometraje realizado completamente por computadora. La saga ha recaudado miles de millones de dólares en taquilla y se mantiene como una de las más exitosas y queridas de la historia del cine.
Con su incorporación a Toy Story 5, Belinda suma un nuevo reto internacional a su carrera y se convierte en una de las voces latinas que formarán parte de una producción que promete despertar la nostalgia de varias generaciones de espectadores.
Una publicación compartida por Beli (@belindapop)"
2026-06-08,TVN,Spielberg vuelve a los extraterrestres en 'El día de la revelación',entretenimiento,"París, Francia/Casi medio siglo después de ""Encuentros cercanos del tercer tipo"", Steven Spielberg propone con ""El día de la revelación"" una nueva historia sobre el acercamiento entre humanos y extraterrestres, un tema que siempre fascinó al cineasta estadounidense.
""El día de la revelación"", que se estrena esta semana en gran parte de América Latina y España, es la cuarta película de su larga filmografía que Spielberg escribe y dirige en solitario.
En 2022, hubo ""Los Fabelmans"", un largometraje autobiográfico sobre su infancia, y dos décadas antes, ""A.I. Inteligencia Artificial"" (2001). Y en 1977 ""Encuentros cercanos del tercer tipo"", que ya reflejaba su obsesión por un posible contacto entre los seres humanos y una especie venida del más allá.
""El día de la revelación"" cuenta la historia de un experto en ciberseguridad (Josh O'Connor) que intenta revelar al mundo un secreto de Estado: la existencia de extraterrestres.
Una meteoróloga (Emily Blunt), víctima de fenómenos inexplicables, se verá involucrada en este descubrimiento que sacude al mundo entero.
""Es evidente que Spielberg alberga la esperanza de que, más allá de nosotros mismos y de la Tierra, existan otras posibilidades"", explica a AFP el director francés Laurent Bouzereau, cercano al cineasta y autor de numerosos making of sobre su obra.
Spielberg, de 79 años y tres veces ganador del premio Óscar, quedó marcado en su infancia por una lluvia de meteoros que observó con su padre una noche de verano.
El cineasta tuvo la idea de ""El día de la revelación"" tras leer un artículo en The New York Times en 2017, que revelaba la existencia de un programa secreto del Pentágono para investigar los ovnis.
Puedes leer: Nick Jonas revela el dramático vuelo que compartió con Glen Powell
Las expectativas en torno a esta película son inmensas porque ""es el cineasta que más contribuyó a construir un imaginario colectivo sobre los alienígenas"", dice el periodista francés Nicolas Schaller, autor de un libro sobre el director de ""E. T. el extraterrestre"".
Spielberg ""revolucionó el género de la ciencia ficción"", añade el director Clément Safra, autor de un diccionario sobre la obra del cineasta.
""Es el primero que imaginó que los extraterrestres podían venir en son de paz"" con ""Encuentros cercanos del tercer tipo"", agrega. En esta película, la humanidad se enfrenta a fenómenos paranormales antes de lograr entablar contacto con estos visitantes gracias a la música.
""En materia de películas de extraterrestres, Spielberg realizó dos clásicos ('Encuentros...' y 'E.T.') y un gran éxito ('La guerra de los mundos', con Tom Cruise, estrenada en 2005)"", detalla el escritor Ian Nathan, autor de varios libros sobre cine.
Las dos primeras muestran a gente corriente confrontada con lo extraordinario y, como ocurre a menudo con el director de ""Tiburón"", la familia está como telón de fondo del principal tema.
""El día de la revelación"" aborda algunos de los temas favoritos de Spielberg, como la infancia, la familia, la tolerancia y el asombro ante lo desconocido, añadiendo cuestiones contemporáneas como el cada vez mayor poder de las empresas privadas sobre la vida de la gente.
Este regreso a lo esencial llega tras el poco éxito que cosecharon ""Los Fabelmans"" y ""West Side Story"".
""Hace mucho que Spielberg dejó de ser el rey de la taquilla"", observa Safra. ""El último gran éxito de verdad de su carrera es la cuarta entrega de Indiana Jones, en 2008"", insiste."
2026-06-08,TVN,Nick Jonas revela el dramático vuelo que compartió con Glen Powell,entretenimiento,"Lo que comenzó como el regreso de un fin de semana entre amigos terminó convirtiéndose en un episodio marcado por la incertidumbre, la tensión y el temor de que algo pudiera salir mal en pleno vuelo.
La historia fue compartida recientemente por Nick Jonas durante una entrevista televisiva, donde habló sobre la estrecha amistad que mantiene con el protagonista de algunas de las producciones más exitosas de Hollywood. En medio de la conversación, los presentadores recordaron que ambos artistas habían atravesado juntos una situación extrema que fortaleció su vínculo personal.
Al referirse a aquel momento, Jonas explicó que todo ocurrió aproximadamente diez años atrás, cuando regresaban de Las Vegas junto a varios amigos. Según relató, la aeronave presentó una falla poco después del despegue, generando preocupación tanto entre los pasajeros como entre los miembros de la tripulación.
Recordando los detalles del incidente, el cantante comentó: “Esto ocurrió hace casi diez años, probablemente. Estábamos en Las Vegas con un grupo de amigos, y de camino a casa, el avión despegó y entonces —no sé el término técnico— hubo un problema con la alimentación eléctrica. Obviamente, eso nunca es buena señal”.
La situación resultó especialmente inquietante porque ocurrió en una etapa muy distinta de la carrera de Glen Powell. En aquel entonces, el actor todavía no era la estrella mundial asociada a grandes producciones de aviación y acción. Jonas aprovechó para bromear sobre ello al recordar que su amigo estaba tomando clases de vuelo, aunque aún no contaba con las habilidades que más tarde exhibiría en la gran pantalla.
Con humor, añadió: “Y esto es antes de Top Gun: Maverick Glen Powell, así que estaba en entrenamiento de vuelo, pero no habría podido aterrizar el avión como lo hace ahora. Era simplemente el Glen Powell de siempre. Así que, si esto hubiera ocurrido hace un par de semanas, la historia sería diferente”.
Te puede interesar: Bizarrap da el salto a Disney y Pixar: será uno de los nuevos personajes de Toy Story 5
Te puede interesar: Marc Anthony: su hijo Ryan Muñiz dará un importante paso en el modelaje
A pesar de la gravedad de la avería, el vuelo logró completar un aterrizaje seguro y ninguno de los ocupantes sufrió lesiones. Sin embargo, la sensación de peligro permaneció entre quienes vivieron la emergencia. Jonas reconoció que fue un episodio difícil de olvidar debido a la incertidumbre que se apoderó del ambiente durante varios minutos.
Sobre el desenlace, señaló: “Sí, fue una experiencia aterradora, pero estábamos bien”.
La conversación avanzó entonces hacia un aspecto que sorprendió incluso a los conductores del programa: la reacción de los pilotos una vez que la aeronave tocó tierra. Fue precisamente ese detalle el que hizo que Jonas comprendiera la magnitud real de lo ocurrido.
Entre risas nerviosas, recordó: “Uno de ellos estaba llorando cuando aterrizamos. Pensé: ‘Bueno, tal vez no fue tan malo como me lo imaginaba’. Y entonces lo vi llorando. Pensé: ‘Oh, no, esto fue grave”.
El artista también reconoció que la preocupación era visible entre los auxiliares de vuelo, quienes aparentemente entendían mejor que los pasajeros la complejidad de la situación que estaban enfrentando. Ese comportamiento contribuyó a aumentar la tensión dentro de la cabina y dejó una impresión duradera en todos los presentes.
Más allá del susto, el incidente terminó convirtiéndose en un momento clave dentro de la relación entre ambos artistas. Compartir una experiencia límite ayudó a consolidar una amistad que continúa vigente años después. Cuando se le preguntó si aquel episodio había fortalecido el vínculo con Powell, Jonas respondió de manera contundente: “Eso es exactamente lo que es. Y sabes, Glen es el mejor. Creo que desde ese momento, hemos forjado una gran amistad”.
Actualmente, Nick Jonas continúa combinando su carrera musical con nuevos proyectos cinematográficos, mientras que Glen Powell sigue consolidándose como una de las figuras más destacadas de Hollywood. Sin embargo, entre ambos permanece el recuerdo de aquel vuelo que estuvo marcado por el miedo, la incertidumbre y una historia que todavía hoy resulta imposible de olvidar."
2026-06-08,TVN,Christian Nodal enfrenta disputa por la marca 'El Forajido': grupo musical busca frenar su registro,entretenimiento,"La carrera de Christian Nodal vuelve a estar en el centro de la conversación pública, esta vez por una controversia relacionada con los derechos de propiedad intelectual y el uso de una marca que se ha convertido en parte fundamental de su imagen artística.
El conflicto surgió después de que se conociera la intención del cantante sonorense de registrar esa denominación como una nueva identidad comercial. Sin embargo, la agrupación sinaloense Grupo Forajido manifestó su desacuerdo con la solicitud y decidió intervenir en el proceso administrativo para defender el nombre con el que ha desarrollado su trayectoria artística durante varios años.
La controversia llega en un momento especialmente significativo para la carrera de Nodal. En los últimos meses, el artista ha protagonizado diversas noticias relacionadas con la administración de su marca personal, particularmente después de que se hiciera público que los derechos comerciales asociados a “Christian Nodal” no estarían directamente bajo su control.
De acuerdo con la información que ha trascendido, la marca vinculada a su nombre artístico estaría registrada a nombre de su padre y exmánager, Jaime González. Esta situación habría generado complicaciones en diversos aspectos relacionados con la explotación comercial de su imagen, sus proyectos y algunas actividades empresariales ligadas a su carrera.
Ante ese panorama, el cantante comenzó a impulsar con mayor fuerza la identidad de “El Forajido”, una denominación que ya cuenta con reconocimiento entre sus seguidores y que ha estado presente en distintas etapas recientes de su trayectoria profesional. La estrategia incluyó cambios en sus plataformas digitales, publicaciones promocionales y una mayor asociación de su imagen pública con ese concepto.
Sin embargo, la decisión encontró resistencia. Grupo Forajido sostiene que el término ya se encuentra estrechamente ligado a su propuesta musical y considera que la solicitud presentada por Nodal podría generar confusión entre el público. Por esa razón, la agrupación decidió acudir a las instancias correspondientes para hacer valer sus argumentos dentro del procedimiento que analiza el Instituto Mexicano de la Propiedad Industrial (IMPI).
La disputa abre un debate sobre el alcance de los registros comerciales dentro de la industria del entretenimiento, un sector donde los nombres, logotipos y conceptos artísticos representan activos de enorme valor económico y estratégico. En este contexto, la resolución dependerá de los análisis técnicos y jurídicos que realicen las autoridades competentes.
Te puede interesar: Julio César Herrera, actor de 'Betty La Fea', alza la voz contra el abuso sexual infantil y comparte que fue víctima
Te puede interesar: Matt Brown: forense confirma la causa de muerte de la estrella de 'Alaskan Bush People'
Mientras el procedimiento sigue su curso, no existe una decisión definitiva sobre la solicitud presentada por el cantante. Las autoridades encargadas del caso no han emitido una resolución pública que determine si el registro podrá concretarse o si la oposición presentada tendrá consecuencias sobre el proceso.
El interés de Christian Nodal por consolidar la marca “El Forajido” no resulta casual. Durante los últimos años, el concepto ha adquirido una relevancia especial dentro de su carrera musical y se ha convertido en uno de los elementos más reconocibles de su imagen artística.
En 2022 lanzó el EP Forajido, una producción que tuvo una importante recepción entre sus seguidores y que fortaleció la asociación del término con su propuesta musical. Posteriormente presentó Forajido 2 en 2023, consolidando aún más la presencia de esa marca dentro de su catálogo discográfico.
Además de los proyectos musicales, el concepto también fue utilizado para nombrar giras internacionales y campañas promocionales, convirtiéndose en una referencia constante para sus fanáticos. Con el paso del tiempo, muchos seguidores comenzaron a identificar al cantante con ese apodo, lo que incrementó su valor comercial y simbólico.
Precisamente por esa fuerte conexión con su audiencia, diversos observadores interpretan que la intención de registrar “El Forajido” forma parte de una estrategia para construir una identidad empresarial propia y diferenciada. No obstante, la oposición presentada por Grupo Forajido plantea un nuevo escenario legal que podría influir en los planes futuros del artista. Mientras el IMPI analiza los argumentos de ambas partes, el desenlace de esta disputa será seguido de cerca por la industria musical y por los millones de seguidores de Christian Nodal."
2026-06-08,TVN,"Karol Wilson va por su sueño internacional en Operación Triunfo USA, que estrena el 7 de julio",entretenimiento,"La cuenta regresiva llegó a su fin. La cantante panameña Karol Wilson se encuentra lista para enfrentar uno de los retos más importantes de su carrera artística con el estreno de Operación Triunfo USA, el reality musical de Telemundo que busca descubrir a la próxima generación de estrellas de la música.
La cadena confirmó que el esperado programa debutará este martes 7 de julio, marcando el inicio de una competencia en la que decenas de talentos lucharán por alcanzar sus sueños en la industria musical. Entre los seleccionados figura la panameña Karol Wilson, quien tendrá la oportunidad de demostrar su talento, disciplina y carisma ante millones de televidentes.
El programa contará con la conducción de la presentadora mexicana Natalia Téllez, mientras que el cantante español David Bisbal formará parte del jurado encargado de evaluar a los participantes.
La emoción por el estreno llega luego de que Wilson compartiera recientemente detalles de su experiencia en una entrevista para el programa Jelou. Allí describió como ""superincreíble"" el proceso que ha vivido hasta ahora dentro del reconocido concurso internacional.
Puedes leer: Karol Wilson cuenta cómo fue su experiencia en Operación Triunfo USA 2026 tras avanzar a la fase 3
“Fue superincreíble. Todo el proceso ha sido maravilloso”, expresó la artista panameña al referirse a esta oportunidad que la mantiene clasificada en una de las etapas avanzadas de selección.
Wilson recordó que todo comenzó con el envío de un video a través de redes sociales, seguido de exigentes audiciones presenciales en Nueva York, donde tuvo que competir junto a cientos de aspirantes de diferentes nacionalidades.
“Era un casting superrápido; éramos tres personas cantando al mismo tiempo en fila. Tenía que concentrarme para el jurado que estaba al frente. Fue una de las audiciones más difíciles”, relató.
La cantante también explicó que la segunda fase elevó considerablemente el nivel de exigencia, al incorporar cámaras de televisión, producción en vivo y múltiples evaluaciones artísticas.
“Luego me llaman y paso al segundo filtro… fue maravilloso, mucha gente, muchas cámaras, mucha producción detrás de todo esto”, comentó.
Ahora, con el estreno a la vuelta de la esquina, Panamá se prepara para apoyar a una de sus representantes en una de las plataformas musicales más importantes de la televisión hispana. Karol Wilson buscará convertir su talento y perseverancia en el impulso definitivo para conquistar una carrera internacional.
Una publicación compartida por Operación Triunfo Estados Unidos (@operaciontriunfousa)"
2026-06-08,TVN,Madonna lanza contundente mensaje contra los celulares en conciertos: 'Conecten con el momento',entretenimiento,"La presencia masiva de teléfonos móviles en conciertos y festivales volvió a convertirse en tema de debate tras las recientes declaraciones de la icónica cantante Madonna, quien expresó su preocupación por el impacto que la tecnología está teniendo en la experiencia de la música en vivo.
La llamada Reina del Pop participó en el estreno de la producción audiovisual que acompaña las primeras canciones de su próximo álbum, Confessions II, en el histórico Beacon Theatre. Tras la proyección, sostuvo una conversación con el periodista Anderson Cooper y los realizadores David Toro y Solomon Chase, conocidos artísticamente como TORSO.
En ese espacio, la cantante reflexionó sobre cómo la tecnología ha transformado la relación entre artistas y espectadores. El tema surgió después de que Cooper destacara que los asistentes al evento no pudieron utilizar sus dispositivos móviles gracias al sistema de fundas de seguridad Yondr, una medida que mantuvo los teléfonos bloqueados durante toda la actividad.
Para Madonna, esta clase de iniciativas permite recuperar una conexión más auténtica entre las personas. Según explicó, la necesidad de documentar constantemente lo que sucede alrededor ha modificado la manera en que el público experimenta conciertos, encuentros sociales e incluso momentos cotidianos.
Durante la conversación, la intérprete resumió su postura con una frase que rápidamente captó la atención de los asistentes y de los medios especializados. “Vine a este mundo para hacer, no para observar”, afirmó al referirse a la tendencia de registrar cada experiencia a través de una pantalla.
La artista también recordó una de sus apariciones más recientes en el reconocido Coachella, donde compartió escenario con Sabrina Carpenter. Aunque aseguró haber disfrutado de la presentación, comentó que le resultó llamativo observar desde el escenario una multitud de teléfonos iluminados en lugar de ver directamente los rostros y las reacciones del público.
Te puede interesar: Bizarrap da el salto a Disney y Pixar: será uno de los nuevos personajes de Toy Story 5
Te puede interesar: Marc Anthony: su hijo Ryan Muñiz dará un importante paso en el modelaje
Para la cantante, la experiencia de los conciertos en vivo tiene un componente emocional y social que va mucho más allá de la música. Considera que bailar, cantar y compartir un espectáculo son actividades capaces de generar vínculos colectivos difíciles de replicar en otros contextos.
Madonna describió esa interacción como una experiencia profundamente humana y comunitaria. En ese sentido, sostuvo que la presencia constante de dispositivos móviles puede convertirse en una barrera que limita la conexión espontánea entre quienes comparten un mismo espacio.
Con un mensaje directo, la estrella insistió en la necesidad de recuperar la atención plena durante los eventos en vivo. “Los teléfonos celulares se interponen entre las personas”, expresó ante los asistentes, reforzando su crítica a la denominada cultura del celular que domina buena parte de los espectáculos actuales.
Antes de concluir su intervención, dejó una recomendación que provocó aplausos y reacciones inmediatas entre el público presente. “¡Guarden sus jodidos celulares y conecten!”, exclamó, invitando a los asistentes a priorizar la experiencia real sobre el contenido digital.
Las declaraciones coincidieron con la promoción de Confessions II – The Film, una producción audiovisual de más de diez minutos creada para acompañar el lanzamiento de su nuevo trabajo discográfico. El proyecto cuenta con la participación de reconocidas figuras como Benedict Cumberbatch, Kate Moss, Julia Garner, Gwendoline Christie, Richard E. Grant y Sabrina Carpenter.
Además, incluye la colaboración de Lourdes Leon, quien participó en una de las composiciones del álbum. Mientras el cortometraje llegará a YouTube el 8 de junio, el esperado disco Confessions II verá la luz el 3 de julio, marcando una nueva etapa en la carrera de una de las artistas más influyentes de la música contemporánea."
2026-06-08,TVN,Kim Kardashian acapara miradas con su esperado debut en la Fórmula 1 junto a Lewis Hamilton,entretenimiento,"La empresaria, figura mediática y referente de la cultura pop internacional Kim Kardashian hizo su primera aparición pública en el paddock de la Fórmula 1 desde que comenzaron los rumores y posteriores confirmaciones sobre su relación con el piloto británico Lewis Hamilton.
La llegada de la celebridad estadounidense transformó el ambiente habitual del exclusivo evento automovilístico. Kardashian desembarcó en Montecarlo a bordo de un lujoso yate, atrayendo inmediatamente la atención de fotógrafos, aficionados y medios de comunicación que siguieron cada uno de sus movimientos desde su llegada a la Riviera francesa.
Acompañada por su hermana Khloé Kardashian, recorrió algunos de los sectores más exclusivos del circuito urbano y experimentó de cerca el ambiente que rodea a la máxima categoría del automovilismo mundial. Su presencia no tardó en convertirse en uno de los temas dominantes de la cobertura social del evento, especialmente por su vínculo sentimental con el siete veces campeón del mundo.
El debut de Kim en el universo de la Fórmula 1 ocurre pocos días después de que la pareja compartiera señales más evidentes de su relación en redes sociales. La empresaria publicó recientemente una serie de imágenes y videos personales bajo el título “Últimamente”, contenido que ofreció a sus seguidores una visión más cercana de su vida privada. Entre las publicaciones destacó un video en el que aparece junto a Hamilton durante un paseo en bicicleta cerca de un río en Nueva York, alimentando aún más el interés de los fanáticos.
Te puede interesar: Joven bailaba 'Dai Dai' y un perro lo mordió: el video se volvió viral
Te puede interesar: Expeleador de MMA evita una tragedia al inmovilizar a pasajero agresivo en un avión
Los rumores sobre el romance comenzaron meses atrás cuando ambos fueron vistos compartiendo tiempo en Inglaterra. Posteriormente, nuevas apariciones conjuntas en eventos de gran repercusión internacional fortalecieron las especulaciones. Desde entonces, fueron relacionados en encuentros celebrados durante el Super Bowl, el festival Coachella y diversas actividades en Miami.
Además del interés generado por la pareja, el estilo de Kardashian volvió a convertirse en protagonista. Para su primera visita al paddock, la empresaria eligió un atuendo compuesto por un body negro semitransparente con detalles bordados, combinado con jeans acampanados, zapatos de tacón y gafas oscuras. El conjunto fue ampliamente comentado en medios especializados en moda y entretenimiento, consolidando una vez más su influencia en tendencias internacionales.
Khloé Kardashian también llamó la atención con una propuesta más fresca y veraniega, acorde con el ambiente del Principado de Mónaco. Su presencia junto a Kim reforzó el atractivo mediático de un fin de semana que combinó deporte, glamour y celebridades.
Mientras tanto, Lewis Hamilton afrontaba uno de los compromisos más importantes de la temporada. El piloto británico llegó al circuito con la expectativa de conseguir resultados destacados en uno de los trazados más emblemáticos del calendario. La cita resultaba especialmente significativa debido a que continúa adaptándose a su nueva etapa con Ferrari, una de las escuderías más históricas del campeonato.
En los entrenamientos previos, Hamilton mostró señales positivas al registrar tiempos competitivos frente a su compañero de equipo, Charles Leclerc. Su rendimiento alimentó las expectativas de los aficionados de la escudería italiana, que esperan verlo luchar por posiciones de privilegio en uno de los circuitos más exigentes del mundo.
La carrera en Mónaco representa además una oportunidad importante para consolidar su progreso dentro de Ferrari. Hasta ahora, su mejor resultado con el equipo italiano había sido un segundo puesto conseguido en Canadá, desempeño que reforzó la confianza tanto del piloto como de la escudería de cara a las siguientes competencias.
La combinación entre el atractivo deportivo del Gran Premio y la presencia de una de las figuras más influyentes del entretenimiento mundial convirtió el fin de semana en un fenómeno mediático. La aparición de Kim Kardashian en el paddock confirmó el creciente interés que despierta la relación con Lewis Hamilton y añadió una nueva dimensión de visibilidad global a uno de los eventos más prestigiosos del calendario de la Fórmula 1, donde el espectáculo no solo se vive dentro de la pista, sino también fuera de ella.
Kim Kardashian was drenched in champagne while serving looks in custom Gucci at the Monaco F1 Grand Prix. Lewis Hamilton, the clock is ticking… 👀 pic.twitter.com/dlinnEfThJ"
2026-05-16,TVN,"LPF Torneo Clausura 2026 previa| Veraguas United vs Alianza FC, juego de vuelta vital en la semifinal",deportes,"Panamá/Con la serie completamente abierta y la expectativa creciendo en la provincia de Veraguas, el estadio Estadio Aristocles 'Toco' Castillo será escenario este sábado 16 de mayo del decisivo duelo de vuelta entre Veraguas United y Alianza FC, correspondiente a las semifinales del Torneo Clausura 2026 de la Liga Panameña de Fútbol.
El encuentro definirá al segundo finalista del campeonato y promete un ambiente cargado de tensión, luego de una ida muy disputada en la capital panameña, donde ambos equipos dejaron claro que llegan con argumentos suficientes para pelear por el título. Ahora, con la localía a favor y el respaldo de su afición, Veraguas United buscará hacer historia y avanzar a una final inédita para la institución.
El conjunto veragüense ha sido una de las grandes revelaciones del Clausura. Bajo un estilo intenso, dinámico y con una fuerte identidad colectiva, el equipo logró consolidarse como uno de los más competitivos del torneo. En casa, especialmente en Santiago, ha construido gran parte de su fortaleza, convirtiendo el 'Toco' Castillo en una plaza complicada para cualquier rival.
La principal apuesta ofensiva de Veraguas estará centrada e n la velocidad por las bandas y en la presión alta, una fórmula que le permitió sacar resultados importantes durante la fase regular. Además, el mediocampo ha mostrado equilibrio entre recuperación y generación, aspecto que será clave para controlar el ritmo del compromiso.
Por su parte, Alianza FC llega con la experiencia de un club acostumbrado a disputar instancias decisivas. El cuadro verdolaga apelará a su orden táctico y a la solidez defensiva que lo caracterizó a lo largo del campeonato. El equipo capitalino sabe manejar este tipo de escenarios y buscará aprovechar cualquier espacio para golpear en transición.
Uno de los aspectos más interesantes de la serie ha sido el contraste de estilos. Mientras Veraguas apuesta por la intensidad y el empuje ofensivo, Alianza suele sentirse cómodo en partidos más cerrados y estratégicos. Esa batalla táctica podría marcar el desarrollo del encuentro desde los primeros minutos.
La afición también jugará un papel importante. Se espera una gran entrada en el estadio santiagueño, con seguidores veragüenses ilusionados con ver a su equipo alcanzar la final. Durante toda la semana, el ambiente futbolero ha ido creciendo en la provincia, reflejando la importancia histórica del compromiso para el club local.
En el otro lado, Alianza intentará hacer valer su experiencia y evitar que la presión del entorno incline la balanza. El plantel capitalino ha mostrado personalidad en partidos de alta exigencia y confía en su capacidad para responder en momentos decisivos.
Más allá del resultado, la semifinal representa un choque entre dos proyectos que han sabido competir con identidad propia en este Clausura 2026. Veraguas United quiere seguir escribiendo una página dorada en su corta historia dentro de la LPF, mientras que Alianza FC aspira a regresar a una final y reafirmar su condición de protagonista en el fútbol panameño.
Todo está servido para una noche de alta tensión en Santiago. Noventa minutos —o quizás más— separan a uno de estos equipos de la gran final del fútbol panameño."
2026-05-15,TVN,LPF Torneo Clausura 2026 semifinales resultado| Plaza Amador vs UMECIT FC: 'Leones' afilan las garras y son finalistas,deportes,"Panamá/Plaza Amador confirmó su condición de favorito y selló su clasificación a la final del Torneo Clausura 2026 de la Liga Panameña de Fútbol (LPF), luego de derrotar con autoridad 3-0 a UMECIT FC en el partido de vuelta de las semifinales, disputado este viernes en el COS Sports Plaza. Con este resultado, los 'Leones' avanzaron con un marcador global de 5-2 y alcanzaron su quinta final consecutiva en el fútbol panameño.
El conjunto plazino mostró solidez desde los primeros minutos del encuentro y tomó el control rápidamente gracias a una anotación tempranera de Héctor Ríos al minuto 7. El jugador abrió el marcador y le dio tranquilidad a su equipo en una serie que había quedado abierta tras el empate 2-2 en el partido de ida.
A partir de ese momento, Plaza Amador dominó las acciones y manejó el ritmo del compromiso con mayor posesión del balón y constantes llegadas al área rival. Las estadísticas reflejaron la superioridad del equipo dirigido por los plazinos, que terminó con un 58% de posesión frente al 42% de UMECIT FC, además de registrar 15 remates totales, de los cuales 10 fueron directos a puerta.
UMECIT FC intentó reaccionar y buscar opciones ofensivas, pero se encontró con una defensa bien organizada y con pocas oportunidades claras de gol. El cuadro universitario apenas logró cinco disparos durante todo el partido y solo uno de ellos tuvo dirección al arco.
En la segunda mitad, Plaza Amador mantuvo la intensidad y encontró el segundo gol al minuto 63 por intermedio de Daivis Murillo, quien amplió la ventaja e inclinó definitivamente la eliminatoria a favor de los capitalinos.
Cuando el encuentro se acercaba a su final, nuevamente apareció Héctor Ríos para firmar su doblete personal al minuto 84 y sentenciar el 3-0 definitivo. El jugador fue una de las figuras más destacadas del compromiso gracias a su efectividad ofensiva y liderazgo en ataque.
El partido se desarrolló con intensidad, aunque sin mayores incidentes disciplinarios. Ninguno de los equipos recibió tarjetas rojas, mientras que Plaza Amador acumuló cuatro tarjetas amarillas y UMECIT FC terminó con cinco amonestaciones.
Otro aspecto destacado fue la dinámica ofensiva de ambos conjuntos. Plaza Amador contabilizó 125 ataques frente a los 116 de UMECIT FC, demostrando un ritmo constante durante los 90 minutos. En los saques de esquina ambos equipos terminaron igualados con una ejecución cada uno.
Con esta victoria, Plaza Amador continúa consolidándose como uno de los equipos más dominantes del fútbol panameño en los últimos torneos. Ahora, los 'Leones' buscarán conquistar un nuevo título y coronar una campaña en la que han demostrado regularidad, contundencia y experiencia en las instancias decisivas.
La afición plazina ya sueña con una nueva estrella, mientras el equipo se dispone a disputar otra final y mantener viva su racha de protagonismo en la LPF."
2026-05-14,TVN,LPF | Previa Plaza Amador vs UMECIT FC semifinal de vuelta,deportes,"Panamá/La gran batalla por un boleto a la final del Torneo Clausura 2026 de la LPF se definirá este viernes 15 de mayo cuando Plaza Amador reciba a UMECIT FC en el partido de vuelta de las semifinales, programado para las 8:30 p.m. en el COS Sports Plaza.
La serie llega completamente abierta luego del emocionante empate 2-2 registrado en el choque de ida disputado en el Estadio Agustín “Muquita” Sánchez, un compromiso cargado de intensidad, goles y momentos de alta tensión que dejó todo servido para una definición de infarto en la capital.
Contenido relacionado: LPF Torneo Clausura 2026 resultado| UMECIT FC vs Plaza Amador: empate en un vibrante juego de ida de semifinales
En aquel encuentro, UMECIT FC golpeó primero gracias a un tanto de Óscar Becerra al minuto 38, pero la respuesta del conjunto placino no tardó en llegar y José Murillo empató antes del descanso. En la segunda mitad, los universitarios volvieron a ponerse arriba en el marcador mediante un penal convertido por Erick Rodríguez al 75’, aunque nuevamente apareció la reacción del equipo dirigido por Plaza Amador, esta vez con un gol de Yoameth Murillo al minuto 81 para sellar el definitivo 2-2.
Más allá del marcador, el primer duelo dejó estadísticas interesantes. El elenco placino dominó la posesión del balón con un 60%, mostrando mayor control del juego, mientras que UMECIT apostó por la efectividad y la intensidad ofensiva para complicar constantemente a la defensa rival.
El historial reciente entre ambos clubes refleja una rivalidad cada vez más equilibrada en la Liga Panameña de Fútbol. En los últimos cinco enfrentamientos se registran dos victorias para Plaza Amador, una para UMECIT y dos empates, incluyendo los dos cruces de este Clausura 2026 que terminaron igualados 2-2.
Otras noticias: José Calderón es desvinculado del Sporting San Miguelito
Los antecedentes recientes entre ambos equipos:
Con este panorama, el choque de vuelta promete máxima intensidad, ya que cualquier detalle podría marcar la diferencia en la lucha por avanzar a la gran final del fútbol panameño.
Para Plaza Amador será clave aprovechar la localía y mantener el dominio de balón mostrado en el primer partido, mientras que UMECIT FC buscará volver a sorprender con transiciones rápidas y efectividad en ataque.
La expectativa es alta para una semifinal que enfrenta a dos equipos que han demostrado carácter, reacción y ambición durante toda la temporada. Este viernes, uno de ellos dará el paso definitivo rumbo a la gran final del Clausura 2026 de la LPF.
Otras noticias: LPF Torneo Clausura 2026 resultado| Alianza FC vs Veraguas United: semifinal inició con duelo apretado en el Rommel Fernández"
2026-05-12,TVN,José Calderón es desvinculado del Sporting San Miguelito,deportes,"Panamá/El portero José Calderón quedó fuera de las filas del Sporting San Miguelito, horas después de recibir una suspensión de seis meses por parte de la Comisión Disciplinaria de la Federación Panameña de Fútbol.
El Sporting indicó en un comunicado, difundido este martes, que el arquero fue desvinculado del conjunto de San Miguelito que compite en la Liga Panameña de Fútbol (LPF).
""En atención a la medida adoptada por la Federación y conforme a las disposiciones contractuales y reglamentarias aplicables, el Sporting San Miguelito decidió dar por terminada la relación contractual que mantenía con el jugador"", quedó plasmado en la nota.
El conjunto de San Miguelito aclaró que respeta ""la presunción de inocencia y el debido proceso""  y mostró su disposición de colaborar con las autoridades que llevan adelante las investigaciones en ese caso.
""José Calderón no forma parte de nuestra institución"", recalcó el Sporting. ""No respaldamos ni toleramos conductas que atenten contra la integridad, la transparencia, el juego limpio y los valores fundamentales del fútbol"".
Calderón fue suspendido de toda actividad relacionada con el fútbol mientras la comisión disciplinaria del ente federativo investiga lo ocurrido durante el partido de la jornada 16 del Torneo Clausura 2026 de la LPF entre Sporting San Miguelito y Alianza FC. El arquero marcó un gol en su propia portería, sobre el final del tiempo reglamentario, que representó la derrota del elenco académico, por 3 a 2. Ese resultado le dio la clasificación a los aliancistas a los playoffs.
José Calderón es un portero panameño nacido el 14 de agosto de 1985 en la ciudad de Panamá. A lo largo de su carrera ha jugado en clubes de Panamá, Guatemala, Honduras y Colombia, además de formar parte de la selección nacional de Panamá.
Durante su trayectoria profesional defendió los colores de:
Calderón debutó con la selección mayor de Panamá en 2005, en un amistoso frente a Baréin. Con la selección nacional acumuló más de 40 partidos internacionales y participó en distintos procesos eliminatorios, Copas Oro y torneos de la Concacaf.
También integró el plantel de Selección de fútbol de Panamá que asistió al histórico primer Mundial de Panamá en la Copa Mundial de la FIFA Rusia 2018, donde fue uno de los arqueros convocados.
Su carrera se ha caracterizado por la longevidad, experiencia internacional y presencia constante en equipos competitivos de Centroamérica."
2026-05-11,TVN,Darwin Pinzón aprehendido en Panamá Oeste por presunto caso de homicidio,deportes,"Panamá/En una acción operativa enmarcada en el ""Plan Firmeza"", unidades de la Policía Nacional hicieron efectiva la aprehensión del futbolista panameño Darwin Pinzón, de 32 años de edad, durante el mediodía del pasado viernes 8 de mayo de 2026.
El arresto se produjo en un punto de control ubicado en el corregimiento de Puerto Caimito, específicamente en las proximidades de la barriada Alto del Campo, en el distrito de La Chorrera.
Otras noticias: José Calderón recibe suspensión provisional por parte de la Federación Panameña de Fútbol
Según el reporte oficial brindado por el Comisionado Adolfo Pérez, jefe de la Décima Zona de Policía de Panamá Oeste, al momento de verificar la identidad del ciudadano, se detectó un oficio de captura vigente relacionado con un delito contra la vida e integridad personal. Aunque la detención se ejecutó en Panamá Oeste, las autoridades aclararon que el caso es gestionado por la Fiscalía Regional de San Miguelito, debido a que el hecho investigado ocurrió originalmente en dicho distrito.
Darwin Pinzón, quien actualmente forma parte de la plantilla del San Francisco FC en la Liga Panameña de Fútbol (LPF), es recordado por su paso como exseleccionado nacional. Bajo la dirección técnica de Hernán Darío ""Bolillo"" Gómez, el volante disputó 7 partidos con la camiseta de Panamá y logró anotar 2 goles.
Tras su captura, el jugador fue puesto a órdenes de la autoridad competente y notificado sobre las medidas legales que se mantienen vigentes en su contra. Hasta el momento, las investigaciones por el presunto delito de homicidio continúan bajo la sumaria de la Fiscalía de San Miguelito, mientras que el entorno del jugador y el club no han emitido declaraciones públicas oficiales sobre su situación jurídica actual.
Otras noticias: LPF Torneo Clausura 2026 resultado| UMECIT FC vs Plaza Amador: empate en un vibrante juego de ida de semifinales
Con información de Yiniva Caballero."
2026-05-11,TVN,José Calderón recibe suspensión provisional por parte de la Federación Panameña de Fútbol,deportes,"Panamá/La Comisión Disciplinaria de la Federación Panameña de Fútbol informó este lunes la suspensión provisional por seis meses del guardameta José Calderón, medida que lo aparta de toda actividad relacionada con el fútbol federado mientras continúan las investigaciones correspondientes.
La sanción surge tras las investigaciones preliminares realizadas sobre el compromiso entre Alianza FC y Sporting San Miguelito, correspondiente a la jornada 16 del Torneo Clausura 2026 de la Liga Panameña de Fútbol.
De acuerdo con el comunicado oficial emitido por la federación, la decisión fue tomada en estricto cumplimiento de los reglamentos vigentes y busca preservar la integridad del fútbol panameño, así como garantizar la transparencia de las competiciones nacionales.
Hasta el momento, la federación no ha brindado mayores detalles sobre el avance de las investigaciones ni sobre las posibles implicaciones futuras para el experimentado arquero panameño. Entretanto, José Calderón permanecerá inhabilitado de manera provisional mientras las autoridades disciplinarias continúan con el proceso correspondiente.
Con información de FPF
Otras noticias: LPF Torneo Clausura 2026 resultado| UMECIT FC vs Plaza Amador: empate en un vibrante juego de ida de semifinales"
2026-05-10,TVN,LPF Torneo Clausura 2026 resultado| UMECIT FC vs Plaza Amador: empate en un vibrante juego de ida de semifinales,deportes,"Panamá/En un vibrante duelo disputado en el estadio Agustín “Muquita” Sánchez de La Chorrera, UMECIT FC y Plaza Amador igualaron 2-2 en el partido de ida de las semifinales del Torneo Clausura 2026 de la Liga Panameña de Fútbol (LPF), dejando abierta la serie de cara al compromiso de vuelta.
El encuentro tuvo intensidad, emociones y momentos de dominio alterno entre ambos equipos. Plaza Amador mostró mayor control del balón durante gran parte del compromiso, reflejado en el 60% de posesión, mientras que UMECIT apostó por un planteamiento más directo y efectivo en ataque.
La primera anotación del encuentro llegó al minuto 38, cuando Óscar Becerra aprovechó una oportunidad dentro del área para adelantar a UMECIT FC y desatar la celebración de los aficionados locales. El conjunto umecista logró golpear en uno de sus mejores momentos del primer tiempo, pese a tener menos tiempo el balón.
Sin embargo, Plaza Amador reaccionó rápidamente antes del descanso. Al minuto 45, José Murillo apareció para marcar el empate y devolverle tranquilidad al cuadro placino. El tanto fue resultado de la insistencia ofensiva del equipo capitalino, que generó mayor volumen de llegadas durante la primera mitad.
En el complemento, el partido mantuvo el mismo ritmo competitivo. Plaza Amador continuó dominando la posesión y buscando espacios en ofensiva, mientras UMECIT intentaba sorprender mediante transiciones rápidas. El conjunto local volvió a ponerse en ventaja al minuto 75, gracias a un penal convertido por Erick Rodríguez, quien ejecutó con precisión desde los once pasos.
Parecía que UMECIT se quedaría con la victoria en casa, pero Plaza Amador volvió a responder en un momento clave del compromiso. Al minuto 81, Yoameth Murillo marcó el 2-2 definitivo tras una jugada ofensiva que encontró mal parada a la defensa local.
Las estadísticas reflejaron un ligero dominio de Plaza Amador en varios apartados. Además de la posesión, el equipo capitalino realizó nueve remates totales, contra cuatro de UMECIT, y también superó a su rival en disparos a puerta, con cuatro frente a tres. En tiros de esquina, Plaza también tuvo ventaja con seis cobros contra cuatro.
UMECIT, por su parte, logró mantenerse competitivo pese a generar menos ocasiones ofensivas. El conjunto dirigido con orden táctico supo aprovechar sus oportunidades y mostró efectividad en momentos puntuales del partido.
En el aspecto disciplinario, el encuentro se desarrolló sin expulsiones. Plaza Amador recibió dos tarjetas amarillas, mientras que UMECIT terminó el compromiso sin amonestaciones. Además, el equipo chorrerano registró dos fueras de juego, mientras que los visitantes no incurrieron en esa infracción.
Con este empate, la eliminatoria queda completamente abierta para el partido de vuelta, donde ambos equipos buscarán el boleto a la gran final del Clausura 2026. Plaza Amador llegará con la confianza de haber rescatado un empate como visitante, mientras que UMECIT FC intentará corregir detalles defensivos para mantener vivo el sueño de alcanzar el campeonato."
2026-05-09,TVN,LPF Torneo Clausura 2026 resultado| Alianza FC vs Veraguas United: semifinal inició con duelo apretado en el Rommel Fernández,deportes,"Panamá/Alianza FC y Veraguas United dejaron abierta la serie semifinal del Torneo Clausura 2026 de la Liga Panameña de Fútbol, luego de empatar 0-0 este sábado en el estadio Rommel Fernández Gutiérrez, en un duelo intenso, disputado y con pocas concesiones defensivas.
El encuentro de ida mostró a dos equipos cautelosos, conscientes de lo mucho que estaba en juego en la antesala de una final. Aunque el marcador terminó sin goles, el partido tuvo momentos de presión, aproximaciones peligrosas y un constante intercambio de dominio en diferentes tramos del compromiso.
Veraguas United manejó ligeramente más la posesión del balón con un 52%, mientras que Alianza FC se quedó con el 48%. Sin embargo, el conjunto verdolaga fue el que generó mayor volumen ofensivo. Los capitalinos realizaron 13 remates totales, casi el doble de los siete disparos del elenco veragüense. Además, Alianza consiguió seis remates a puerta, obligando al arquero rival a intervenir en varias ocasiones determinantes para mantener el empate.
Por su parte, Veraguas United respondió con orden táctico y aprovechó algunos espacios para generar cuatro disparos entre los tres palos. El equipo interiorano mostró solidez defensiva y capacidad para resistir la presión en los momentos de mayor intensidad del conjunto aliancista.
La dinámica del encuentro mantuvo un ritmo equilibrado. Ambos clubes registraron cifras muy similares en el apartado de ataques, con 121 ofensivas para Alianza FC y 120 para Veraguas United, reflejando la paridad que predominó durante los 90 minutos.
Las acciones a balón parado también tuvieron cierta incidencia en el trámite del partido. Alianza cobró cuatro tiros de esquina, mientras que Veraguas ejecutó tres. Ninguno logró capitalizar esas oportunidades, en gran medida por la buena actuación de las líneas defensivas y la concentración de ambos guardametas.
En cuanto al orden táctico, el compromiso tuvo pocas interrupciones relacionadas con fueras de juego. Alianza cayó una vez en posición adelantada y Veraguas United en dos ocasiones. El juego se desarrolló con intensidad, pero sin excesiva brusquedad, ya que no se mostraron tarjetas rojas.
El aspecto disciplinario sí dejó algunas amonestaciones. Alianza FC acumuló tres tarjetas amarillas, evidencia de la presión ejercida en varios sectores del campo para cortar avances rivales. Veraguas United recibió una sola cartulina amarilla en un encuentro que, pese a la tensión propia de una semifinal, se mantuvo bajo control arbitral.
En otros apartados estadísticos también predominó la igualdad. Los saques de banda favorecieron ligeramente a Veraguas United, 22 contra 21, mientras que en los saques de puerta los veragüenses sumaron 14 frente a nueve de Alianza, indicador de la insistencia ofensiva del cuadro capitalino durante distintos momentos del partido.
Con este resultado, la serie semifinal queda completamente abierta para el duelo de vuelta. Ninguno de los dos equipos logró tomar ventaja, por lo que la clasificación a la final del Clausura 2026 se definirá en el próximo enfrentamiento, donde tanto Alianza FC como Veraguas United estarán obligados a mostrar una versión más contundente en ataque si desean avanzar a la disputa por el campeonato.
Los “pericos” llegan fortalecidos anímicamente luego de superar una dramática serie de playoffs ante el CAI (Club Atlético Independiente). El conjunto verdolaga empató 3-3 en un duelo cargado de emociones y terminó sellando su clasificación desde la tanda de penales, mostrando carácter en momentos de máxima presión.
Ahora, el equipo dirigido por Jair Palacios intentará aprovechar la localía para tomar ventaja antes de viajar a territorio veragüense. La experiencia de Alianza en instancias decisivas y su capacidad ofensiva han sido dos de sus principales fortalezas durante el campeonato.
Del otro lado estará un Veraguas United que firmó una de las campañas más consistentes del torneo. Los veragüenses finalizaron líderes de la Conferencia Oeste con 25 puntos y aseguraron su boleto directo a semifinales tras vencer 1-0 al CAI en la última jornada de la ronda regular.
El cuadro azul y blanco llega más descansado y con tiempo suficiente para preparar la serie, un factor que podría pesar en una llave tan corta. Además, el antecedente más reciente entre ambos equipos invita al espectáculo: el pasado 22 de febrero, Alianza derrotó 5-3 a Veraguas United en uno de los partidos más vibrantes del Clausura.
La serie enfrentará dos estilos diferentes. Alianza apuesta por el vértigo ofensivo y la presión alta, mientras que Veraguas ha encontrado solidez colectiva y orden táctico como principales armas para competir.
Con un boleto a la gran final en juego, la primera batalla de esta semifinal se perfila como un choque abierto, intenso y con dos equipos convencidos de que este puede ser el torneo de la consagración."
2026-05-06,TVN,"LPF resultado | UMECIT FC avanzó a las semifinales, terminó el sueño de Unión Coclé",deportes,"Panamá/En una jornada cargada de dramatismo y emoción en los playoffs de la Liga Panameña de Fútbol, el UMECIT FC consiguió su clasificación a las semifinales tras imponerse en la tanda de penales al Unión Coclé, luego de un intenso empate que se definió desde los once pasos.
Ahora, el conjunto universitario se enfrentará al Plaza Amador el próximo domingo 10 de mayo a las 6:00 pm en un duelo que podrá verse por TVMAX, TVN Pass y el canal de YouTube TVMAX PANAMÁ.
Otras noticias: LPF resultado | Alianza FC avanza a semifinales tras épica tanda de penales ante CAI en playoffs
El compromiso parecía inclinarse definitivamente para el lado visitante cuando Andrick Edwards apareció al minuto 83 para marcar el 1-0 a favor del UMECIT FC, desatando la celebración de los dirigidos por Julio Infante. El atacante aprovechó un espacio dentro del área para definir y colocar a su equipo a pocos minutos de la clasificación.
Sin embargo, el encuentro todavía guardaba emociones. El UMECIT tuvo que afrontar el cierre del partido con un jugador menos luego de la expulsión de Hiberto Peralta al minuto 79 por doble tarjeta amarilla, situación que permitió al Unión Coclé lanzarse con todo al ataque en los minutos finales.
Cuando parecía que el boleto estaba asegurado para los visitantes, llegó el golpe inesperado. En el minuto 90+2’, la presión ofensiva del conjunto local provocó un autogol del defensor y capitán de UMECIT, Jesús Araya, quien terminó enviando el balón a su propia portería en una jugada desafortunada que empató el encuentro y llevó la serie al tiempo extra.
Durante los 30 minutos adicionales, ambos equipos mantuvieron un duelo muy cerrado, con pocas oportunidades claras y mucho desgaste físico. El Unión Coclé intentó aprovechar la superioridad numérica, mientras que el UMECIT apostó por resistir y esperar la definición desde el punto penal.
Allí apareció una de las decisiones más importantes de la noche. El entrenador Julio Infante realizó un cambio estratégico al ingresar al portero David Almengor antes de la tanda de penales, movimiento que terminó siendo decisivo para la clasificación.
El guardameta respondió de inmediato al detener dos disparos en la serie, convirtiéndose en la gran figura del partido y guiando al UMECIT a la victoria 3-2 en penales.
Con este triunfo, el UMECIT FC sigue soñando en el Torneo Clausura 2026 y ahora tendrá un duro desafío frente al Plaza Amador en semifinales, en una serie que promete intensidad y emociones en la lucha por el pase a la gran final del fútbol panameño."
2026-05-06,TVN,LPF propone ante diputados que manipulación de partidos se califique como delito,deportes,"Panamá/La Liga Panameña de Fútbol (LPF) dio un paso significativo en su lucha contra la manipulación de partidos, al impulsar una iniciativa que busca tipificar esta práctica como delito en la legislación panameña. La propuesta apunta a cerrar vacíos legales y dotar al sistema judicial de herramientas más efectivas para sancionar estas conductas que afectan la integridad del deporte.
Como parte de este proceso, representantes de la LPF sostuvieron una reunión con diputados de distintas bancadas de la Asamblea Nacional de Diputados, entre ellos Luis Duke, Roberto Zúñiga, Francisco Brea y José Pérez Barboni. El encuentro permitió abrir un espacio de diálogo interinstitucional enfocado en la necesidad de actualizar el marco legal del país frente a un fenómeno que ha ganado relevancia a nivel internacional.
Según lo discutido, existe consenso entre los actores involucrados en que Panamá requiere normas más específicas para enfrentar la manipulación de partidos, una práctica que no solo perjudica la credibilidad de las competencias deportivas, sino que también puede estar vinculada a redes de apuestas ilegales y crimen organizado.
Uno de los principales objetivos de la iniciativa es que, una vez tipificado el delito de manera clara, cualquier persona involucrada —ya sean jugadores, árbitros, directivos u otros actores— enfrente consecuencias penales más rápidas y contundentes. Actualmente, la falta de una figura delictiva específica dificulta la persecución efectiva de estos casos.
La propuesta legislativa contempla la introducción de sanciones más severas, incluyendo penas de prisión, así como otras medidas complementarias que permitan disuadir este tipo de conductas. Además, se busca fortalecer la capacidad del Ministerio Público para investigar y procesar los casos, dotándolo de un marco jurídico más preciso que facilite la recolección de pruebas y la judicialización.
Este tipo de legislación ya ha sido adoptado en diversos países, donde ha servido como herramienta clave para combatir la corrupción en el deporte. En ese sentido, la LPF considera que Panamá no debe quedarse rezagado y debe alinearse con estándares internacionales que promuevan la transparencia y el juego limpio.
El impulso de esta reforma también responde a la creciente preocupación de organismos deportivos y aficionados, quienes demandan competiciones justas y libres de cualquier tipo de manipulación. La credibilidad del fútbol, como uno de los deportes más seguidos en el país, depende en gran medida de la confianza del público en la legitimidad de sus resultados.
Tras la reunión, se espera que los diputados involucrados avancen en la elaboración de un proyecto de ley que pueda ser presentado en el pleno de la Asamblea Nacional en las próximas semanas. De concretarse, esta iniciativa marcaría un precedente importante en la lucha contra la corrupción deportiva en Panamá.
Con este paso, la Liga Panameña de Fútbol reafirma su compromiso con la integridad del deporte y abre la puerta a una transformación legal que podría tener un impacto duradero en el fútbol nacional.
Información de LPF"
2026-05-05,TVN,LPF resultado | Alianza FC avanza a semifinales tras épica tanda de penales ante CAI en playoffs,deportes,"Panamá/En una noche cargada de emoción y dramatismo en la Liga Panameña de Fútbol, Alianza FC selló su boleto a las semifinales del Torneo Clausura 2026 tras superar 4-3 en la tanda de penales al Club Atlético Independiente (CAI), luego de un vibrante empate 3-3 tras 120 minutos de juego.
El encuentro arrancó con mejor ritmo para los verdolagas, que lograron abrir el marcador al minuto 17 gracias a una definición de Heuyín Guardia, desatando la celebración de su afición y dándole ventaja tempranera a Alianza.
Otras noticias: Avión de la selección de Panamá | Thomas Christiansen: “Somos unos privilegiados”
Sin embargo, el conjunto vikingo reaccionó en la segunda mitad y encontró el empate al minuto 61 mediante Leonel Tejada, quien aprovechó una desatención defensiva para colocar el 1-1 y meter nuevamente al CAI en partido.
La remontada parecía consumarse cuando Jafet Obando apareció al minuto 82 para poner el 2-1 favorable al equipo de La Chorrera, resultado que encaminaba su clasificación. Pero cuando todo apuntaba a una eliminación de Alianza, apareció el dramatismo en tiempo añadido: al 90+6, John Alvarado convirtió desde el punto penal para establecer el 2-2 y mandar el compromiso a la prórroga.
Ya en el tiempo extra, Oliver Campos volvió a adelantar al CAI con el 3-2, colocando nuevamente contra las cuerdas a los aliancistas. No obstante, el equipo capitalino respondió una vez más y encontró el empate definitivo 3-3 por intermedio de Rafael Águila, forzando así la definición desde los doce pasos.
Otras noticias: La Liga Panameña de Fútbol abre investigación formal por el extraño partido Alianza FC vs Sporting SM
En la tanda de penales emergió como figura el guardameta Jean Ambuila, quien detuvo dos lanzamientos y fue determinante para que Alianza FC se impusiera 4-3 en la serie, certificando su clasificación a las semifinales del campeonato.
Con este sufrido pero valioso triunfo, el conjunto aliancista mantiene vivo su sueño de conquistar el Clausura 2026 y ahora deberá enfocar su preparación en el próximo gran reto: la serie semifinal frente a Veraguas United, en busca de un lugar en la gran final del fútbol panameño.
Otras noticias: Federación Panameña de Fútbol se pronuncia ante nuevas sospechas de amaño de partidos"
2026-05-05,TVN,Alianza FC y CAI abren el telón de los playoffs en el Rommel Fernández Gutiérrez,deportes,"Panamá/La fase final del Torneo Clausura 2026 de la LPF inicia este martes con un electrizante duelo de eliminación directa entre Alianza FC y el Club Atlético Independiente (CAI).
El escenario para este arranque de playoffs será el Estadio Rommel Fernández Gutiérrez, donde ambos equipos buscarán el pase a la siguiente ronda a partir de las 8:00 p.m..
Otras noticias: Blas Pérez estrenará “7 de Área”, su nuevo podcast de entrevistas por TVMAX
Consistencia frente a jerarquía Los ""pericos"" de Alianza llegan tras una fase regular destacada, ocupando la segunda posición de la Conferencia Este y consolidándose como el equipo más difícil de batir, con apenas una derrota en su registro.
El equipo confía en su artillería pesada liderada por Heuyín Guardia, actual máximo goleador del campeonato con 8 tantos. En contraste, el CAI llega como tercero del Oeste, apostando por la experiencia de su plantilla en partidos decisivos y el aporte ofensivo de Davis Contreras y Jafet Obando con 5 goles cada uno.
Historial y camino a la gloria El historial reciente se inclina ligeramente hacia Alianza, con dos victorias y dos empates en los últimos cinco choques directos. Además, los verdolagas llegan motivados con una racha de cinco partidos sin conocer la derrota. El ganador de este enfrentamiento tendrá la difícil tarea de medirse en semifinales ante Veraguas United, líder de la Conferencia del Oeste y uno de los favoritos del torneo.
La transmisión del encuentro estará disponible a través de las plataformas de TVMAX, TVN Pass y YouTube TVMAX PANAMÁ
Otras noticias: LPF | Conoce los cruces de los playoffs en este Torneo Clausura 2026"
2026-05-04,TVN,LPF previa | Alianza FC y Club Atlético Independiente abren los playoffs del Clausura 2026,deportes,"Panamá/La fase final del Torneo Clausura 2026 de la LPF comienza este martes con un atractivo enfrentamiento entre Alianza FC y Club Atlético Independiente, en un partido de eliminación directa correspondiente a los playoffs que se disputará en el Estadio Rommel Fernández Gutiérrez.
El encuentro será transmitido por TVMAX, TVN Pass y el canal oficial de YouTube de TVMAX Panamá.
Otras noticias: LPF | Conoce los cruces de los playoffs en este Torneo Clausura 2026
Los “pericos” finalizaron en la segunda posición de la Conferencia Este con 27 puntos, producto de 6 victorias, 9 empates y apenas una derrota, consolidándose como uno de los equipos más consistentes de la temporada regular.
Su principal carta ofensiva es Heuyín Guardia, actual máximo goleador de la LPF con 8 tantos, acompañado por Rasheen Mathews, quien suma 4 anotaciones en el campeonato.
El Club Atlético Independiente clasificó como tercero de la Conferencia Oeste con 20 puntos, tras firmar una campaña de 4 triunfos, 8 empates y 4 derrotas.
Los “vikingos” llegan con una plantilla acostumbrada a disputar partidos decisivos y con referentes ofensivos como Davis Contreras y Jafet Obando, ambos con 5 goles en el torneo.
Otras noticias: La Liga Panameña de Fútbol abre investigación formal por el extraño partido Alianza FC vs Sporting SM
En los últimos cinco enfrentamientos entre ambos clubes, Alianza FC ha mostrado superioridad, con dos victorias, dos empates y una derrota frente al CAI.
El conjunto verdolaga atraviesa un gran momento y acumula cinco partidos consecutivos sin conocer la derrota, reafirmando su solidez rumbo a la fase final.
El CAI, por su parte, llega tras una derrota en la última jornada, aunque solo perdió uno de sus cinco compromisos más recientes.
El ganador de esta llave avanzará a semifinales para enfrentar a Veraguas United, líder de la Conferencia Oeste y uno de los grandes favoritos al título.
Con dos equipos de presente sólido, antecedentes muy cerrados y el pase a semifinales en juego, el duelo entre Alianza FC y CA Independiente promete emociones de principio a fin en el arranque de los playoffs del Clausura 2026."
2026-05-04,TVN,LPF | Conoce los cruces de los playoffs en este Torneo Clausura 2026,deportes,"Panamá/La Liga Panameña de Fútbol definió oficialmente los cruces de los playoffs del Torneo Clausura 2026 tras culminar una emocionante ronda regular que dejó clasificados, sorpresas y a los dos semifinalistas directos rumbo al título.
En la Conferencia Oeste, Veraguas United FC aseguró el liderato con 25 puntos luego de vencer 1-0 al CA Independiente, resultado que le otorgó el boleto directo a semifinales. Detrás terminó Unión Coclé FC, que en su primer torneo en la LPF hizo historia al clasificar a playoffs tras golear 4-0 a Herrera FC y cerrar con 23 unidades. El tercer puesto fue para CA Independiente con 20 puntos.
Por el Este, CD Plaza Amador ratificó su gran campaña al derrotar 3-0 al Deportivo Árabe Unido, terminando como líder absoluto de la conferencia con 31 puntos para avanzar directo a semifinales. Alianza FC se quedó con el segundo lugar tras vencer 3-2 al Sporting SM y alcanzar 27 puntos, mientras que UMECIT FC logró una histórica clasificación a playoffs por primera vez luego de golear 5-2 a Tauro FC y finalizar tercero con 25 unidades.
Con la tabla ya definida, así se jugará la fase de playoffs cruzados:
Mientras tanto, CD Plaza Amador y Veraguas United FC esperan en semifinales a los ganadores de estas llaves tras haber sido los mejores equipos de la fase regular.
La gran final del Clausura 2026 está programada para el 23 de mayo en el Estadio Rommel Fernández, donde se coronará al nuevo campeón del fútbol panameño.
Además, la LPF informó que ya inició la preventa de boletos para la final, con precios de $8 en áreas Este/Oeste y $5 en Norte/Sur, disponibles a través de Ticketplus hasta el 16 de mayo o hasta agotar existencias."
2026-05-04,TVN,Federación Panameña de Fútbol se pronuncia ante nuevas sospechas de amaño de partidos,deportes,"Panamá/El tema de posible amaño de partidos ha vuelto a la palestra ante nuevas sospechas de ese tipo de prácticas dentro de la Liga Panameña de Fútbol (LPF). Esta situación llevó a la FPF (Federación Panameña de Fútbol) ha pronunciarse mediante un comunicado difundido este lunes en sus redes sociales.
""La Federación Panameña de Fútbol reitera, de manera categórica, su política de cero tolerancia frente al amaño de partidos, una práctica que atenta directamente contra la integridad, la credibilidad y los valores fundamentales de nuestro deporte"", plasmó el entre federativo en la nota.
La FPF recalcó que los amaños de partidos se han enfrentado a través de su Oficina de Integridad y su Comisión Disciplinaria. Además que cuenta con protocolos ""aprobados por FIFA"" para este tipo de situaciones.
""Prueba de ello fue su participación activa en la 'Operación Garra', donde se trabajó de manera conjunta con el Ministerio Público para combatir las prácticas ilícitas de amaños. En aquel entonces, fue la Fiscalía Primera Superior contra la Delincuencia Organizada, con el apoyo de la FPF, la que llevó a cabo dicha operación que finalizó con personas juzgadas y condenadas por amaño de partidos"", agregó.
La federación indicó que actuará con firmeza y colaborará con las autoridades en caso de ""encontrarse nuevos responsables"" de esa práctica.
""La FPF cuenta con protocolos claros, sólidos e idóneos, aprobados por FIFA, para actuar ante cualquier posible caso de manipulación de partidos y apuestas ilegales. Estos mecanismos están activos, tanto por investigaciones de oficio como por denuncias"", señaló.
El comunicado resalta, en sus últimas líneas, la disposición de la Federación Panameña de Fútbol de abrir sus canales de comunicación para recibir las denuncias que se den por esa práctica y hace un llamado a ""los actores del fútbol nacional"" a trabajar en conjunto para que prevalezca el juego limpio y transparente.
El pasado 13 de abril, el técnico del Alianza FC, Jair Palacios, pidió públicamente que se investigara al jugador de su equipo, Ricardo Mitre, quien cometió una infracción en el partido que el conjunto verdolaga disputó ese día ante Plaza Amador.
Mitre cometió una mano en el área, al minuto 72, la que derivó en un penal favorable al Plaza Amador que fue convertido en gol. Esto ocurrió cuando el Alianza ganaba por 1 a 0, pero el  juego terminó con un empate a un tanto por equipo.
Lo manifestado por Palacios provocó que la LPF activara su protocolo de integridad, de manera preventiva.
El domingo 3 de mayo, la LPF anunció la apertura de una investigación de oficio tras una situación ocurrida el día anterior durante el partido entre Alianza FC y Sporting San Miguelito.
Al minuto 90 de ese encuentro, el portero del Sporting José Calderón cometió un autogol que representó el tanto de la victoria para el Alianza. Dicho suceso fue catalogado por la LPF como una acción que ""podría comprometer la integridad de la competencia""."
2026-05-03,TVN,La Liga Panameña de Fútbol abre investigación formal por el extraño partido Alianza FC vs Sporting SM,deportes,"Panamá/La Liga Panameña de Fútbol (LPF) anunció la apertura de una investigación formal de oficio tras el grave hecho ocurrido durante el partido entre Alianza FC y Sporting San Miguelito, disputado el pasado 2 de mayo en el Estadio Rommel Fernández Gutiérrez, encuentro que terminó con victoria 3-2 para los verdolagas.
Según el comunicado emitido por la liga, la investigación responde a una acción que “podría comprometer la integridad de la competencia”, en referencia a la polémica jugada del minuto 90 en la que el guardameta del Sporting, José Calderón, marcó un autogol que significó el tanto del triunfo para Alianza.
La LPF confirmó que solicitó a su Unidad de Integridad citar a las partes involucradas para rendir explicaciones, al tiempo que activó todos los mecanismos establecidos en el protocolo institucional, incluyendo la articulación inmediata de la fuerza de tarea conjunta.
“La Liga reconoce que en el fútbol pueden existir errores propios del juego. Sin embargo, también es claro que hay situaciones que exceden ese margen”, expresó el organismo en su comunicado oficial.
Además, la LPF informó que enviará una carta formal a la Comisión de Disciplina de la Federación Panameña de Fútbol (FPF) para que emita, a la mayor brevedad posible, las sanciones correspondientes en caso de comprobarse irregularidades.
Horas antes del pronunciamiento de la liga, el Sporting San Miguelito había publicado un comunicado denunciando la existencia de “indicios graves” vinculados a posibles amaños de partidos y solicitando investigaciones inmediatas por parte de la LPF y la Federación Panameña de Fútbol.
El club académico aseguró que bajo prácticas irregulares “no es posible competir en igualdad de condiciones” y reiteró su rechazo categórico a cualquier forma de corrupción en el fútbol nacional.
Tras el partido, el entrenador del Sporting, Julio Dely Valdés, calificó el encuentro como “rarísimo” y aseguró haber observado situaciones extrañas desde el inicio del compromiso, declaraciones que aumentaron la polémica en torno a lo sucedido en el Rommel Fernández.
La LPF dejó claro que actuará “con la máxima rigurosidad” y llevará el proceso “hasta sus últimas consecuencias”, subrayando que de comprobarse responsabilidades solicitará sanciones ejemplares para proteger la credibilidad del campeonato.
Con información de la Liga Panameña de Fútbol y Sporting SM."
2026-05-02,TVN,"LPF | Jornada 16: Todo o nada por los boletos a la ""fiesta grande"" del Clausura 2026",deportes,"Panamá/La ronda regular del Torneo Clausura 2026 de la Liga Panameña de Fútbol llega a su clímax con la disputa de la Jornada 16.
Este fin de semana se definirán los nombres de los equipos que avanzarán directamente a semifinales y quiénes deberán pelear en la instancia de playoffs.
Otras noticias: LPF Clausura 2026: Dos conferencias definen clasificados en una última jornada de alta tensión
Conferencia Oeste: Una lucha cerrada por el liderato
La tabla en el Oeste llega con tres contendientes directos por los puestos de privilegio y un cuarto equipo con esperanzas matemáticas.
Conferencia Este: Tres cupos para cuatro aspirantes
Con el primer lugar ya definido, la tensión se traslada a la pelea por los dos cupos restantes de playoffs.
Otras noticias: Andrés Andrade se corona campeón de la Copa de Austria con el LASK
Otras noticias: LPF Torneo Clausura 2026 resultados| La clasificación en la Conferencia Oeste se pone al rojo vivo
Con información del centro de prensa LPF."
2026-05-01,TVN,LPF Clausura 2026: Dos conferencias definen clasificados en una última jornada de alta tensión,deportes,"Panamá/La Liga Panameña de Fútbol disputará este sábado 2 de mayo la jornada 16 del Torneo Clausura 2026, fecha que pondrá fin a la fase regular y que definirá a los equipos clasificados a semifinales y playoffs en ambas conferencias.
El formato del campeonato establece que el primer lugar de cada conferencia avanza directamente a semifinales, mientras que el segundo y tercer puesto disputarán los playoffs, instancia que completará el cuadro de semifinalistas.
Con numerosos escenarios aún abiertos, la última jornada promete emociones en simultáneo en todo el país.
La Conferencia Oeste tendrá a cuatro clubes peleando por tres cupos disponibles a la siguiente ronda.
El compromiso más atractivo será el enfrentamiento directo entre Veraguas United y CAI, choque que podría definir al clasificado directo a semifinales en la conferencia.
Unión Coclé, igualado en puntos con el CAI, buscará aprovechar su duelo ante Herrera FC para asegurar su boleto y mantenerse en la lucha por el liderato.
Mientras tanto, San Francisco FC necesita ganar y esperar una combinación favorable para ingresar a puestos de clasificación.
En la Conferencia Este, cinco equipos mantienen opciones de avanzar a la siguiente fase en una lucha que promete extenderse hasta el pitazo final.
Aunque Plaza Amador ya parte con ventaja como líder, todavía debe asegurar matemáticamente el primer lugar frente a un Árabe Unido que necesita sumar para sostener sus aspiraciones.
Alianza FC, UMECIT FC, Tauro FC y el propio Árabe Unido también pelean por posiciones de clasificación, mientras que Sporting San Miguelito llega con opciones matemáticas de entrar a playoffs dependiendo de una combinación de resultados.
El duelo entre Alianza FC y Sporting San Miguelito, programado en el Estadio Rommel Fernández Gutiérrez, será transmitido por TVMAX, TVN Pass y el canal de YouTube de TVMAX Panamá.
La jornada 16 del Clausura 2026 definirá este sábado el destino de nueve equipos que aún mantienen aspiraciones de avanzar en la LPF.
Con semifinales directas, puestos de playoffs y eliminaciones en juego, el cierre de la fase regular promete una tarde y noche cargadas de dramatismo en el fútbol panameño."
2026-04-27,TVN,LPF Torneo Clausura 2026 resultados| La clasificación en la Conferencia Oeste se pone al rojo vivo,deportes,"Panamá/Los seis equipos que integran la Conferencia Oeste cerraron la jornada 15 con tres partidos cuyos resultados dejaron todo listo para una fecha 16 que llevará las emociones de los fanáticos al extremo.
A continuación hacemos una síntesis de lo ocurrido en el 'Salvaje Oeste'.
El Veraguas United se aferra al primer lugar de la Conferencia Oeste al empatar con el Unión Coclé, que lucha por entrar en los playoffs.
Juan Sagel le dio la ventaja parcial a los veragüenses con un gol al minuto 23.
Rogelio Rodríguez concretó el tanto del empate para los coclesanos al minuto 68.
El partido se realizó en el estadio Aristocles 'Toco' Castillo de la ciudad de Santiago.
El Club Atlético Independiente se impone al conjunto universitario en un juego que se llevó a cabo en el estadio Agustín 'Muquita' Sánchez de La Chorrera.
Brandon Waterman (40'), Iván Anderson (en propia portería al 86') y Keny Bonilla en tiempo de reposición (90+3') fueron los autores de las anotaciones del equipo 'vikingo'.
Víctor Ávila concretó un doblete pata Universitario con goles a los minutos 62 y 84.
Los 'Monjes' franciscanos avivaron sus esperanzas de meterse en la zona de playoffs tras vencer al elenco herrerano en el estadio Gustavo Posam de Parita.
Simao Garcés llevó adelante el ataque del San Francisco con dos goles, a los minutos 45 y 49. En tanto que Jorge Aristizábal concretó el tanto de Herrera FC al minuto 26.
Con los resultados de esta jornada, el Veraguas United alcanza 22 puntos en 15 jornadas que le tienen en el primer lugar de la Conferencia Oeste.
CAI y Unión Coclé FC están en la zona de playoffs con 20 unidades cada uno. Cerca está el San Francisco FC con 17 puntos.
Estos cuatro elencos son los que tienen posibilidades reales de pasar a la siguiente etapa. Cualquiera de los tres equipos que ocupan los primeros puestos de la conferencia podrían quedarse con el primer puesto. El San Francisco, aún mantiene vivas las esperanzas de permanecer en la competencia ya que necesita ganar su próximo partido y esperar que el CAI o Unión Coclé pierda por un margen de goles que le sea suficiente para colarse en los playoffs."
2026-04-25,TVN,LPF Torneo Clausura 2026 resultados| Sporting San Miguelito vs Tauro FC:  'Académicos' le asestan un golpe fuerte a los 'toros',deportes,"Panamá/El Sporting San Miguelito superó al Tauro FC, 2 goles por 0, en el Complejo Deportivo Los Andes. Un resultado perjudicial para los albinegros que luchan por clasificar a los playoffs del Torneo Clausura 2026 de la Liga Panameña de Fútbol (LPF).
Poco tiempo pasó para que el Sporting tomara la ventaja. Joel Barría interceptó el balón, ante una salida de la defensa taurina, y marcó el primer gol al minuto 4.
Gustavo Herrera marcó el segundo gol al minuto 71, el que aseguró un triunfo que le llevó a 18 puntos en 15 partidos.
Además esto limita al Tauro a 21 unidades y deja en suspenso su presencia en los playoffs.
Plaza Amador y UMECIT FC empataron, 2 por 2, en el COS Sports Plaza.
Los goles plazinos los anotaron Freddy Góndola (51')  y Omar Brownie (90+1'). En tanto que Erick Rodríguez (59') y Alberto García marcaron por los umecistas.
Por otra parte, Alianza FC y el Deportivo Árabe Unido igualaron 2 a 2 en el juego que disputaron en el estadio Agustin 'Muquita' Sánchez de La Chorrera.
Heuyín Guardia destacó con dos goles para los 'Verdolagas' a los minutos 6 y 34.
Dwann Oliveira (73' de penal) y Rolando Burgess (90+5') anotaron por el Árabe Unido."
2026-04-24,TVN,"LPF | Recta final, la Jornada 15 definirá el destino de los playoffs en el Torneo Clausura 2026",deportes,"Panamá/La Liga Panameña de Fútbol entra en su fase de máxima tensión con la llegada de la jornada 15 del Torneo Clausura 2026.
Este fin de semana, los equipos saltarán a la cancha con la obligación de sumar, ya que solo quedan dos fechas para definir quiénes avanzarán a las semifinales y a la ronda de playoffs. Con el objetivo de garantizar la justicia deportiva, los encuentros se disputarán de forma simultánea por conferencia.
Otras noticias: LPF | Conoce cómo está el camino a los playoffs a falta de dos jornadas del Torneo Clausura 2026
La acción inicia el sábado a las 8:00 p.m., donde el enfoque principal estará en el COS Sports Plaza. Allí, el actual líder, Plaza Amador (27 puntos), se medirá ante el UMECIT FC (21 puntos) en un choque directo donde los ""leones"" buscan asegurar su dominio en la cima.
Otros frentes de batalla en el Este incluyen:
Otras noticias: Panamá se jugará el pase directo al Mundial frente a Canadá en el Campeonato Concacaf W
Para el domingo, la adrenalina se traslada al Oeste a partir de las 4:00 p.m.. El duelo más atractivo será entre el puntero Veraguas United (21 puntos) y su escolta inmediato, Unión Coclé (19 puntos), quienes se verán las caras en el Estadio Toco Castillo por el control de la conferencia.
La cartelera dominical se completa con:
En esta instancia decisiva, cada punto vale oro y el margen de error es inexistente para los clubes que sueñan con el título nacional.
Otras noticias: Mike Stump lidera a la selección Sub20 de Panamá rumbo al Premundial de Concacaf"
2026-04-22,TVN,LPF | Conoce cómo está el camino a los playoffs a falta de dos jornadas del Torneo Clausura 2026,deportes,"Panamá/La Liga Panameña de Fútbol entra en su tramo más emocionante del Torneo Clausura 2026, luego de 14 jornadas disputadas que han dejado tablas muy apretadas en ambas conferencias. Con apenas dos fechas por jugarse, la lucha por los puestos a semifinales y playoffs está más abierta que nunca.
Otras noticias: LPF resultados | Los Vikingos no pudieron sostener la ventaja y empataron ante Herrera FC
En la Conferencia Este, el Plaza Amador se mantiene como líder sólido con 27 puntos, producto de 8 victorias, 3 empates y 3 derrotas, además de una diferencia de goles de +9. Detrás aparece el Alianza FC con 23 unidades, destacando por ser el equipo con menos derrotas (solo una). Más atrás, la pelea es intensa entre Tauro FC y UMECIT FC, ambos con 21 puntos, mientras que el Árabe Unido (20) aún se mantiene con opciones claras de clasificación. El Sporting San Miguelito cierra la tabla con 15 puntos, obligado a ganar y esperar resultados.
Por su parte, la Conferencia Oeste presenta un panorama aún más cerrado. Veraguas United lidera con 21 puntos, pero muy de cerca le siguen Unión Coclé (19) y el Club Atlético Independiente (CAI) con 17 unidades. Estos tres equipos pelean directamente por los cupos a la siguiente fase. Más rezagados, pero aún con posibilidades matemáticas, aparecen CD Universitario y San Francisco FC con 14 puntos, mientras que Herrera FC (8) prácticamente se despide de la clasificación.
La jornada 15 será clave y se jugará con partidos simultáneos, aumentando la tensión en ambos grupos. El sábado 25 de abril, desde las 8:00 p.m., el líder Plaza Amador recibirá a UMECIT FC en el COS Sports Plaza, en un duelo directo por la cima del Este. Al mismo tiempo, Sporting San Miguelito enfrentará a Tauro FC en el Estadio de Los Andes, mientras que Alianza FC chocará ante el Árabe Unido en el Estadio Agustín “Muquita” Sánchez.
Para el domingo 26 de abril, desde las 4:00 p.m., la acción se traslada al Oeste con tres encuentros simultáneos. Veraguas United se medirá ante Unión Coclé en el Estadio Toco Castillo, en un choque directo por el liderato. En paralelo, el CAI enfrentará al CD Universitario en La Chorrera, y Herrera FC recibirá a San Francisco FC en el Estadio Gustavo Posam, en un duelo donde ambos necesitan sumar para seguir con vida.
Con este panorama, la Liga Panameña de Fútbol Clausura 2026 entra en una fase decisiva donde cada punto vale oro y cualquier error puede costar la eliminación. La emoción está garantizada en la recta final del campeonato nacional."
2026-04-20,TVN,LPF resultados | Los Vikingos no pudieron sostener la ventaja y empataron ante Herrera FC,deportes,"Panamá/El Club Atlético Independiente y Herrera FC protagonizaron un intenso empate 2-2 en la jornada 14 de la Liga Panameña de Fútbol, en duelo disputado en el Estadio Agustín Muquita Sánchez.
El conjunto vikingo abrió el marcador al minuto 21 con anotación de Jafet Obando, tomando el control en la primera mitad. Sin embargo, en el complemento reaccionó Herrera FC, que encontró la igualdad al 66’ gracias a David Castillo.
El partido ganó en emociones y apenas seis minutos después, al 72’, el CAI volvió a adelantarse con gol de Davis Contreras, pero la respuesta fue inmediata: al 74’, Herrera selló el 2-2 definitivo, dejando sin respiro a los locales.
En los minutos finales, el CAI buscó el triunfo con insistencia, generando ocasiones claras, incluyendo un disparo al poste de Luis Fields, pero no logró romper la igualdad.
Con este resultado, el CAI suma 17 puntos y se mantiene en la tercera posición del Oeste, aunque con presión directa de CD Universitario y San Francisco FC, ambos con 14 unidades.
A falta de dos jornadas, la lucha por el cupo al play-in sigue completamente abierta y sin dueño definido."
2026-04-10,TVN,LPF Torneo Clausura 2026  resultado| Tauro FC atacó y derrotó a un Árabe Unido diezmado,deportes,"Panamá/El Tauro FC superó al Deportivo Árabe Unido, por 4 goles a 0, en el partido que comenzó la jornada 13 del Torneo Clausura 2026 de la Liga Panameña de Fútbil (LPF) que se realizó en el COS Sports Plaza.
Después de un primer tiempo sin novedades, el elenco colonense fue sorprendido por la expulsión de Alessandro Canales, quien recibió una tarjeta  roja por conducta antideportiva cuando la segunda parte tenía cinco minutos de haber iniciado.
El Árabe sintió la baja provocada por la salida de Canales, por lo que el Tauro salió con todo en busca de la victoria.
Kaleb Mosquera aprovechó una salida del portero Reynaldo Polo para rematar y darle la ventaja al equipo taurino al minuto 59.
Una mano en el área de Mario Breary provocó que Saed Díaz cobrara un tiro desde el punto penal y lo convirtiera en el segundo gol al 66.
Poco tiempo después, los albinegros cobraron otro penal luego de una falta cometida en el área por Chamir Dupuy. Díaz tomó nuevamente el balón y concretó el tercer tanto.
Posteriormente, al minuto 78, Víctor Medina batió a Polo y puso el cuarto tanto de los taurinos que suman tres puntos que son importantes en sus aspiraciones de clasificar a la siguiente fase del certamen."
2026-04-05,TVN,LPF resultados | Plaza Amador se quedó con el segundo Clásico Nacional del Torneo Clausura 2026,deportes,"Panamá/La Liga Panameña de Fútbol vivió una nueva edición del Clásico Nacional, en el marco de la jornada 12 del Torneo Clausura 2026, dejando como gran protagonista a Plaza Amador, que se impuso por la mínima ante su eterno rival, Tauro FC.
En un partido intenso y muy disputado, los llamados leones del Plaza Amador lograron marcar la diferencia gracias a la experiencia de Alberto “Negrito” Quintero, quien al minuto 64 convirtió el único tanto del encuentro desde el punto penal. El gol desató la celebración de los placinos, que supieron sostener la ventaja hasta el pitazo final frente a unos albinegros del Tauro FC que lo intentaron, pero sin efectividad.
Con este importante triunfo en el Clásico Nacional, Plaza Amador no solo se queda con el orgullo, sino que además asume el liderato de la Conferencia del Este al sumar 23 puntos, consolidándose como uno de los equipos más sólidos del campeonato.
En otros resultados de la jornada, el San Francisco FC consiguió una valiosa victoria de 1-0 ante Veraguas United, gracias a un gol de Ronaldo Dinolis, en un encuentro donde los chorreranos mostraron orden y contundencia. Por su parte, UMECIT FC y Alianza FC protagonizaron un empate 1-1; los goles fueron obra de Carlos Rodríguez para los “pericos” y Jesús Araya para los umecistas.
La acción de la jornada 12 del Torneo Clausura 2026 continúa este domingo con dos compromisos atractivos. Desde las 4:00 p.m., Unión Coclé se enfrentará al Club Atlético Independiente (CAI) en el estadio Virgilio Tejeira, en un duelo clave por la tabla. Más tarde, a las 6:15 p.m., el Deportivo Árabe Unido chocará ante Sporting San Miguelito en el COS Sports Plaza, en otro partido que promete emociones.
Así, la LPF sigue avanzando con una jornada cargada de emociones, goles y movimientos importantes en la tabla de posiciones."
2026-04-04,TVN,LPF | Cierre de Semana Santa con partidos de la Liga Panameña de Fútbol en jornada 12,deportes,"Panamá/La emoción del fútbol no se detiene y la Liga Panameña de Fútbol vivirá una intensa jornada 12 en pleno cierre de Semana Santa, con partidos clave que pueden mover la tabla de posiciones y definir el rumbo del torneo.
La jornada arranca este sábado con tres compromisos atractivos. Desde las 4:00 p.m., el San Francisco FC (10 pts) recibe al Veraguas United (15 pts) en el Estadio Agustín Muquita Sánchez, en un duelo donde los locales necesitan sumar para salir del fondo, mientras que la visita buscará consolidarse en zona competitiva.
Más tarde, a las 6:15 p.m., el UMECIT FC (18 pts) se mide ante el Alianza FC (20 pts) en el COS Sports Plaza. Este choque promete intensidad, ya que ambos clubes pelean en la parte alta de la tabla y una victoria puede marcar diferencia en la lucha por el liderato.
El plato fuerte de la jornada sabatina llegará a las 8:30 p.m. con el Clásico Nacional entre el Tauro FC (17 pts) y el Plaza Amador (20 pts), que se disputará en el Yappy Park. Un duelo cargado de historia, rivalidad y presión, donde ambos equipos buscarán imponer condiciones en uno de los partidos más esperados del torneo.
La acción continúa el domingo 5 de abril con dos enfrentamientos importantes. En primer turno, el Unión Coclé (15 pts) se enfrenta al CAI (14 pts) en el Estadio Virgilio Tejeira, en un partido que será transmitido por TVMAX. Ambos equipos llegan muy parejos, por lo que cada punto será vital en sus aspiraciones.
Luego, desde las 6:15 p.m., el Deportivo Árabe Unido (16 pts) se medirá ante el Sporting San Miguelito (14 pts) en el COS Sports Plaza. Este duelo también promete mucha intensidad, con dos equipos que buscan meterse de lleno en la pelea por los puestos de clasificación.
La jornada 12 se cerrará el lunes 6 de abril a las 8:30 p.m., cuando el CD Universitario (8 pts) reciba al Herrera FC (7 pts) en el Estadio Universidad Latina. Este encuentro será clave en la lucha por salir de la parte baja de la tabla, en un duelo directo por sumar oxígeno en el campeonato.
Con enfrentamientos directos entre equipos de la parte alta y duelos claves en la zona baja, esta jornada 12 de la LPF promete emociones, intensidad y movimientos importantes en la clasificación.
El cierre de la Semana Santa se vivirá con fútbol en Panamá, donde cada partido puede ser determinante en la carrera hacia la siguiente fase del torneo."
2026-03-29,TVN,LPF Torneo Clausura 2026 resultado| Sporting San Miguelito vs San Francisco FC: 'Monjes' toman un respiro en Los Andes,deportes,"Panamá/El San Francisco FC se impuso por la mínima (1-0) al Sporting San Miguelito gracias a un tempranero gol de Ronaldo Dinolis al minuto 2, en un encuentro correspondiente a la jornada 11 del Torneo Clausura 2026 de la Liga Panameña de Fútbol (LPF), disputado en el Complejo Deportivo Los Andes.
A pesar de la derrota, el Sporting San Miguelito dominó varios apartados del juego. El conjunto local registró un 58 % de posesión de balón, frente al 42 % del San Francisco FC, además de generar mayor volumen ofensivo con 113 ataques contra 86 de su rival.
En acciones a balón parado, el Sporting también fue superior con 10 tiros de esquina, mientras que el San Francisco sumó 4. En cuanto a los fueras de juego, los locales incurrieron en tres, por uno de los visitantes.
En el apartado disciplinario, ambos equipos mantuvieron un juego relativamente limpio, sin expulsados. Sin embargo, el Sporting San Miguelito recibió tres tarjetas amarillas, mientras que el San Francisco FC fue amonestado en una ocasión.
Otros indicadores reflejan que el Sporting realizó 18 saques de banda y apenas 3 saques de puerta, en contraste con los 21 saques de banda y 13 saques de puerta ejecutados por el equipo visitante.
En otro juego de la cartelera dominical, el Alianza FC doblegó a Herrera FC en el estadio Gustavo Posam de Parita.
Anthony Stewart abrió el marcador por el elenco verdolaga al minuto 19. Posteriormente llegó el tanto del empate herrerano por medio de Samuel Batchelor, al 79.
Heuyín Guardia concretó, al minuto 87, el tanto del triunfo para el Alianza.
La jornada 11 inició el viernes 27 de marzo con la victoria del Tauro FC sobre el CD Universitario en el COS Sports Plaza, por 2 goles a 0, con las anotaciones de Adrián Olivardía (13') y Ángel Díaz (88').
El sábado 28 se realizaron dos partidos. El UMECIT FC goleó al Veraguas United, por 4 a 1, en el estadio Aristocles 'Toco' Castillo. Oscar Becerra (53'), Hiberto Peralta (62'), Alberto Saldaña (80') y Andrick Edwards (85') anotaron por los umecistas y Estevis López (30') marcó por los veragüenses.
Además Plaza Amador superó a Unión Coclé, por 1 a 0, en el COS Sports Plaza. El único tanto lo marcó Rudy Yearwood en tiempo de reposición (90+5´)."
2026-03-23,TVN,LPF Torneo Clausura 2026 resultado| UMECIT FC 'rompe el hielo' en las postrimerías ante Herrera FC,deportes,"Panamá/UMECIT FC se impuso por la mínima (1-0) ante Herrera FC en el partido que puso fin a la jornada 10 del Torneo Clausura 2026 de la Liga Panameña de Fútbol (LPF), disputado en el COS Sports Plaza.
El único tanto del compromiso llegó al minuto 80, cuando Jesús Araya marcó la diferencia en un duelo parejo y disputado.
En cuanto a las estadísticas, la posesión del balón fue ligeramente favorable a Herrera FC, con un 51%, frente al 49% de UMECIT FC. El conjunto herrerano también lideró en remates totales (10 contra 8), aunque ambos equipos igualaron en tiros a puerta, con cuatro cada uno.
Los saques de esquina terminaron equilibrados (5-5), al igual que la intensidad ofensiva, con 114 ataques para UMECIT FC y 97 para Herrera FC. En fueras de juego, Herrera registró dos, mientras que UMECIT sumó uno.
En el apartado disciplinario, no se mostraron tarjetas rojas. UMECIT FC recibió tres tarjetas amarillas, mientras que Herrera FC vio una.
Otros datos reflejan que UMECIT realizó 21 saques de banda y 7 de puerta, en contraste con los 22 saques de banda y 11 de puerta ejecutados por Herrera FC.
Con este resultado, UMECIT FC cierra la jornada con una victoria ajustada en un encuentro de escasas diferencias y alta competitividad."
2026-03-22,TVN,LPF resultados | Plaza Amador y Deportivo Árabe Unido dieron cátedra en la jornada 10,deportes,"Panamá/La Liga Panameña de Fútbol (LPF) continúa su curso en el Torneo Clausura 2026, dejando resultados clave que comienzan a perfilar la lucha por la clasificación en ambas conferencias.
En el Estadio de La Chorrera, el Plaza Amador consiguió un valioso triunfo por 0-1 sobre el Club Atlético Independiente (CAI), gracias a una anotación del líder goleador del torneo, José Gasper Murillo (6 goles). El popular ""Gasper"" volvió a ser determinante, consolidándose como la gran figura ofensiva de la temporada.
Con esta victoria, el Plaza Amador se coloca como líder momentáneo de la Conferencia Este con 17 puntos, a la espera del resultado entre Alianza FC y Unión Coclé. Por su parte, el CAI se mantiene como colíder en el Oeste junto a Unión Coclé, ambos con 14 unidades, en una cerrada disputa por la cima.
En otro compromiso de la jornada, el Deportivo Árabe Unido (DAU) logró una importante victoria 1-0 sobre el CD Universitario, con gol de Rubén Collymore, quien marcó su primer tanto de la campaña.
Este resultado permite al DAU escalar hasta la quinta posición del Este con 13 puntos, manteniéndose en la pelea por los puestos de clasificación, a la espera del duelo entre UMECIT FC y Herrera FC, ya que UMECIT suma 12 unidades y podría superarlos.
Mientras tanto, el CD Universitario se ubica en la cuarta posición de la Conferencia Oeste con 8 puntos, obligado a reaccionar en las próximas jornadas si quiere mantenerse en la contienda.
La LPF Clausura 2026 sigue mostrando un torneo competitivo y parejo, donde cada punto puede marcar la diferencia en la lucha por avanzar a la siguiente fase."
2026-03-21,TVN,LPF Torneo Clausura 2026 resultado| San Francisco FC vs Tauro FC: albinegros golean en el 'Muquita' Sánchez,deportes,"Panamá/Tauro FC se impuso con autoridad por 4-1 sobre San Francisco FC en el partido que dio inicio a la jornada 10 del Torneo Clausura 2026 de la Liga Panameña de Fútbol (LPF), disputado en el estadio Agustín “Muquita” Sánchez de La Chorrera.
El conjunto taurino resolvió el encuentro en el tramo final, luego de que Saed Díaz abriera el marcador al minuto 55. Más adelante, Jan Vargas (80’) amplió la ventaja, seguido por Jonathan Ceceña (83’) y Víctor Medina (87’), quienes sentenciaron el compromiso. Por el equipo local, Simao Garcés descontó al 86’.
En cuanto a las estadísticas, San Francisco FC dominó la posesión del balón con un 55% frente al 45% de Tauro FC; sin embargo, el equipo visitante fue mucho más efectivo en ataque. Tauro registró 13 remates totales, ocho de ellos a puerta, mientras que San Francisco apenas generó tres disparos, dos con dirección al arco.
Ambos equipos igualaron en saques de esquina (3-3), mientras que Tauro cayó en fuera de juego en tres ocasiones y San Francisco no registró infracciones de este tipo. En el apartado disciplinario, no se mostraron tarjetas rojas, pero sí hubo amonestaciones: tres para San Francisco y cuatro para Tauro.
El conjunto chorrerano acumuló 135 ataques frente a 97 de Tauro, aunque sin la contundencia necesaria para traducir ese dominio en el marcador. En otros aspectos del juego, San Francisco realizó 21 saques de banda y nueve saques de puerta, mientras que Tauro ejecutó 16 y seis, respectivamente.
Pese a ceder la iniciativa en varios tramos del partido, Tauro FC mostró mayor eficacia y se llevó tres puntos importantes en el arranque de la jornada."
2026-03-20,TVN,LPF | Con el choque San Francisco FC vs Tauro FC inicia la jornada 10 del Torneo Clausura,deportes,"Panamá/La Liga Panameña de Fútbol (LPF) entra en un momento clave con la disputa de la jornada 10 del Torneo Clausura 2026, donde cada punto comienza a pesar en la lucha por la clasificación.
Uno de los encuentros más atractivos de la fecha será el choque entre el San Francisco FC y el Tauro FC, dos equipos históricos que atraviesan momentos distintos, pero con la misma urgencia de sumar.
El conjunto “monje” llega ubicado en la quinta posición de la Conferencia Oeste con 7 puntos, producto de una victoria, cuatro empates y cuatro derrotas. Además, suma 12 goles a favor y 17 goles en contra, reflejando problemas defensivos que han condicionado su rendimiento en este Clausura 2026. Por su parte, Tauro FC se encuentra en la quinta casilla del Este con 11 unidades, con un balance más equilibrado: nueve goles anotados y nueve recibidos.
Este enfrentamiento no solo representa tres puntos en disputa, sino también la oportunidad de recuperar confianza y meterse de lleno en la pelea por los puestos de clasificación. Para San Francisco FC será clave hacerse fuerte en casa, mientras que Tauro FC intentará aprovechar su orden táctico para sacar un resultado positivo como visitante.
En la tabla de posiciones, la Conferencia Este es liderada por Alianza FC con 16 puntos, seguido de Plaza Amador y Sporting San Miguelito, ambos con 14 unidades. Más abajo aparece UMECIT FC con 12 puntos, mientras Tauro FC cierra el grupo de los cinco primeros.
En el Oeste, el liderato lo comparten el Club Atlético Independiente y Unión Coclé, ambos con 14 puntos, aunque el CAI cuenta con mejor diferencia de goles. Veraguas United ocupa la tercera plaza con 12 unidades, seguido por Club Deportivo Universitario con 8. San Francisco FC, junto a Herrera FC, completa la tabla con 7 puntos.
La jornada 10 continuará el sábado 21 de marzo con dos compromisos de alto interés. A las 6:15 p.m., el CAI recibirá a Plaza Amador en el estadio Agustín “Muquita” Sánchez de La Chorrera, en un duelo directo entre aspirantes al liderato. Más tarde, a las 8:30 p.m., Deportivo Árabe Unido se medirá ante Club Deportivo Universitario en el COS Sports Plaza.
El domingo 22 de marzo, la acción seguirá con el choque entre Unión Coclé y Alianza FC desde las 4:00 p.m. en el estadio Virgilio Tejeira. Luego, a las 6:15 p.m., Sporting San Miguelito enfrentará a Veraguas United en el COS Sports Plaza.
Finalmente, la jornada se cerrará el lunes 23 de marzo con el partido entre UMECIT FC y Herrera FC, programado para las 8:30 p.m. en el COS Sports Plaza.
Con una tabla apretada en ambas conferencias, la LPF vive semanas decisivas donde cada resultado puede marcar el rumbo de los equipos. El duelo entre San Francisco FC y Tauro FC será, sin duda, uno de los grandes focos de esta jornada vibrante del fútbol panameño."
2026-03-15,TVN,LPF Torneo Clausura 2026 resultado| Herrera FC rescata un punto ante Sporting San Miguelito,deportes,"Panamá/Herrera FC y Sporting San Miguelito empataron 1-1 este domingo en la continuación de la jornada 9 del Liga Panameña de Fútbol (LPF), correspondiente al Torneo Clausura 2026.
El encuentro se disputó en el estadio Gustavo Posam de Parita.
Sporting se adelantó en el marcador al minuto 45+1, cuando Adrián Bethancourt convirtió un penal para poner el 1-0 antes del descanso. Sin embargo, Herrera reaccionó de inmediato en el inicio de la segunda parte y logró el empate al minuto 46 por medio de Alejandro Peñalba.
El conjunto herrerano terminó el partido con un jugador menos tras la expulsión de Patrick Pérez al minuto 82.
En las estadísticas generales, Sporting San Miguelito dominó la posesión del balón con 65%, frente al 35% de Herrera FC. Los capitalinos también tuvieron más saques de esquina (6 contra 4). Ninguno de los equipos registró fueras de juego.
En el apartado ofensivo, Herrera sumó 70 ataques, mientras que Sporting contabilizó 66. En jugadas a balón parado, Sporting realizó 28 saques de banda frente a 8 del equipo local, mientras que Herrera ejecutó 12 saques de puerta y su rival 7.
En el renglón disciplinario, Herrera FC acumuló cuatro tarjetas amarillas y una roja, mientras que Sporting San Miguelito recibió dos amonestaciones.
En el partido de fondo de la cartelera dominical, el equipo aliancista superó al Club Atlético Independiente por la mínima diferencia en el estadio Rommel Fernández Gutiérrez
Heuyín Guardia marcó el único gol del encuentro al minuto 17'.
La novena jornada inició el viernes 13 de marzo con la victoria del Deportivo Árabe Unido sobre el San Francisco FC, por 1 a 0, en el estadio Agustín 'Muquita' Sánchez de La Chorrera. El gol lo anotó Alessandro Canales al minuto 71.
El sábado 14 hubo dos partidos más. Veraguas United y Tauro FC empataron 1-1 en el estadio Aristocles 'Toco' Castillo. Gabriel Torres marcó por el equipo veragüense al minuto 10 y Ángel Díaz igualó por los taurinos en tiempo de reposición (45+2').
Por otra parte, el Plaza Amador venció al CD Universitario, por 4 a 3, en el Estadio Universidad Latina de Penonomé. Daivis Murillo (7'), Freddy Góndola (28'), Alberto Quintero (38') y José Murillo (44') marcaron por los plazinos. En tanto,  Aldair McKenzie (3', 72') y Joel Clarke (52') anotaron por los universitarios."
2026-03-09,TVN,LPF Torneo Clausura 2026 resultado| Veraguas United se impone al Árabe Unido en cierre de la jornada 8,deportes,"Panamá/En un partido intenso correspondiente a la jornada 8 del Torneo Clausura 2026 de la Liga Panameña de Fútbol (LPF), Veraguas United se impuso 3-2 sobre Árabe Unido en el COS Sports Plaza.
El conjunto colonense abrió el marcador apenas al minuto 2 con un gol de Joseph Cox, pero la reacción visitante no tardó en llegar. Miguel Camargo empató el encuentro al minuto 30 y, siete minutos después, Gabriel Torres puso en ventaja a Veraguas United.
En la segunda mitad, Camargo volvió a aparecer al minuto 61 para ampliar la diferencia y firmar su doblete. Árabe Unido intentó reaccionar en los minutos finales y descontó al 83 con anotación de Gustavo Chara, pero el tiempo no fue suficiente para evitar la derrota.
En las estadísticas, Veraguas United dominó ligeramente la posesión con 54% frente al 46% de Árabe Unido. Ambos equipos registraron siete remates en total, aunque el conjunto veragüense fue más efectivo, con seis disparos a puerta contra tres de los locales.
Árabe Unido generó mayor volumen ofensivo con 132 ataques frente a 107 de su rival y consiguió cuatro tiros de esquina, mientras que Veraguas United no logró ejecutar ninguno. En el apartado disciplinario, el duelo se mantuvo sin expulsiones, aunque ambos equipos recibieron cuatro tarjetas amarillas."
2026-03-08,TVN,LPF resultado | Club Atlético Independiente empata con UMECIT FC en la jornada 8 del Clausura 2026,deportes,"Panamá/El Club Atlético Independiente y el UMECIT FC empataron 1-1 este domingo en el cierre de la jornada 8 del Torneo Clausura 2026 de la Liga Panameña de Fútbol (LPF), en un partido intenso que tuvo goles, polémicas y dos expulsiones.
El conjunto universitario tomó la ventaja temprano en el marcador. Al minuto 8, Andrick Edwards convirtió desde el punto penal para adelantar a UMECIT, aprovechando la oportunidad para poner en aprietos al líder de la Conferencia Oeste.
Sin embargo, el CAI reaccionó en la segunda mitad y logró igualar el compromiso. Al minuto 48, Dvis Contreras apareció para marcar el 1-1, devolviendo la esperanza al conjunto vikingo en un duelo que se mantuvo muy disputado hasta el final.
El encuentro también estuvo marcado por la intensidad y las decisiones disciplinarias. El árbitro mostró dos tarjetas rojas: por el lado del Independiente fue expulsado el delantero Jafet Obando, mientras que por UMECIT vio la roja el portero Celino Hinojosa, dejando a ambos equipos con diez jugadores en el tramo final del compromiso.
Con este resultado, el Club Atlético Independiente se mantiene como líder de la Conferencia Oeste con 14 puntos, mientras que el UMECIT FC se ubica en la cuarta posición con 11 unidades, manteniéndose en la pelea dentro del Clausura 2026 de la LPF.
El Sporting San Miguelito consiguió una valiosa victoria como visitante al derrotar 1-2 al Unión Coclé en el estadio de Penonomé, en partido correspondiente a la jornada 8 del Torneo Clausura 2026 de la Liga Panameña de Fútbol (LPF).
El conjunto académico golpeó temprano en el encuentro. Al minuto 10, Dylan Cedeño abrió el marcador para Sporting San Miguelito, adelantando a los visitantes y marcando el ritmo del compromiso desde los primeros minutos.
El equipo local reaccionó y logró empatar el partido al minuto 23, cuando Rogelio Rodríguez convirtió desde el punto penal para colocar el 1-1 momentáneo y devolver la ilusión a Unión Coclé frente a su afición.
Sin embargo, antes del descanso llegó el gol que terminaría definiendo el encuentro. Al minuto 45, Ramsés de León apareció para anotar el 1-2 a favor de Sporting San Miguelito, tanto que terminó siendo definitivo para asegurar los tres puntos de los académicos.
Con este triunfo, el Sporting San Miguelito escala posiciones en la Conferencia Este y llega a 13 puntos, ubicándose en el segundo lugar de la tabla. Por su parte, el Unión Coclé se mantiene en la segunda posición de la Conferencia Oeste con 13 unidades, pese a la derrota en casa."
2026-03-08,TVN,"LPF resultados y previa, antecedentes del choque CAI vs UMECIT EN VIVO por TVMAX",deportes,"Panamá/La jornada 8 del Torneo Clausura 2026 de la Liga Panameña de Fútbol (LPF) dejó movimientos importantes en la tabla y resultados que comienzan a marcar el rumbo del campeonato, especialmente en la Conferencia Este, donde la lucha por los puestos de clasificación se mantiene muy cerrada.
La fecha se puso en marcha el viernes con un empate sin goles entre el Tauro FC y el Herrera FC. El resultado terminó complicando las aspiraciones de los albinegros en la Conferencia Este, ya que apenas sumaron un punto que los deja en la quinta posición con 10 unidades. Por su parte, el conjunto herrerano llegó a 6 puntos, pero continúa en el último lugar de la Conferencia Oeste, obligado a reaccionar en las próximas jornadas si quiere mantenerse con opciones de clasificación.
La actividad continuó el sábado con dos compromisos claves. En el primero, el Alianza FC logró una valiosa victoria como visitante al derrotar 0-1 al Club Deportivo Universitario. El único gol del encuentro fue obra de Reyniel Perdomo, quien aprovechó su oportunidad para darle tres puntos importantes a los verdolagas.
En el otro duelo sabatino, el Plaza Amador se hizo fuerte y superó 2-1 al San Francisco FC en un partido intenso. Los goles del conjunto placino llegaron por intermedio de Freddy Góndola y Daivis Murillo, mientras que el equipo monagrillero intentó reaccionar, pero no logró evitar la derrota.
La jornada 8 de la LPF continuará este domingo con dos encuentros que prometen emociones. A partir de las 4:00 p.m., el Unión Coclé recibirá al Sporting San Miguelito. Posteriormente, a las 6:15 p.m., el Club Atlético Independiente se enfrentará al UMECIT FC en un duelo que será transmitido por TVMAX.
Los enfrentamientos recientes entre el Club Atlético Independiente y el UMECIT FC reflejan una serie bastante equilibrada en la Liga Panameña de Fútbol (LPF), con partidos cerrados y marcadores ajustados en sus últimos cinco choques.
El antecedente más reciente se registró el 4 de octubre de 2025, cuando UMECIT FC sorprendió como visitante al imponerse 0-1 ante el CAI. Ese resultado representó un golpe importante para los vikingos en casa y demostró la capacidad del conjunto universitario para competir en escenarios complicados dentro del Torneo de la LPF.
Antes de ese duelo, ambos equipos se enfrentaron el 10 de mayo de 2025, en un partido que terminó 1-1. En ese compromiso disputado en la cancha de UMECIT, el encuentro estuvo marcado por la paridad y el equilibrio en el juego, reflejando la intensidad que caracteriza este duelo del fútbol panameño.
Sin embargo, el Club Atlético Independiente había logrado imponerse previamente en dos ocasiones consecutivas. El 17 de enero de 2025, el conjunto vikingo venció 2-1 a UMECIT, mostrando su fortaleza ofensiva y su capacidad para aprovechar la localía en la LPF.
Ese dominio también se vio reflejado el 7 de octubre de 2024, cuando el CAI volvió a derrotar 2-1 al equipo universitario en otro encuentro muy disputado. En ambos compromisos, la efectividad ofensiva y la solidez del conjunto independiente fueron factores determinantes para quedarse con los tres puntos.
El quinto antecedente en esta serie se remonta al 4 de agosto de 2024, cuando UMECIT e Independiente igualaron 0-0 en un partido muy táctico, donde las defensas se impusieron sobre los ataques y ninguno logró romper el equilibrio.
En resumen, en los últimos cinco enfrentamientos entre Independiente y UMECIT, el balance muestra dos victorias para CAI, una para UMECIT y dos empates, lo que confirma que se trata de un duelo cada vez más competitivo dentro de la LPF. ⚽
Con varios equipos peleando por posiciones en ambas conferencias, la LPF Clausura 2026 sigue demostrando un torneo competitivo donde cada punto puede marcar la diferencia rumbo a la fase final."
2026-03-02,TVN,LPF Torneo Clausura 2026 resultado| San Francisco FC y Alianza FC firman empate en duelo de goles,deportes,"Panamá/En un duelo vibrante correspondiente a la séptima jornada del Torneo Clausura 2026 de la Liga Panameña de Fútbol (LPF), Alianza FC y San Francisco FC igualaron 3-3 en el Estadio Rommel Fernández, en un partido cargado de intensidad y alternativas en el marcador.
El conjunto verdolaga golpeó primero con el tanto de Yeison Ortega al 45+3’, justo antes del descanso. En el arranque del segundo tiempo, Heuyín Guardia amplió la ventaja con un doblete a los 47’ y 53’, desatando la euforia en las gradas.
Sin embargo, San Francisco FC reaccionó con carácter. Kevin Calderón abrió la cuenta para los visitantes al 31’, mientras que Guillermo Benítez recortó distancias al 59’. Cuando parecía que Alianza se quedaba con los tres puntos, Jean Rivera apareció al 87’ para decretar el definitivo 3-3.
En el apartado estadístico, San Francisco FC dominó la posesión con un 58% frente al 42% de Alianza, aunque los locales generaron más remates (11 contra 9). Ambos equipos registraron seis disparos a puerta y ejecutaron cuatro tiros de esquina cada uno, reflejando la paridad del compromiso.
No hubo expulsados en el encuentro. Alianza acumuló cuatro tarjetas amarillas, mientras que San Francisco vio dos cartulinas preventivas. En ataques totales, el conjunto capitalino sumó 99 aproximaciones frente a 96 de su rival.
La jornada 7 comenzó con la victoria del equipo coclesano sobre el conjunto taurino en el estadio Rommel Fernández Gutiérrez.
Mario Carmona se constituyó en la figura del partido para el Unión Coclé al anotar dos goles a los minutos 50 y 66. El tercer tanto lo concretó Rolando Herrera al 77.
Cristian Quintero marcó el gol del Tauro al minuto 46.
Los umecistas superaron a los universitarios en el COS Sports Plaza.
Andrick Edwards (39'), Cristian Mora (53') y Andrés Palmezano (77') anotaron por el UMECIT.
El elenco plazino sacó un empate en su visita al estadio Aristocles 'Toco' Castillo donde enfrentó al colectivo veragüense.
Miguel Camargo adelantó a los locales con un gol al minuto 26. Recién iniciado el segundo tiempo, el Plaza empató mediante un tanto de Alberto Quintero (46').
El Herrera FC logró una victoria de carácter al imponerse 2-1 sobre el Deportivo Árabe Unido  en un encuentro disputado en el Estadio Gustavo Posam.
El cuadro colonense se adelantó apenas iniciado el compromiso con un tanto de Joseph Cox.
Al minuto 8, Jhonny López firmó el empate para equilibrar las acciones.
Cuando el empate parecía definitivo, José Rivera apareció al minuto 86 para marcar el 2-1 definitivo, desatando la celebración en Parita y sellando una remontada que devuelve confianza al equipo herrerano.
El equipo académico y el Club Atlético Independiente en el COS Sports Plaza.
Jafet Obando anotó el gol del elenco vikingo, al minuto 26. En tanto que el empate del Sporting llegó al 33 por medio de Rodrigo Tello."
2026-03-01,TVN,"LPF Torneo Clausura 2026 resultado| Herrera FC, con un jugador menos, saca la garra ante Árabe Unido",deportes,"Panamá/El Herrera FC logró una victoria de carácter al imponerse 2-1 sobre el Deportivo Árabe Unido en la séptima jornada del Torneo Clausura 2026 de la Liga Panameña de Fútbol, en un encuentro disputado en el Estadio Gustavo Posam.
El conjunto herrerano, que venía de caer 7-2 ante el Plaza Amador en la fecha anterior, mostró capacidad de reacción pese a quedarse con un hombre menos y consiguió tres puntos importantes ante su afición.
El cuadro colonense se adelantó apenas iniciado el compromiso con un tanto de Joseph Cox, obligando al Herrera a remar desde temprano contra la corriente.
La respuesta no tardó en llegar: al minuto 8, Jhonny López firmó el empate para equilibrar las acciones.
Antes del descanso, el elenco local sufrió un nuevo revés cuando Osman Rivera vio la tarjeta roja directa, dejando a su equipo en inferioridad numérica para toda la segunda mitad.
En el complemento, el Árabe Unido intentó sacar provecho de la ventaja en hombres, pero careció de claridad en los metros finales. Herrera, en cambio, apeló al orden defensivo y al empuje colectivo para mantenerse en partido.
Cuando el empate parecía definitivo, José Rivera apareció al minuto 86 para marcar el 2-1 definitivo, desatando la celebración en Parita y sellando una remontada que devuelve confianza al equipo herrerano.
La jornada 7 comenzó con la victoria del equipo coclesano sobre el conjunto taurino en el estadio Rommel Fernández Gutiérrez.
Mario Carmona se constituyó en la figura del partido para el Unión Coclé al anotar dos goles a los minutos 50 y 66. El tercer tanto lo concretó Rolando Herrera al 77.
Cristian Quintero marcó el gol del Tauro al minuto 46.
Los umecistas superaron a los universitarios en el COS Sports Plaza.
Andrick Edwards (39'), Cristian Mora (53') y Andrés Palmezano (77') anotaron por el UMECIT.
El elenco plazino sacó un empate en su visita al estadio Aristocles 'Toco' Castillo donde enfrentó al colectivo veragüense.
Miguel Camargo adelantó a los locales con un gol al minuto 26. Recién iniciado el segundo tiempo, el Plaza empató mediante un tanto de Alberto Quintero (46')."
2026-03-01,TVN,LPF Torneo Clausura 2026| Herrera FC vs Árabe Unido: previa del partido de la jornada 7,deportes,"Panamá/Dos equipos necesitados de victorias se enfrentan este domingo en la séptima jornada del Torneo Clausura 2026 de la Liga Panameña de Fútbol (LPF). Herrera FC recibe al Deportivo Árabe Unido en el estadio Gustavo Posam de Parita.
Este enfrentamiento tiene como protagonistas a los dos equipos que se encuentran en los últimos lugares de sus respectivas conferencias. El Árabe Unido suma siete puntos, y aunque está en el sexto puesto de la Conferencia Este, está a una unidad del Plaza Amador que es quinto con ocho unidades. Una victoria le sacaría del sótano y le metería en la pelea en momentos que el certamen está por llegar a la mitad de su calendario en la fase regular.
Por su parte, el Herrera FC pasa por momentos difíciles. Apenas tiene dos unidades en seis partidos jugados por lo que es último en la Conferencia Oeste. En caso de salir airoso sumaría su primer triunfo del torneo lo que podría darle un impulso para seguir luchando.
Este será el primer juego de una doble cartelera dominical que culminará con el cotejo entre Sporting San Miguelito y CAI que se realizará en el COS Sports Plaza a las 6:15 p.m.
Un total de tres juegos se han realizado en esta jornada que inició el viernes 27 de febrero y han dejado los siguientes resultados:
La jornada 7 comenzó con la victoria del equipo coclesano sobre el conjunto taurino en el estadio Rommel Fernández Gutiérrez.
Mario Carmona se constituyó en la figura del partido para el Unión Coclé al anotar dos goles a los minutos 50 y 66.  El tercer tanto lo concretó Rolando Herrera al 77.
Cristian Quintero marcó el gol del Tauro al minuto 46.
Los umecistas superaron a los universitarios en el COS Sports Plaza.
Andrick Edwards (39'), Cristian Mora (53') y Andrés Palmezano (77') anotaron por el UMECIT.
El elenco plazino sacó un empate en su visita al estadio Aristocles 'Toco' Castillo donde enfrentó al colectivo veragüense.
Miguel Camargo adelantó a los locales con un gol al minuto 26. Recién iniciado el segundo tiempo, el Plaza empató mediante un tanto de Alberto Quintero (46')."
2026-02-28,TVN,LPF Torneo Clausura 2026 resultado| Unión Coclé FC le asesta un golpe fuerte al Tauro FC,deportes,"Panamá/El recién ascendido Unión Coclé FC firmó una victoria de peso al imponerse 3-1 sobre el Tauro FC, en el encuentro que abrió la jornada 7 del Torneo Clausura 2026 de la Liga Panameña de Fútbol, disputado en el Estadio Rommel Fernández Gutiérrez.
El conjunto taurino golpeó primero en el arranque del segundo tiempo, cuando Cristian Quintero adelantó a los capitalinos al minuto 46. Sin embargo, la reacción coclesana fue inmediata: Mario Carmona igualó las acciones al 50 y, más adelante, al 66, firmó su doblete para darle la vuelta al marcador.
Con Tauro volcado al ataque en busca del empate, Rolando Herrera sentenció el compromiso al 77, asegurando tres puntos valiosos para los visitantes.
El triunfo coloca a Unión Coclé como líder provisional de la Conferencia Oeste, con 13 puntos en siete presentaciones, consolidando su buen momento en su primera campaña en la LPF. Tauro, por su parte, encajó su segunda derrota del torneo y se mantiene con nueve unidades.
Pese al resultado, el compromiso fue equilibrado en varios renglones. La posesión favoreció ligeramente a Unión Coclé (51% frente a 49%). Ambos equipos registraron ocho remates totales; Tauro realizó cinco disparos a puerta, mientras que los coclesanos sumaron cuatro.
En los tiros de esquina, los taurinos dominaron con 12 contra 3. Se señalaron dos fueras de juego para Tauro y tres para Unión Coclé. No hubo expulsados, aunque sí cinco tarjetas amarillas para los locales y tres para la visita.
En el apartado ofensivo, Tauro contabilizó 100 ataques frente a 82 de Unión Coclé, reflejo de un partido intenso que terminó inclinándose a favor de la efectividad visitante."
2026-02-26,TVN,Sporting en la Copa de Campeones Concacaf | Tres académicos en el top 5 tras duelo ante LA Galaxy,deportes,"Panamá/Tras el intenso empate 0-0 en el partido de vuelta, que permitió al LA Galaxy avanzar a los octavos de final de la Liga de Campeones Concacaf gracias al 1-1 global, las calificaciones de Flashscore han revelado quiénes fueron los protagonistas absolutos del encuentro.
Otras noticias: Copa de Campeones Concacaf resultado| LA Galaxy vs Sporting San Miguelito: 'Académicos' panameños se despiden del torneo con empate
En una batalla donde las defensas y el orden táctico prevalecieron, destacamos a los 5 jugadores mejor valorados de ambos equipos, ordenados por su rendimiento estadístico en la cancha:
1. Marlon Ávila (8.0) - Sporting San Miguelito El atacante panameño se coronó como el MVP del partido. Con un despliegue físico impresionante, Ávila dominó su banda ganando el 90% de sus duelos terrestres (9 de 10). Además de generar peligro con 2 remates, fue vital en la recuperación con 3 intercepciones y 5 despejes, demostrando un compromiso defensivo total.
2. Jeslan Caicedo (7.6) - Sporting San Miguelito El delantero colombiano igualó la segunda mejor nota del encuentro. Su capacidad para distribuir el juego fue impecable, registrando un 100% de efectividad en pases largos. Caicedo no solo fue una referencia ofensiva, sino que también aportó 3 intercepciones y ganó 9 duelos, siendo una pieza clave en la resistencia del equipo panameño.
Otras noticias: LPF Torneo Clausura 2026 resultado| CAI vs Tauro FC: 'Taurinos' rescatan un punto ante los 'Vikingos'
3. J. Glesnes (7.6) - LA Galaxy Empatado en valoración con Caicedo, el defensor noruego fue el baluarte del equipo angelino. Glesnes tuvo una participación masiva en el juego con 121 toques y una precisión de pases extraordinaria del 93% (102 de 110). En defensa fue impasable, ganando el 100% de sus duelos aéreos (4 de 4) y sumando 4 despejes para mantener su portería a salvo.
4. Gabriel Pec (7.5) - LA Galaxy El atacante brasileño fue la principal amenaza del Galaxy en el último tercio. Pec registró 2 remates a puerta y fue el jugador más creativo, completando 17 pases en el tercio final con un 81% de precisión. Su desequilibrio individual se reflejó en sus 3 regates exitosos, manteniendo siempre bajo presión a la zaga del Sporting.
5. José Calderón (7.4) - Sporting San Miguelito El guardameta panameño cerró el podio de honor con una actuación de mucha seguridad. Calderón fue el responsable directo de mantener el arco en cero con 3 paradas determinantes. Además, mostró su jerarquía en el área con 2 despejes de puños, frustrando los intentos del equipo de la MLS por sentenciar la eliminatoria en casa.
Este balance estadístico refleja la paridad del encuentro, donde el Sporting San Miguelito compitió de tú a tú contra el LA Galaxy, dejando una imagen de solidez internacional a pesar de la eliminación.
Otras noticias: LPF Torneo Clausura 2026 | Todos los resultados, tabla de posiciones y próximos partidos"
2026-06-11,TVN,Mundial 2026| RD Congo tiene autorización para entrar a Estados Unidos,deportes,"Estados Unidos/La selección de fútbol de la República Democrática del Congo, cuya preparación se vio perturbada por la epidemia del virus ébola en su país, fue autorizada a entrar en Estados Unidos para disputar el Mundial 2026, confirmó un jugador del equipo este jueves a un periodista de la AFP.
La delegación de los Leopardos, a quien las autoridades de Estados Unidos impuso un aislamiento en ""burbuja sanitaria"" de 21 días en Bélgica antes de este torneo, aterrizó en Houston hacia las 14h30 locales (19h30 GMT), procedente de París, y pudo abandonar el aeropuerto una hora después ""sin problemas"", según explicó el lateral derecho Aaron Wan-Bissaka a un periodista de la AFP desplazado al lugar.
""Todo el mundo pasó, a nadie se le ha negado la entrada"", añadió el jugador del West Ham United.
El equipo africano había sido derrotado 2-1 el martes en Orleans (Francia) por Chile en su último partido amistoso premundialista, jugado sin público en la grada.
Ese duelo estaba inicialmente previsto en La Línea de la Concepción, pero el alcalde de esa localidad del sur de España había prohibido el partido por miedo ante la epidemia de ébola que sufre el país de África central.
La Organización Mundial de la Salud (OMS) emitió una alerta sanitaria internacional. Esa entidad ha detectado más de 500 confirmados, con decenas de fallecidos.
A pesar de la preocupación, los responsables del fútbol congoleño insisten en que ninguno de los jugadores de selección reside en el país.
Inicialmente debían realizar un entrenamiento en su preparación en Kinshasa, pero finalmente cancelaron ese viaje ""para intentar respetar todo lo preconizado en términos sanitarios"", declaró a la AFP Didier Budimbu Ntubuanga, ministro de Deportes de la RD Congo.
Este político se había mostrado ya ""confiado"" en que la selección no iba a tener ningún problema administrativo en su llegada a Estados Unidos, subrayando que los miembros del cuerpo técnico que viven en Kinshasa ""han recibido ya su visado"" antes del viaje.
La República Democrática del Congo, que consiguió su clasificación al derrotar a Jamaica en un repechaje intercontinental, empezará en el Mundial 2026 el 17 de junio contra Portugal en Houston, antes de medir fuerzas con Colombia y Uzbekistán.
Su anterior participación en el Mundial se remonta a Alemania Federal 1974, cuando el país se denominaba Zaire."
2026-06-11,TVN,Mundial 2026| Argentina llama de último momento a Marcos Senesi,deportes,"Argentina/La selección argentina confirmó este jueves que el defensor Marcos Senesi se sumó a la convocatoria para el Mundial 2026 en reemplazo de Leonardo Balerdi, quien quedó fuera del torneo por una lesión muscular.
A través de sus redes sociales, la Albiceleste confirmó que el jugador recientemente fichado por el Tottenham Hotspur de Inglaterra integrará la lista de 26 futbolistas que disputarán el Mundial.
Balerdi había sufrido un desgarro muscular durante uno de los últimos entrenamientos del equipo, lo que lo dejó imposibilitado de participar en la Copa del Mundo, según informó la AFA la semana pasada.
La noticia puso fin a un sinfín de especulaciones que situaban a los volantes Guido Rodríguez del Valencia español y Máximo Perrone del Como italiano como candidatos a ocupar el lugar vacante.
Senesi viene de completar una destacada temporada en la Premier League con el Bournemouth y es considerado uno de los zagueros argentinos de mejor rendimiento en Europa.
El defensor, surgido en San Lorenzo, fue anunciado el miércoles como nuevo jugador del Tottenham.
La defensa del campeón del mundo cuenta ahora con Nahuel Molina, Gonzalo Montiel, Nicolás Otamendi, Lisandro Martínez, Cristian Romero, Nicolás Tagliafico, Facundo Medina y el propio Senesi.
Argentina debutará en el Mundial contra Argelia en el Kansas City Stadium, a las 01H00 GMT del 17 de junio."
2026-06-11,TVN,"Mundial 2026| Alisson: ""Es bueno que la Selección de Brasil llegue con algunas dudas""",deportes,"Estados Unidos/El portero Alisson consideró positivo que Brasil despierte ""algunas dudas"" antes de su debut el sábado en el Mundial 2026, ya que otras selecciones auriverdes vivieron una situación similar y acabaron levantando la Copa del Mundo.
El equipo que dirige Carlo Ancelotti, que ante Marruecos se estrenará como DT en un Mundial, enfrenta críticas por su juego irregular, por no haber ganado el título desde 2002 y por supuestamente contar con una generación con menos talento que las anteriores.
""Es bueno que la selección llegue con algunas dudas, porque eso también ha pasado en otras ocasiones. El equipo actual tiene unas características diferentes a las (selecciones) de otras épocas"", dijo el arquero del Liverpool este jueves en una rueda de prensa en Basking Ridge, Nueva Jersey, donde se hospeda la Canarinha.
""Lo más importante es cómo nos enfrentamos a esto ahora, cómo nos sentimos ahora, en lo que nos estamos convirtiendo como equipo, y esperamos que eso se traduzca en un buen resultado en este partido contra Marruecos"", agregó.
Antes de cada Mundial, en Brasil suelen recordarse los casos de los equipos que ganaron las estrellas en 1994 y 2002, que al igual que el combinado actual atravesaron caminos tormentosos durante el clasificatorio sudamericano.
""Todos los periodos tuvieron sus características. Es innegable que el último fue muy difícil para todos los jugadores, sentimos en la piel las dificultades que tuvimos"", afirmó Alisson, de 33 años, quien disputará su tercer Mundial.
El Scratch terminó quinto entre diez equipos en las pasadas eliminatorias, su peor posición desde que se disputan con el formato actual (para el Mundial de Francia 1998).
Además, encajó derrotas dolorosas, entre ellas el revés 1-0 ante Argentina en el Maracaná, en 2023, que acabó con su invicto histórico como local en las clasificatorias.
""Pero lo más importante es el momento en que nos encontramos actualmente. Desde la llegada de Ancelotti (hace un año) el ambiente se transformó. Él es un tipo con una presencia muy fuerte, que no está enfocado en polémicas"", agregó el guardameta.
Alisson se perfila como el titular de Carletto, quien clasificó a los pentacampeones mundiales a la cita en Norteamérica, para el debut ante Marruecos, vigente campeón africano y semifinalista en Catar 2022.
Brasil comenzará la búsqueda de la sexta corona seguramente sin Neymar, quien todavía no entrena junto a sus compañeros en Estados Unidos debido a una lesión en la pantorrilla derecha."
2026-06-11,TVN,"Mundial 2026: México inaugura su tercer Mundial con Sudáfrica, Shakira y megaprotestas en medio del caos vial",deportes,"México, México/Los aficionados al fútbol anhelan el inicio este jueves del tercer Mundial en México, donde varios colectivos sociales han prometido sembrar el caos para impulsar sus reivindicaciones.
El silbatazo sonará a las 13H00 locales (19h00 GMT) para que las selecciones de México y Sudáfrica den inicio al mayor mundial de la historia, con 48 selecciones y 104 partidos.
El mayor evento del planeta fútbol estará organizado por primera vez por tres países: Estados Unidos, Canadá y México, que ya lo hizo en solitario en 1970 y 1986.
""Ya es la fiesta en México"", dijo a AFP Ingrid Orozco, una aficionada de 40 años. ""Es muy extraordinario"", ""nunca me imaginé que hubiera un Mundial aquí"" otra vez, reconoce emocionado Gustavo Ramírez, de 19.
El torneo llega precedido por polémicas: el alto precio de los boletos, el rechazo de visados para Estados Unidos o la guerra en Oriente Medio, que llevó a Irán a trasladar su campo base de Arizona a Tijuana.
A partir de ahora, el balón intentará tomar el protagonismo para dirimir si la España de Lamine Yamal, la Portugal de Cristiano Ronaldo o la Francia de Kylian Mbappé pueden desbancar a la Argentina de Lionel Messi, que aspira a revalidar el título de Catar.
Durante la ceremonia inaugural, el tenor italiano Andrea Bocelli interpretará el himno oficial de este Mundial, titulado ""DNA"", mezcla de ópera y música electrónica.
Y Shakira estrenará la canción ""Dai Dai"" junto a la estrella nigeriana del afrobeat Burna Boy.
La colombiana ya presentó el himno ""Waka Waka (This Time for Africa)"" en el Mundial de Sudáfrica 2010.
La presidenta mexicana Claudia Sheinbaum no asistirá a la apertura, que asegura transcurrirá ""en paz"" pese a la presión de las protestas que desde la semana pasada han impuesto el caos en la capital mexicana.
México es el país con mayor afición de los tres coorganizadores y su estadio Azteca es una ""catedral del fútbol"", ""bendecida por los dioses"" de este deporte, en palabras el miércoles del presidente de la FIFA, Gianni Infantino.
Pero en esta edición no vive la pasión de sus dos mundiales anteriores.
El ambiente ""lo siento medio bajo"", indicó Víctor Flores, repartidor de 52 años. ""En el 86 sí tuve la oportunidad de ir a partidos y parecía un carnaval (...) ahorita lo siento totalmente apagado"", agregó.
Una encuesta publicada el lunes reveló que solo 35% de los mexicanos confía en la Tricolor, que nunca ha pasado de cuartos de final en la historia de los Mundiales.
La competición se celebra además en un contexto de relaciones deterioradas con el Estados Unidos de Donald Trump, que ha amenazado con intervenir en suelo mexicano contra los cárteles de la droga.
En México se disputan 13 partidos y los elevadísimos precios de los boletos dejaron fuera de los estadios a las clases populares.
En lugar de festejar, éstas optaron por aprovechar la atención planetaria para hacer oír sus reivindicaciones.
""¡Boicot al Mundial FIFA 2026!"", decía una enorme pancarta de camino al emblemático estadio Azteca, donde hace cuarenta años Diego Maradona marcó su polémico gol con ""la mano de Dios"" en el cuarto de final de Argentina contra Inglaterra (2-1).
Profesores de primaria y secundaria llevan semana y media reclamando violentamente mejoras salariales y de jubilación.
El jueves se suman a ellos familiares de las decenas de miles de desaparecidos que enlutan al país y otros colectivos.
Su objetivo es converger hacia el Azteca, creando un enorme caos vial en esta megaurbe de 22 millones de habitantes, lo que puede dificultar el acceso al estadio y desembocar en choques con la policía.
""Seguiremos, tenemos firme la lucha, hasta que nos solucionen no hay marcha atrás"", dijo a AFP el maestro Austreberto Flores.
Sheinbaum calificó la protesta de ""provocación"" para que haya imágenes de represión durante el Mundial. Aseguró que no caerá en la trampa.
La presidenta izquierdista descartó desde hace meses asistir a alguno de los juegos disputados en el país e incluso regaló su boleto para la inauguración a una niña futbolista.
Sheinbaum anunció que seguiría el torneo con ""el pueblo"" en las pantallas gigantes instaladas en el Zócalo, la inmensa plaza donde se encuentra el Palacio Nacional.
La presión de las protestas amenaza ahora con cancelar su presencia allí e incluso la apertura de ese Fan Fest."
2026-06-11,TVN,Mundial 2026 previa| México vs Sudáfrica: el choque que arranca la fiesta,deportes,"Panamá/Por tercera vez en la historia, México es anfitrión de una Copa del Mundo y aunque esta vez la organiza en conjunto con sus vecinos, Estados Unidos y Canadá, hoy se convierte en el centro de la atención.
El Estadio Azteca, mítica instalación deportiva que fue punto central de las ediciones de 1970 y 1986, es el lugar donde comenzará la fiesta. Las selecciones de México y Sudáfrica se tomarán ese sitio para enfrentarse en el primer partido del Mundial 2026.
El 'Tri', dirigido por el experimentado entrenador Javier Aguirre, tendrá una tarea importante frente a su afición. Dar un primer golpe y construir un camino que les lleve a romper la barrera de los cuartos de final, máxima instancia que ha alcanzado dos veces en sus 16 participaciones mundialistas anteriores. Esas fueron en las ocasiones que fue sede del torneo.
""Hay que romper la estadística. No tenía el dato, se lo voy a compartir a los jugadores, va a ser otro aliciente"", expresó Aguirre en la conferencia de prensa previa al partido.
Con su presencia, al frente del banquillo mexicano, Aguirre participará en su tercer Mundial como entrenador ya que lo hizo en Corea-Japón 2002 y Sudáfrica 2010. También tuvo presencia como jugador en México 1986 y como asistente en Estados Unidos 1994.
Por su parte, Sudáfrica regresa a una Copa del Mundo tras ser el anfitrión en la cita de 2010. Los 'Bafana Bafana' tienen como su timonel al belga Hugo Broos quien les llevó al tercer lugar de la Copa Africana de Naciones en el año 2024 y han mostrado un progreso que les tiene de vuelta en un Mundial.
Esta será la cuarta participación de Sudáfrica en un Mundial, tras competir en Francia 1998, Corea-Japón 2002 y en su propio territorio en 2010. En ninguna de esas ocasiones pasó de la fase de grupos, por lo que su misión será superarla. Por lo tanto tratarán de dar un paso firme para ese cometido con un triunfo ante los mexicanos.
""Habrá 85.000 mexicanos gritando y cantando. Pero nosotros tenemos que centrarnos en nuestro juego. Y si podemos hacer eso, si no nos dejamos influenciar por el ruido de 85.000 mexicanos, entonces tendremos un buen partido"", expresó Broos en conferencia de prensa.
Este encuentro también tiene un significado especial para el timonel de Sudáfrica, quien jugó con la Selección de Bélgica en el Mundial de México 1986.
""Incluso en Hollywood no se escriben mejores guiones: jugué el Mundial y ahora, cuatro décadas después, seré de nuevo uno de los seleccionadores del partido inaugural"", indicó Broos en una entrevista que le hizo la agencia de noticias AFP.
Un partido fuerte y emociones por montón es lo que se espera en el llamado 'Coloso de Santa Úrsula' y usted podrá vivirlo a través de TVN, TVMAX, TVN Pass y TVN Radio 96.5 FM.
México: Raúl Rangel; Jesús Gallardo, Johan Vásquez, César Montes, Israel Reyes; Brian Gutiérrez, Erik Lira, Álvaro Fidalgo; Julián Quiñones, Roberto Alvarado, Raúl Jiménez. DT: Javier Aguirre.
Sudáfrica: Ronwen Williams; Khuliso Mudau, Ime Okon, Mbekezeli Mbokazi, Aubrey Modiba; Teboho Mokoena, Sphephelo Sithole, Thalente Mbatha; Tshepang Moremi, Lyle Foster y Oswin Appollis. DT: Hugo Broos.
Mexicanos y sudafricanos se han enfrentado dos veces en ocasiones anteriores.
El 8 de julio de 2005 midieron fuerzas por primera vez. Esa ocasión fue en la fase preliminar de la Copa Oro de ese año y los 'Bafana Bafana' ganaron por marcador de 2 goles a 1.
Phillip Evans (28') y Elrio Van Heerden (41') anotaron los goles de Sudáfrica, que participó en ese torneo como invitado. En tanto que Francisco 'Maza' Rodríguez descontó por México al 83.
La segunda vez fue el 11 de junio de 2010, en el partido inaugural del Mundial 2010, y su marcador fue un empate 1 a 1. Lawrence Siphiwe Tshabalala adelantó a los sudafricanos con un gol al minuto 55, en tanto que Rafael Márquez igualó por los mexicanos al 79.
Antes del duelo entre México y Sudáfrica, se dará la ceremonia inagural del Mundial 2026.
Se tiene un espectáculo programado con artistas destacados y cuyo punto central estará a cargo de la cantautora colombiana Shakira quien canta el tema oficial del torneo, ""Dai Dai"", junto al cantante nigeriano Burna Boy.
La banda de rock mexicana Maná, el grupo de cumbia Los Ángeles Azules, las cantantes Belinda y Lila Downs, el colombiano J Balvin, el venezolano Danny Ocean y la sudafricana Tyla completan el conjunto de artistas que formarán parte del show cuya duración será de 90 minutos.
Sintoniza nuestras señales y plataformas, desde las 11:30 a.m. para que disfrutes de este show que unirá a la música y el fútbol en un solo escenario."
2026-06-10,TVN,"Mundial 2026| Sudáfrica, junto a Hugo Broos, buscan dar el golpe en el Estadio Azteca",deportes,"México/El técnico de Sudáfrica, el belga Hugo Broos, ha lanzado un desafío a sus pupilos: bloquear el muro de clamor cuando salten el jueves a la cancha a enfrentarse al anfitrión México en el arranque del Mundial 2026.
El exdefensa convertido en entrenador ya estuvo ahí, en el Azteca de Ciudad de México, en la copa de 1986, cuando los locales le recetaron a Bélgica un 2-1.
Ahora tendrá un emocional regreso con los ""Bafana Bafana"" en el Grupo A de la justa futbolística.
Broos se prepara para el clamor del legendario estadio, que vivirá su tercer Mundial, en un partido considerado decisivo para las posibilidades de Sudáfrica de superar la fase de grupos.
""Habrá una gran multitud (de mexicanos) y no mucho apoyo para Sudáfrica (...). ""Es una gran ayuda para ellos"", dijo Broos en rueda de prensa.
""Habrá 85.000 mexicanos gritando y cantando. Pero nosotros tenemos que centrarnos en nuestro juego. Y si podemos hacer eso, si no nos dejamos influenciar por el ruido de 85.000 mexicanos, entonces tendremos un buen partido"".
Por lo demás, Broos considera que México es el equipo a vencer en el Grupo A.
""Creo que han ganado casi todos los últimos diez partidos que han jugado"", añade el timonel sobre ""El Tri"", al que describe como una escuadra con ""confianza"" y la ""mejor"" del A.
""Será un juego muy duro. Necesitamos estar en nuestro mejor nivel, y puedo asegurar que nuestro equipo está preparado para pelear cada metro y cada balón"", explicó.
Por otro lado, el timonel admitió que no es partidario del Mundial ampliado a 48 selecciones. ""Es más cansado"", expresó.
Menciona el exigente itinerario que le espera a su equipo, con partidos en la estadounidense Atlanta y en la mexicana Monterrey.
""Es un poco demasiado grande cuando juegas con 48 países"", dice. ""Hace 40 años fue la Copa del Mundo en México, pero son tiempos modernos y hay que adaptarse""."
2026-06-10,TVN,"Mundial 2026| Javier Aguirre, México y el desafío de romper la barrera de los cuartos de final",deportes,"México/México arranca el jueves como anfitrión del Mundial por tercera vez en su historia bajo presión de vencer de una vez por todas la maldición de los cuartos de final, instancia que nunca ha podido superar.
El Tri enfrenta a Sudáfrica en el estadio Azteca. Es una reedición del partidio inaugural de 2010 cuando los Bafana Bafana eran anfitriones.
El actual seleccionador, Javier Aguirre, era entonces entrenador. El partido terminó con empate 1-1.
Son en total siete partidos inaugurales en Copas del Mundo y México nunca ha podido ganar. Su balance es de cinco derrotas y dos empates.
Aguirre está dispuesto a terminar con ese maleficio que comenzó en Uruguay 1930, cuando México fue goleado 4-1 por Francia.
""Hay que romper la estadística"", dijo Aguirre el jueves en conferencia de prensa previa al partido inaugural. ""No tenía el dato, se lo voy a compartir a los jugadores, va a ser otro aliciente"".
El silbato inicial sonará a las 13h00 locales (2;00 p.m. hora de Panamá).
En los dos mundiales anteriores en los que fue anfitrión, en 1970 y 1986, México cayó en cuartos de final.
En Catar 2022 no pasó de la fase de grupos; en Brasil 2014 y Rusia 2018 cayó en octavos de final.
En este Mundial enfrenta además a Corea del Sur y República Checa.
Aguirre repetirá la experiencia de disputar en casa en un Mundial 40 años después de que lo hiciera en 1986 como jugador.
""Desde que llegué hace 22 meses, no he tenido mayor emoción que volver a vivir un Mundial en casa"", expresó el técnico de 67 años.
Entrenador desde 1996, ha sido seleccionador nacional en dos oportunidades: en ambas -Corea y Japón 2002 y Sudáfrica 2010- cayó también en octavos.
Es, sin embargo, el entrenador con más victorias al mando del Tri y el único, junto Ignacio Trelles, con tres mundiales desde el banquillo.
Este tercer capítulo termina en el Mundial que México organiza junto a Estados Unidos y Canadá.
Lo hace con ""tranquilidad emocional"", ""paz interna"" y menos ""quisquilloso"" con sus jugadores. ""He ido cediendo ante la disciplina que yo mismo me impuse cuando era futbolista"".
""El mejor legado para los jugadores que han compartido vestidor conmigo es ayudarlos a crecer como personas"", añadió.
""Siempre me he preocupado por su economía o por su familia, por su bienestar, antes de verlos como un futbolista con número"".
El final puede ser de héroe o villano. Eso ""no me es muy relevante"", indicó.
""Yo soy el menos importante en esta selección"", pero ""soy el máximo responsable cuando hay una derrota. Es una ley que me sé desde siempre"", sentenció."
2026-06-10,TVN,Mundial 2026| Inglaterra impone su ley a Costa Rica en amistoso y se enfoca en el Grupo L,deportes,"Estados Unidos/Inglaterra no se dejó intimidar por la tormenta eléctrica que retrasó su último amistoso de preparación para el Mundial 2026 y goleó a Costa Rica 3-0 en Orlando este miércoles, con Anthony Gordon, flamante incorporación del Barcelona, como figura del partido.
El extremo inglés brilló con un gol y una asistencia, haciendo méritos para ser titular por delante de Marcus Rashford en el debut mundialista de Inglaterra ante Croacia el 17 de junio.
El partido comenzó con una hora de retraso por culpa de unos rayos y de lluvias torrenciales que anegaron el Inter&Co Stadium de la ciudad floridana.
La experiencia podría resultar útil para Inglaterra en las próximas semanas, ya que los retrasos por condiciones meteorológicas podrían tener un impacto significativo en la Copa del Mundo más grande de la historia, que arranca el jueves.
El seleccionador Thomas Tuchel presentó un 11 de gala, similar al que podría debutar contra Croacia, y no hizo cambios hasta pasada la hora de juego.
Gordon y el centrocampista Jude Bellingham salieron reforzados del partido.
El primero parece aventajar a Morgan Rogers en la pugna por ocupar el puesto detrás del capitán Harry Kane en ataque.
En una buena jugada, el nuevo extremo del Barcelona se deshizo de su marcador, llegó a la línea de fondo y puso el balón atrás para que Declan Rice abriera el marcador en el minuto 9.
Kane fue uno de los seis cambios realizados por Tuchel poco después de la hora de juego.
En ausencia del capitán, Gordon lanzó el penalti conseguido cuando el disparo de Eberechi Eze golpeó en el brazo de un defensor costarricense.
El papel de Bellingham en el 11 titular de Tuchel había sido cuestionado, pero el jugador del Real Madrid demostró su clase con una conducción zigzagueante dentro del área que dejó el penalti en bandeja para Eze.
Gordon ejecutó la pena máxima con autoridad para anotar su tercer gol internacional.
Rogers desperdició una oportunidad inmejorable para el tercero tras recibir un pase exquisito de Eze, que lo dejó mano a mano con el portero.
Sin embargo, el centrocampista del Aston Villa sí intervino en el tercer tanto cuando su disparo le quedó a Ollie Watkins para sentenciar el marcador.
Inglaterra desplazará ahora su campamento base a Kansas City con la moral alta.
Pese a no haber conquistado ningún título importante en 60 años, el equipo figura entre los grandes favoritos al Mundial tras una serie de decepciones bajo las órdenes de Gareth Southgate.
Tras su inicio contra Croacia, se medirá a Ghana y Panamá en el Grupo L."
2026-06-10,TVN,Mundial 2026| Portugal salió adelante frente a Nigeria pese a problemas de puntería de Cristiano Ronaldo,deportes,"Portugal/Portugal ultimó su preparación para el Mundial de Norteamérica (11 de junio-19 de julio) con una victoria 2-1 sobre Nigeria este miércoles en un amistoso en Leiría (centro de Portugal), donde Cristiano Ronaldo se quedó sin marcar pese a sus repetidos intentos.
El atacante del Chelsea Pedro Neto abrió el marcador con un disparo cruzado con la zurda (1-0, minuto 23'), pero Nigeria devolvió la igualdad al marcador gracias a Akor Adams, que consiguió irse de tres defensas lusos para introducir el balón entre las piernas del arquero Diogo Costa (1-1, 38').
El extremo de la Juventus Francisco Conceiçao dio la victoria a la Seleçao con un disparo cruzado con la pierna izquierda (2-1, 75').
Cristiano Ronaldo, cinco veces Balón de Oro, falló varias buenas ocasiones y no pudo despejar las dudas que persisten sobre sus posibilidades en el Mundial, que afronta ya con 41 años.
Ya en el inicio del partido, CR7 tuvo una gran oportunidad de anotar, en el 9', pero envió desviado tras recibido de Nelson Semedo.
El capitán de los portugueses envió luego por encima del larguero (34') de cabeza y en el 50' tiró fuera con la izquierda, cuando tenía todo a favor ante el arquero nigeriano.
El seleccionador español de Portugal, Roberto Martínez, pudo contar ya con su plantel al completo, con la presencia en el partido de los cuatro jugadores del país que ganaron la Liga de Campeones europea con el Paris Saint-Germain.
En su primer amistoso de esta preparación mundialista, Portugal había ganado 2-1 a Chile cerca de Lisboa, con tantos entonces de Gonçalo Guedes y Bruno Fernandes.
Portugal viaja el viernes rumbo a su campamento base durante el Mundial, que estará instalado en Palm Beach (Florida, sur de Estados Unidos).
Su entrada en liza está prevista el 17 de junio, en Houston, contra la República Democrática del Congo, dentro de un grupo K donde luego se enfrentará a Uzbekistán y Colombia.
Nigeria es uno de los ausentes destacados del Mundial 2026 después de no conseguir clasificarse en las eliminatorias de la zona africana."
2026-06-10,TVN,Mundial 2026 | La polémica salida de Mbappé de Francia para ver a Ester Expósito,deportes,"Panamá/A solo horas del inicio del Mundial 2026, la selección de Francia se encuentra sumergida en una intensa polémica tras la salida de su máxima estrella, Kylian Mbappé, del campamento de entrenamiento.
El delantero del Real Madrid abandonó la concentración con un permiso oficial por ""motivos personales"" otorgado por el cuerpo técnico poco después del partido amistoso contra Irlanda del Norte.
Otras noticias: Mundial 2026 | 5 cosas que no sabías de este campeonato y que te van a sorprender
Sin embargo, lo que inicialmente se manejó como un asunto privado tomó una dimensión mediática global al filtrarse fotografías del jugador en Madrid junto a la reconocida actriz española Ester Expósito. Este reencuentro ha desatado una ola de críticas entre los aficionados franceses, quienes interpretan el viaje como una falta de compromiso y una priorización de su vida personal en una etapa crítica de la preparación deportiva.
Otras noticias: Mundial 2026 México vs Sudáfrica: ¿quiénes son los artistas confirmados para la inauguración en el Estadio Azteca?
Tensiones en el vestuario y respaldo técnico Este episodio no es un hecho aislado, sino que se suma a una cadena de controversias que rodean al capitán francés:
Pese al descontento de la hinchada, el seleccionador Didier Deschamps ha salido en defensa de su jugador, reafirmando su confianza en el liderazgo de Mbappé de cara al debut mundialista frente a Senegal el próximo 16 de junio. Mientras tanto, la opinión pública francesa sigue dividida sobre si su estrella está realmente enfocada en conseguir el título o si las distracciones externas afectarán el rendimiento de los actuales subcampeones del mundo.
Otras noticias: Mundial 2026: música, estrellas y un espectáculo inédito que revoluciona el fútbol global"
2026-06-10,TVN,Mundial 2026| Haití hace cambios a su uniforme tras petición de FIFA,deportes,"Estados Unidos/La FIFA instó a la selección de Haití a que modifique su camiseta para el Mundial de Norteamérica 2026, indicó este miércoles su fabricante, Saeta, ya que algunos de sus distintivos visuales podrían ""dar lugar a interpretaciones diferentes"".
""De conformidad con la revisión de la FIFA y con la normativa sobre equipamiento, hemos implementado con éxito las modificaciones solicitadas para garantizar que el equipo esté perfectamente preparado"", indicó el proveedor de equipamiento en Instagram, sin precisar explícitamente qué motivos habían suscitado la objeción de la instancia rectora del fútbol mundial.
Esa camiseta tenía como objetivo celebrar ""el orgullo, la resiliencia y el espíritu del pueblo haitiano"", se limitó a explicar Saeta, y ""el proyecto final presentado por Saeta"" a la FIFA ""pretendía ser un homenaje a los hombres y mujeres que contribuyen cada día al futuro de Haití y en ningún caso buscaba tomar una postura política"".
Sin embargo, ""durante el proceso de revisión, la FIFA consideró que ciertos elementos visuales podían dar lugar a interpretaciones diferentes"", y solicitó que ""se introdujeran modificaciones"".
Contactado el miércoles por la AFP, el seleccionador haitiano, Sébastien Migné, no dio respuesta por el momento.
En su segundo Mundial, tras jugar el de Alemania Federal 1974, Haití debutará contra Escocia el sábado en Boston, antes de enfrentarse a Brasil el 19 de junio en Filadelfia y a Marruecos el 24 de junio en Atlanta."
2026-06-10,TVN,Mundial 2026 México vs Sudáfrica: ¿quiénes son los artistas confirmados para la inauguración en el Estadio Azteca?,deportes,"Panamá/El Mundial 2026 está listo para dar su pitazo inicial con una ceremonia de inauguración sin precedentes que tendrá como escenario principal el emblemático Estadio Azteca en la Ciudad de México.
Este evento histórico marcará el arranque oficial del torneo, siendo la primera de tres aperturas programadas, antes de que el balón ruede en el partido inaugural entre las selecciones de México y Sudáfrica.
Otras noticias: Mundial 2026 México vs Sudáfrica: dónde, cuándo y a qué hora ver gratis la inauguración
Detalles de la ceremonia y logística El espectáculo musical y cultural está programado para comenzar 90 minutos antes del enfrentamiento deportivo. El partido arrancará a las 2:00 pm. Aunque la edición de 2026 contará con aperturas en las sedes de Canadá y Estados Unidos, la ceremonia en territorio mexicano ha sido designada como el punto de partida oficial de la cita mundialista tras cuatro años de espera.
Un cartel musical de talla internacional La figura central del evento será la colombiana Shakira, quien interpretará ""Dai Dai"", el himno oficial del torneo, junto al cantante nigeriano Burna Boy. Se espera que la artista también deleite al público con éxitos globales como ""Hips Don't Lie"".
Otras noticias: Mundial 2026 Brasil vs Marruecos: bajas clave en los Leones del Atlas a tres días del debut
El elenco de artistas confirmados refleja una fuerte presencia de la música latina y el talento local, incluyendo a:
Artistas Mexicanos: La banda de rock Maná, el grupo de cumbia Los Ángeles Azules, y las cantantes Belinda y Lila Downs.
Estrellas Internacionales: El colombiano J Balvin, el venezolano Danny Ocean y la cantante sudafricana Tyla, quien aportará el toque cultural del país rival en el primer encuentro.
Con esta mezcla de géneros que van desde el rock y la cumbia hasta el género urbano, la organización busca ofrecer un espectáculo que celebre la diversidad y la pasión del fútbol en el ""Coloso de Santa Úrsula"" antes del esperado debut del Tri.
Otras noticias: Mundial 2026| Gustavo Alfaro: el técnico argentino quiere hacer de Paraguay un equipo molesto"
2026-06-10,TVN,Mundial 2026| Gianni Infantino: presidente de FIFA se refiere a caso de árbitro somalí con visa denegada,deportes,"México/El presidente de la FIFA, Gianni Infantino, calificó el miércoles de ""lamentable"" el caso del árbitro somalí que no podrá participar en el Mundial 2026, luego de que Estados Unidos le negara una visa de ingreso al país.
Las autoridades estadounidenses le negaron la entrada a Omar Artan a su llegada a Miami y terminó siendo apartado del torneo, que se inicia el jueves en Ciudad de México.
""Es lamentable lo que le pasó a Omar, el árbitro de Somalia. Pero, de nuevo, no controlamos todo"", dijo el máximo responsable del organismo rector del fútbol mundial en rueda de prensa un día antes del partido inaugural en el estadio Azteca.
""Intentamos encontrar soluciones, pero debemos respetar que no somos los reyes del mundo que pueden imponer su voluntad a gobiernos y fuerzas policiales; somos una organización deportiva"", respondió a una pregunta sobre si la FIFA había ""perdido el control"" tras el rechazo de la visa a Artan.
México organiza el Mundial 2026 junto a Estados Unidos y Canadá. Anteriormente albergó en solitario los de 1970 y 1986.
El Tri enfrenta a Sudáfrica el jueves en el Azteca, que por tercera vez en su historia acoge el partido inaugural de un Mundial.
El estadio ""está bendito por los dioses del fútbol"", señaló Infantino. ""Ha visto cosas increíbles""."
2026-06-10,TVN,Mundial 2026| Gustavo Alfaro: el técnico argentino quiere hacer de Paraguay un equipo molesto,deportes,"Estados Unidos/El ""cazador de utopías imposibles"" Gustavo Alfaro tiene una nueva cruzada: devolver a Paraguay su ""identidad histórica"" y convertirlo en un equipo ""molesto"" para la élite en un Mundial 2026 ostentoso lleno de estrellas.
Conocido por su prosa de tono filosófico y poético, el entrenador argentino plasmó en una carta de 11 párrafos un grito de batalla con alusiones a la épica y el amor propio como principios para que los guaraníes sorprendan en la cita mundialista.
""Las potencias juegan desde las certezas, con planteles colmados de élite"", ""nosotros, en cambio, jugamos desde la ilusión"", escribió en ese manifiesto publicado en Instagram en la antesala del regreso de Paraguay a un Mundial tras 16 años de ausencia.
Para hacer honor al estilo combativo y la fortaleza del juego aéreo histórico de Paraguay, el entrenador de 63 años tiene sus guerreros:
Centrales como Gustavo Gómez y Fabián Balbuena, que encarnan la capacidad paraguaya del duelo físico, y jugadores desequilibrantes como Miguel Almirón y Julio Enciso, aunque este último llega diezmado físicamente y podría perderse el debut, ante Estados Unidos, el viernes en el SoFi Stadium, en Los Ángeles.
Aunque con menos expectativas que otras selecciones sudamericanas como Brasil y Argentina, Alfaro aseguró la semana pasada en Asunción que quiere conformar un ""equipo molesto"" para los poderosos.
""Vamos a respetar la identidad histórica de nuestro fútbol. Dejamos la pasión para las tribunas; nosotros en la cancha pondremos el corazón, la disciplina, el esfuerzo, nuestro talento, la garra y la humildad"".
Alfaro apela a un estilo de juego con marca propia en Sudamérica para vencer en el Grupo D a Estados Unidos, Australia y Turquía.
En el último Mundial en el que participaron, en Sudáfrica 2010, los guaraníes pusieron en aprietos en los cuartos de final a la España que a la postre fue campeona del mundo con un ajustado 1-0, bajo el mando de otro entrenador argentino, Gerardo ""Tata"" Martino.
No es la primera vez que Alfaro apela a la epopeya como narrativa. También la usó en Catar 2022 cuando dirigió su primer Mundial al frente de Ecuador, que quedó eliminado en la fase de grupos.
Con esa experiencia, Alfaro busca ahora cambiar el rumbo desde la construcción de un bloque sólido en defensa sumado a la picardía de Enciso.
Tomó a Paraguay en los úlitmos lugares de la eliminatoria sudamericana y lo llevó hasta los puestos de clasificación directa al Mundial 2026, con victorias memorables ante Brasil, Argentina y Uruguay.
La afición albirroja le expresa constantemente su cariño y el entrenador responde con palabras de aliento.
""Llegó no solo como un entrenador de fútbol, llegó como un padre"", reconoció Gustavo Gómez sobre Alfaro en el podcast Podpah.
Enciso coincide en el efecto que generó su llegada a un equipo que no encontraba un rumbo: ""No es novedad hablar del profe Alfaro y de lo que representa para todos nosotros, para toda la gente de Paraguay"", dijo a Tigo Sports.
Aunque genera burlas su apodo de ""cazador de ilusiones imposibles"", que tiene como origen un libro de su autoría, sigue asumiento el lema como una identidad narrativa.
La generación de jugadores que dirige es considerada una de las más talentosas de Paraguay en este siglo.
""No tenemos certezas, tenemos el desafío gigante de hacer el Mundial que el país sueña y espera"", agregó en su emotiva carta."
2026-06-10,TVN,"Mundial 2026: música, estrellas y un espectáculo inédito que revoluciona el fútbol global",deportes,"Nueva York, Estados Unidos/Afamados artistas internacionales en la inauguración y un espectáculo inédito en el descanso de la final: con motivo del Mundial 2026, la FIFA busca producir, gracias a una programación musical excepcional, un acontecimiento cultural global que aspire a ampliar su audiencia más allá de los aficionados al fútbol.
Otras noticias: Mundial 2026 | 5 cosas que no sabías de este campeonato y que te van a sorprender
Las celebraciones comienzan el miércoles, en la víspera del inicio del torneo, con conciertos en Ciudad de México, Toronto y Los Ángeles. Los primeros partidos se disputarán en México el jueves, y en Canadá y Estados Unidos el viernes. Y en los estadios, la música tendrá un gran protagonismo en las ceremonias de apertura.
La idea es común en estos eventos: juntar en un mismo escenario a superestrellas globales con grandes figuras regionales. Entre las primeras se encuentran la estrella del pop estadounidense Katy Perry, la cantante canadiense emblemática de los años noventa Alanis Morissette, el rapero de Atlanta Future, la figura del pop urbano brasileño Anitta, el icono tailandés del K-pop Lisa o la estrella nigeriana del afrobeats Rema.
A su lado figuran artistas menos conocidos, pero importantes en los países coorganizadores del evento, como Los Ángeles Azules —toda una institución en México—, la estrella del cine de Bollywood Nora Fatehi o el rapero francés Vegedream, autor del célebre ""Ramenez la coupe à la maison"".
""Se percibe un esfuerzo muy coordinado por parte de la FIFA y sus equipos de marketing para hacer de la música un hilo conductor que permita conectar a públicos muy diferentes en todo el mundo"", destaca Clayton Durant, fundador de una empresa especializada en el management artístico musical y profesor en la Universidad de Nueva York.
Este esfuerzo no es nuevo: el organismo lanzó en 2021 su programa FIFA Sound, descrito como una ""estrategia para llegar a públicos de todo el mundo gracias a la pasión compartida por el fútbol y la música"".
Pero el evento musical más destacado llegará en el descanso de la final, el 19 de julio en las afueras de Nueva York, cuando siguiendo el ejemplo del Super Bowl, por primera vez se llevará a cabo un concierto con tres grandes estrellas mundiales: la estadounidense Madonna, la colombiana Shakira y los surcoreanos BTS.
Una programación concebida ""con la idea de intentar unir a todo el mundo"", explica Hugh Evans, director de la ONG Global Citizen, productora del espectáculo.
Ideado por Chris Martin, líder de Coldplay, el show pretende mostrar ""lo que nos une"" y ""lo mejor de la humanidad"", añade.
Las cantidades invertidas en la producción del evento son comparables al ""halftime show"" del Super Bowl, la final del campeonato de fútbol americano, referente en la materia y seguido en todo el mundo, señala Evans.
Esto supone entre 10 y 20 millones de dólares, según las fuentes, una cifra destacada teniendo en cuenta que los artistas actuarán de manera voluntaria.
Con 2.000 millones de telespectadores potenciales —un récord para un concierto—, el espectáculo debe servir para apoyar el fondo a favor de la educación que la FIFA, acusada regularmente de anteponer los beneficios económicos a todo lo demás, ha creado junto con Global Citizen.
Para la canción oficial del Mundial, la FIFA ha recurrido a un valor seguro: Shakira, autora de “Waka Waka”, el himno del Mundial 2010 que se convirtió en un éxito mundial. Su nuevo tema, “Dai Dai”, interpretado junto al nigeriano Burna Boy, mezcla pop latino y afrobeats.
Esta canción figura en un álbum oficial de 18 temas, que incluye al grupo de música electrónica Major Lazer, al ""rey del reggaetón"" Daddy Yankee e incluso a los Rolling Stones, mezclando también los géneros.
Los artistas programados en estos conciertos retransmitidos en todo el mundo tienen mucho que ganar en términos de notoriedad.
La participación en un evento de este tipo ""puede generar un aumento de las escuchas y de los ingresos relacionados con el streaming, pero también atraer a nuevos públicos susceptibles de comprar entradas de concierto en el futuro"", resume Clayton Durant.
Y esto no concierne únicamente a los músicos que buscan un reconocimiento mayor.
Para Madonna, que a los 67 años no ha conocido un gran éxito desde ""Confessions on a Dance Floor"" en 2005, el concierto del 19 de julio representa una ocasión para reavivar la llama durante la promoción de su nuevo álbum (""Confessions II""), que saldrá el 3 de julio.
""Ligas como la NFL (fútbol americano) también han reforzado su implicación en el marketing musical, al igual que la Fórmula 1"", explica Clayton Durant.
""Estas competiciones en todo el mundo tienen muy claro que una estrategia de marketing musical bien ejecutada ofrece un número prácticamente ilimitado de puntos de contacto con el público"", añade."
2026-06-09,TVN,¡Histórico! Colombia es la primera monarca de la Liga de Naciones femenina en Sudamérica,deportes,"Ecuador/Colombia se coronó este martes campeón de la primera edición de la Liga de Naciones femenina de Sudamérica al vencer 4-3 a Paraguay, en un intenso duelo disputado en Asunción.
Las cafeteras se habían clasificado anticipadamente junto a Argentina al Mundial de Brasil 2027 y este martes celebraron por partida doble con el título.
Colombia se enfrentó a una aguerrida Paraguay que desplegó todas sus armas desde el inicio del partido.
Una falta de la portera colombiana Katherine Tapia sobre Rebeca Fernández terminó con un tiro penal a favor de la guaraníes. Dulce Martínez convirtió el primer tanto en el minuto 3'.
Las cafeteras no demoraron en responder. Un rebote en el área y un toque de la defensa Guzmán en el 7' igualaron el marcador 1-1.
Dos minutos después, en el 9', un cabezazo de la joven Claudia Martínez puso en ventaja a las paraguayas, pero Marcela Restrepo en el 44' consiguió la igualdad.
No hubo tiempo para festejos colombianos. Paraguay no perdonó y al siguiente minuto Lice Chamorro anotó el tercero de Paraguay.
En la segunda parte del encuentro, Linda Caicedo en el 60' igualó el marcador 3-3 y Guzmán le dio el título a las cafeteras en el 89'.
Caicedo describió como un balde de ""agua fría"" cada gol paraguayo. ""Metíamos gol y Paraguay remontaba. Creo que hay que celebrar más que nunca"", expresó.
El encuentro quedó empañado por aparentes insultos racistas desde la tribuna contra Caicedo. En el minuto 71, la jueza alzó sus brazos formando una equis en señal de activación del protocolo contra la discriminación y detuvo el encuentro por un minuto.
Luego de celebrar a rabiar al final del partido, Ana María Guzmán, autora del gol del campeonato para Colombia, dijo que la clave del título de la selección Colombia fue ""la fe, el creer"".
""Nunca se me salió de la mente ganar porque llevamos muchos años con este objetivo. Lo soñamos desde chiquitas"", dijo Guzmán visiblemente emocionada.
""La Liga de Naciones es una montaña rusa para nosotros. Esto significa demasiado para mí, pero me quedo con lo que significa para mi país. Es un orgullo para nosotros"", celebró el DT de Colombia, Ángelo Marsiglia.
Con un gol agónico de Florencia Bonsegundo(90'), Argentina se llevó la victoria en Quito por 1-0, pero no le alcanzó para levantar la copa del torneo.
""Hicimos un torneo espectacular, se escapó al último. Colombia se lleva el título, pero nos llevamos la clasificación al Mundial"", dijo Florencia Bonsegundo.
En el Olímpico Atahualpa, argentinas y ecuatorianas se quedaron en la cancha siguiendo la definición del partido entre Colombia y Paraguay. Al pitazo final se escuchó el grito de alegría de las tricolores.
El triunfo de Colombia benefició a las ecuatorianas, que quedaron cuartas en la clasificación y obtuvieron junto a Venezuela el boleto al repechaje.
""Estamos muy ilusionadas. Hemos demostrado estos últimos partidos de lo que estamos hechas y nadie nos va a quitar ese sueño que tenemos"" de ir al Mundial, comentó la delantera ecuatoriana Karen Flores.
El torneo de repesca se disputará entre confederaciones en dos fases en una sede ""centralizada"", según la FIFA. La primera será entre noviembre y diciembre de este año y la segunda en febrero de 2027."
2026-06-09,TVN,"Mundial 2026| México: manifestantes bloquean acceso al estadio Azteca, sede del primer partido",deportes,"México/Miles de maestros bloquearon el martes una avenida que conduce al estadio Azteca, en Ciudad de México, 48 horas antes de la inauguración del Mundial 2026 en ese recinto.
La movilización fue convocada por un grupo disidente del sindicato de educación, la CNTE, que desde la semana pasada encabeza caóticas protestas en la capital mexicana.
El Azteca acogerá el jueves la inauguración del Mundial con el partido México-Sudáfrica.
Pese a que los maestros dijeron que tratarían de llegar hasta el estadio para refrendar sus reclamos de aumento salarial y derogación de una ley de pensiones, se toparon con un fuerte operativo policial con miles de policías, un remolque a manera de bloqueo y barreras de concreto.
Los manifestantes se instalaron en las calles, sin acercarse al bloqueo policial y tras realizar un mitin se retiraron del sitio luego de casi tres horas de protesta.
""La expresión de los integrantes del magisterio se desarrolló de manera pacífica"", dijo en un mensaje a la prensa el secretario de Seguridad capitalino, Pablo Vázquez.
Para el jueves se tienen previstas otras movilizaciones, pero la presidenta mexicana Claudia Sheinbaum sostuvo este martes que la ceremonia ""está garantizada"" y descartó el uso de la policía para reprimir a los manifestantes.
""Nosotros lo vemos como una provocación, como para decir 'miren que mal está la situación en México'"", dijo Sheinbaum en su rueda de prensa diaria. ""En México no hay problema... hay muchos problemas, pero los atendemos, no hay un asunto que tenga que ver con un descontento social"".
""El Mundial se va a disfrutar igual"", aseguró.
México organiza por tercera vez una Copa del Mundo, después de 1970 y 1986, y esta vez junto a Estados Unidos y Canadá. El torneo comienza el jueves y finalizará el 19 de julio.
""Apenas vamos a empezar y ya es la fiesta en México"", expresó Ingrid Orozco, una internacionalista de 40 años en una feria gastronómica organizada con puestos de países que participarán en el Mundial.
México apresura además remodelaciones en estaciones de metro y su principal aeropuerto.
La CNTE está en huelga desde la semana pasada. Bloquea calles a diario e incluso derribaron un conjunto de estatuas alusivas a la Copa del Mundo en el concurrido paseo Reforma de Ciudad de México.
""Aquí vamos a seguir con nuestra lucha"", dijo Austreberto Flores, también en la marcha rumbo al estadio.
Los maestros instalaron además un campamento a pocas cuadras de la plaza central del Zócalo, donde estará ubicado el principal 'Fan Fest' de la capital.
El gobierno afirma que ha mejorado las condiciones a los maestros y llama al diálogo.
La CNTE ha convocado a nuevas manifestaciones el jueves, dia del partido inaugural. Familiares de personas desaparecidas también planean salir a las calles ese día.
""Quiere hacerse parecer que en México tenemos una ebullición social muy grande y eso no es verdad"", insistió Sheinbaum.
La mandataria no asistirá a la apertura del Mundial en el Azteca, y ahora dijo que valora su asistencia, como previsto, al 'Fan Fest' del Zócalo, donde también se ubica el Palacio Nacional.
""Vamos a ver cómo se desarrolla lo que está ocurriendo con los maestros"", aclaró sobre su asistencia. ""Tengo que estar atenta a eso""."
2026-06-09,TVN,Mundial 2026| Ronald Araujo se lesiona. Su presencia con Uruguay en el debut está en veremos,deportes,"Uruguay/El defensa Ronald Araujo dijo este martes que la ""pequeña lesión"" que tiene en un gemelo pone en riesgo su participación en el debut de Uruguay en el Mundial, el próximo lunes ante Arabia Saudita, pero que dará el 100% para tener una rápida recuperación.
A la vuelta de su viaje de fin de semana a España, el defensor del FC Barcelona confirmó que se realizó un tratamiento exprés en Madrid y que estará en el plantel que a última hora de este martes viajará rumbo a Playa del Carmen, campo base del combinado charrúa durante la Copa del Mundo que inicia este jueves en Norteamérica.
""Tengo una pequeña lesión en el gemelo por eso me fui a hacer el tratamiento con la gente de mi confianza"", dijo Araujo a periodistas.
Lo importante es ""ver cómo vamos evolucionando, pero no hay prisa, si no llego al primero voy a intentar estar en el siguiente"", partido que Uruguay disputará en el Grupo H, el 21 de junio ante Cabo Verde.
Araujo contó que se lesionó durante un entrenamiento en Uruguay, tras pasar dos días con ""mucha fiebre"". Consultado por periodistas, desestimó que su problema muscular haya sido provocado por la intensidad de los entrenamientos propuestos por el seleccionador Marcelo Bielsa, reconocido por imprimir máxima exigencia en la preparación física de sus futbolistas.
Uno de los hermanos del capitán del Barcelona encendió la polémica al publicar en sus redes sociales un mensaje en el que culpaba a Bielsa de la lesión. A su vuelta, Araujo calificó de ""error"" el mensaje.
El futbolista reconoció que la lesión le trajo recuerdos sobre su traumática participación en Catar 2022, cuando una lesión le privó de jugar con su selección.
Sin embargo, mostró optimismo sobre sus chances de disputar partidos en Norteamérica 2026.
""Prometo que voy a dar todo de mi al 100% o al 200% para estar disponible lo antes posible porque se que soy un jugador importante para la selección, para mis compañeros y voy a darlo todo"", resumió.
La lesión del capitán del Barcelona suma incertidumbre a un Uruguay que sufrió un duro golpe la semana pasada al confirmarse la lesión muscular en el gemelo de Giorgian De Arrascaeta.
El mediocampista ofensivo del Flamengo, clave en la generación de fútbol de Uruguay, se perderá al menos los primeros partidos del Mundial.
Tras debutar contra Arabia Saudita y enfrentar a Cabo Verde en Miami, Uruguay cerrará su andar en el Grupo H el 26 de junio en Guadalajara ante España, una de las favoritas a llevarse el trofeo."
2026-06-09,TVN,España garantiza la defensa de su título en el Mundial Femenino Brasil 2027,deportes,"Islandia/España goleó 6-1 a Islandia este martes, con un doblete de Vicky López, clasificándose para el Mundial femenino de Brasil 2027 donde defenderá la corona que logró hace tres años en Australia y Nueva Zelanda.
Vicky López (5', 50'), Edna Imade (37'), Salma Paralluelo (45'), Claudia Pina (68') y Aitana Bonmatí (84') aseguraron para España el primer puesto del grupo de clasificación A3, único de la llave que da acceso directo al Mundial.
España se afianzó así en un liderato que había logrado el pasado viernes al golear 4-0 a Inglaterra, segunda clasificada de la llave, que tendrá que jugar un repechaje para buscar su boleto a Brasil.
Islandia, para la que marcó Linda Boama (58'), también jugará el repechaje, tras finalizar en tercer lugar del grupo, por delante de Ucrania.
España encarriló pronto el partido cuando recibió un balón en el pico del área, internándose y marcando de tiro cruzado (5').
El tanto daba tranquilidad a España que, en competencia directa con las inglesas por el primer puesto, necesitaba marcar rápido para evitar los nervios.
España monopolizó el balón moviéndose de un lado a otro del campo para encontrar los huecos en la cerrada defensa islandesa.
Las locales apenas lograron salir de su campo para intentar llegar al área de la portería defendida por Cata Coll.
Edna aumentó la cuenta de España al rematar prácticamente en boca de gol una asistencia de Ona Battle desde la izquierda (37').
Battle aprovechó la debilidad de las islandesas para proyectarse más en ataque apareciendo por varias zonas del campo y asistir a sus compañeras.
Tras servir el segundo gol de España, la lateral española volvió a meter un balón al punto de penal, donde Paralluelo remató haciendo el 3-0 (45').
Vicky López volvió a encontrar el gol a la vuelta del descanso con un gran disparo desde la frontal (50').
Con la gran ventaja en el marcador, España se relajó, lo que aprovechó Boama para culminar con un gol un contraataque islandés (58').
El tanto sirvió como toque de atención para la Roja que volvió a activarse presionando arriba la salida de unas contrincantes muy físicas que no daban un balón por perdido.
La presión tuvo su premio cuando Claudia Pina, que había entrado en el segundo tiempo por Paralluelo, hizo el 5-1 con un disparo que tocó en el palo y entró (68').
Junto a Pina también había ingresado en el segundo tiempo la tres veces Balón de Oro Aitana Bonmatí, que sigue sumando minutos tras superar una fractura de peroné.
La centrocampista del Barcelona puso la guinda al festival de la Roja al recuperar un balón en la frontal del área islandesa para soltar un disparo que supuso el 6-1 final (84').
También se clasificó este martes Francia, que dominó 1-0 a Irlanda en Grenoble.
Las francesas terminan primeras de su grupo de clasificación (A2) por delante de Países Bajos."
2026-06-09,TVN,"Mundial 2026 | ""Paz y solo fútbol"", el sueño que lucha contra polémicas migratorias y la sombra de Trump",deportes,"Chattanooga, Estados Unidos/La cuenta atrás del Mundial 2026 se agota: el jueves México y Sudáfrica saltarán al estadio Azteca (Ciudad de México) con un anhelo generalizado, que una vez comience a rodar el balón se hable solo del juego y se olviden las interminables controversias que han manchado la previa del gran torneo.
Porque no hay un día de sosiego en los prolegómenos de la gigantesca competición que coorganizan Estados Unidos, México y Canadá. Las polémicas migratorias han sido una constante antes del inicio de la Copa de la FIFA.
Otras noticias: Mundial 2026| Trabajadores de estadio de Los Ángeles obtienen acuerdo que evita huelga
Al día siguiente de que la presidenta mexicana Claudia Sheinbaum asegurara poder ""garantizar la celebración de la inauguración en paz y tranquila"", miles de maestros bloquearon este martes una avenida que conduce al estadio Azteca.
Habían sido convocados por un grupo disidente del sindicato de educación, la CNTE, que desde la semana pasada encabeza caóticas protestas en la capital mexicana para reclamar mejoras laborales aprovechando el escaparate que les ofrece el evento deportivo.
Las autoridades desplegaron igualmente a miles de policías, que instalaron barreras y atravesaron un remolque en la vía para impedir el paso de la marcha.
Sheinbaum calificó las protestas de ""provocación"": ""Nosotros lo vemos como una provocación como para decir 'miren que mal está la situación en México'"".
Otras noticias: Mundial 2026 | Polémicas migratorias empañan el arranque de la Copa de la FIFA
Lo que parece que el Mundial ha esquivado por ahora es la huelga de los empleados del SoFi Stadium de Los Ángeles, donde el viernes debutará Estados Unidos frente a Paraguay, luego del acuerdo alcanzado este martes por trabajadores y la empresa concesionaria de la restauración en este estadio.
El pacto conllevaría un aumento salarial para estos trabajadores (unos 2.000 afectados), dedicados principalmente a las concesiones de comidas y bebidas, y les otorgaría la posibilidad de abandonar su puesto de trabajo en caso de verse amenazados por la presencia de agentes del servicio migratorio ICE.
También lejos del deporte, en Estados Unidos el titular fue el apartamiento del torneo del árbitro somalí Omar Abdulkadir Artan, a quien le fue negada la entrada a Estados Unidos.
""Fue considerado inadmisible debido a problemas relacionados con la verificación de sus antecedentes y se le denegó la entrada al territorio"", señaló la policía de fronteras estadounidense (CBP).
""Estoy muy, muy decepcionado. Solo soy un árbitro que intentaba vivir su sueño, el mayor sueño de mi vida, participar en el Mundial"", declaró Artan en una entrevista al New York Times este martes desde Estambul, la ciudad a la que fue enviado de vuelta tras negársele la entrada en territorio estadounidense.
Somalia y sus migrantes en Estados Unidos están en el punto de mira de Donald Trump, que lo calificó de ""país podrido"" a finales de noviembre.
El rechazo de Artan provocó la indignación en el país africano. El Ministerio de Juventud y Deportes de Somalia defendió ""la integridad"" del árbitro y le aseguró su ""apoyo inquebrantable"".
El jefe del Grupo de Trabajo de la Casa Blanca para el Mundial 2026, Andrew Giuliani, defendió, sin entrar en detalles, que se denegara la entrada a Artan ""por una muy buena razón"".
En medio de la guerra en Oriente Medio, Giuliani sí garantizó que jugadores y técnicos de la selección de Irán, concentrados en Tijuana, podrán entrar en territorio estadounidense para disputar sus partidos, pero no así ""algunos oficiales iraníes que no van a entrar, de nuevo, por muy buenas razones"".
Otras noticias: Mundial 2026: Ancelotti sufre por laterales en Brasil y busca el hexacampeonato sin Wesley
En lo deportivo, los equipos participantes siguen ultimando la puesta a punto antes de entrar en competición.
La campeona Argentina se enfrentará este martes a Islandia en Auburn (Alabama) con su icono Lionel Messi entre algodones, reservado para las cosas importantes.
Además, varios jugadores clave están con molestias, como Leandro Paredes (desgarro), Julián Álvarez (inflamación de tobillo) o el arquero Dibu Martínez, que se recupera de una fractura en un dedo de la mano derecha.
""No quiero alarmar, pero no estamos al cien por ciento con muchos jugadores"", reconoció el lunes su seleccionador Lionel Scaloni.
Julián Álvarez también fue protagonista indirecto del equipo argentino, luego de que el Real Madrid anunciase este martes haber hecho una oferta de 150 millones de euros (173 millones de dólares) al Atlético para contratar al delantero de la Albiceleste, una propuesta rechazada por el club rojiblanco.
Otros favoritos, como Francia y España, mostraron una buena cara en sus últimos amistosos el lunes: los Bleus, vigentes subcampeones del mundo, derrotaron por 3-1 a Irlanda del Norte en Lille, con triplete de Michael Olise, mientras que la Roja superó por el mismo resultado a Perú en un amistoso celebrado en Puebla (México).
Por su parte, el astro brasileño Neymar progresa adecuadamente, con ""una buena evolución"" de su lesión en la pantorrilla derecha, indicó la Confederación Brasileña de Fútbol (CBF).
A sus 34 años, el goleador histórico de la Canarinha aseguró sentirse como un ""chico"" antes de tomar parte en su cuarto y ""último"" Mundial.
Otras noticias: Mundial 2026: Somalia defiende la integridad del árbitro Omar Artan tras ser denegada su entrada a EE. UU."
2026-06-09,TVN,Real Madrid hizo oferta por Julián Álvarez. El Atlético responde,deportes,"España/El Real Madrid anunció este martes haber ofrecido 150 millones de euros (173,2 millones de dólares) por el delantero argentino del Atlético de Madrid Julián Alvárez, antes de precisar que el conjunto ""colchonero"" rechazó la oferta, remitiéndose a la cláusula de rescisión del jugador.
El Real Madrid ""ha realizado una oferta de 150 millones de euros al Club Atlético de Madrid por los derechos federativos del jugador Julián Álvarez"", informó el club merengue en un breve comunicado de dos párrafos.
""Tras estudiarla y valorarla, el Club Atlético de Madrid ha agradecido la oferta realizada, efectuada en el marco de las buenas relaciones existentes entre ambos clubes, y la ha rechazado remitiéndose a la cláusula de rescisión del jugador"", prosiguió el Real Madrid.
El equipo merengue no cerró la puerta a hacer más intentos para hacerse con el internacional de la albiceleste, cuya cláusula de rescisión con el Atlético asciende a 500 millones de euros (577 millones de dólares).
El recién reelegido presidente del Real Madrid, Florentino Pérez, había avanzado la pasada semana, en plena campaña electoral, que si seguía al frente del conjunto merengue haría ""una oferta a un importante club de la Champions por un gran jugador"".
Esta oferta ""sería la mayor cantidad de dinero que el Real Madrid pagaría por un traspaso en toda su historia, 150 millones por lo menos"", añadió Pérez, en una entrevista en la televisión Cuatro el jueves pasado.
Según la web especializada Transfermarkt, los fichajes más caros del Real Madrid hasta ahora han sido el inglés Jude Bellingham por 127 millones de euros (146 millones de dólares) y el belga Eden Hazard por 120 millones de euros (138 millones de dólares).
El presidente del Real Madrid, que acababa de apuntar los fichajes de los defensas Ibrahima Konaté y Denzel Dumfries, sólo precisó entonces que el misterioso jugador sería ""de la media (mediocampo) para arriba"".
Estas declaraciones dispararon las especulaciones en los últimos días con nombres que iban desde los jugadores del PSG Vitinha y Joao Neves al extremo francés del Bayern Munich, Michael Olise.
La posibilidad de que el atacante francés fuera el objetivo del Real Madrid había llevado al presidente del Bayern, Herbert Hainer, a recordar que ""si Florentino Pérez quiere hacernos una oferta, algo que no ha ocurrido por ahora, que se la ahorre"".
Llegado en 2024 procedente del Manchester City por 50 millones de euros (58 millones de dólares) y con contrato hasta 2030, Julián ha marcado 49 goles y dado 17 asistencias en 106 partidos con la camiseta rojiblanca.
El rendimiento de la ""Araña"" en el Atlético de Madrid, había llevado a la prensa local a especular con el interés por el argentino de clubes como el Arsenal, el PSG o el Barcelona.
El Atlético de Madrid salió a desmentir el pasado 29 de mayo en su cuenta de X haber recibido una oferta del club azulgrana por el argentino, tras insistentes rumores.
El club rojiblanco volvió a recurrir este martes a la red social para comentar la oferta del Real Madrid, que reposteó acompañada de varios emoticonos riéndose.
El Atlético publicó además una serie de ""aclaraciones"" en tono de broma para rechazar la oferta del conjunto merengue.
""1. Se os cortó el vídeo del Papa donde decía que también era del Atleti. 2. Habréis confundido la educación con agradecimiento, pero para que no haya dudas: no os agradecemos nada. 3. Ni estudiamos ni valoramos ninguna oferta por Julián. 4. Cómo no nos vamos a llevar bien, si nos hacéis reír aún más que el @FCBarcelona_es"", publicó el Atlético en su cuenta de X.
El conjunto rojiblanco ha reiterado en varias ocasiones que Julián Álvarez, que se encuentra concentrado con su selección para jugar el Mundial, no está en venta.
""Julián Álvarez es jugador del Atlético de Madrid y no solamente por esta temporada pasada sino por muchas otras"", aseguró el presidente rojiblanco, Enrique Cerezo, hace una semana."
2026-06-09,TVN,Mundial 2026| Trabajadores de estadio de Los Ángeles obtienen acuerdo que evita huelga,deportes,"Estados Unidos/Empleados del SoFi Stadium de Los Ángeles anunciaron este martes un acuerdo tentativo para poner fin al conflicto laboral que amenazaba con provocar una huelga durante los partidos del Mundial 2026.
El pacto conllevaría un aumento salarial para estos trabajadores, dedicados principalmente a las concesiones de comidas y bebidas, y les otorgaría la posibilidad de abandonar su puesto de trabajo en caso de verse amenazados por la presencia de agentes del servicio migratorio ICE.
El sindicato Unite Here Local 11, que representa a casi 2.000 trabajadores del recinto, llevaba semanas negociando las demandas con la empresa Legends Global, operadora de los servicios de alimentos del recinto.
La semana pasada, el estancamiento de las negociaciones llevó a que una abrumadora mayoría de trabajadores representados por el sindicato autorizara una huelga durante los ocho partidos que el SoFi Stadium albergará de la Copa del Mundo.
Este martes, sin embargo, el sindicato reportó haber llegado a un ""acuerdo provisorio"" con Legends Global, a sólo tres días de que el SoFi hospede el primer juego mundialista en territorio estadounidense, entre la selección local y Paraguay.
""Nos enorgullece poder decir que hemos conseguido todas las reivindicaciones importantes que planteamos. Y lo que es más, hemos conservado el derecho a la huelga por motivos de seguridad"", dijo Unite Here Local 11.
""Los trabajadores tienen el derecho contractual de abandonar el puesto de trabajo si el sindicato determina de buena fe que las medidas federales de control de la inmigración ponen en peligro la seguridad de los trabajadores durante un partido del Mundial"", afirmó la organización.
El Servicio de Inmigración y Control de Aduanas (ICE), punta de lanza de la ofensiva antinmigración del presidente Donald Trump, ha sido blanco de críticas de organizaciones de defensa de los derechos humanos por sus brutales redadas en distintas ciudades, incluida Los Ángeles.
""Los trabajadores lo ratificarán esta semana, tras lo cual daremos a conocer más detalles"", dijo el sindicato sobre un acuerdo que, de acuerdo con The Athletic, supondrá también incrementos salariales de hasta el 40% para sus empleados."
2026-06-09,TVN,Mundial 2026 | Polémicas migratorias empañan el arranque de la Copa de la FIFA,deportes,"Panamá/Faltan horas para que el Mundial 2026 arranque en el Estadio Azteca de Ciudad de México, pero la fiesta del fútbol ya tiene varios invitados incómodos.
En los últimos días, una cadena de episodios migratorios y de seguridad ha generado incomodidad en la comunidad futbolística internacional, y los creadores de contenido y medios especializados no han tardado en alzar la voz.
Otras noticias: Mundial 2026: Ancelotti sufre por laterales en Brasil y busca el hexacampeonato sin Wesley
El caso más resonante involucra a Aymen Hussein, figura indiscutida de la selección de Irak. El delantero fue detenido e interrogado durante siete horas en el aeropuerto O'Hare de Chicago al llegar a Estados Unidos con su selección. Su propia federación denunció que fue tratado ""como un terrorista"". Mientras tanto, el fotógrafo oficial de la selección, Talal Salah, fue interrogado por más de diez horas y finalmente no le permitieron ingresar al país.
El fútbol también perdió a uno de sus mejores árbitros. Omar Abdulkadir Artan llegó el 6 de junio al Aeropuerto Internacional de Miami procedente de Estambul, pero pese a contar con visa válida y documentación de la FIFA, fue detenido durante varias horas y finalmente deportado. El juez somalí de 34 años, con escarapela FIFA desde 2018, había sido elegido el mejor árbitro del continente africano por la CAF en 2025, y habría sido el primer somalí en dirigir en una Copa del Mundo. La FIFA confirmó que no tenía capacidad para influir en la decisión, la cual es competencia exclusiva de Estados Unidos.
Noticia relacionada: Mundial 2026: Somalia defiende la integridad del árbitro Omar Artan tras ser denegada su entrada a EE. UU.
Las escenas en los estadios tampoco ayudaron. Al descender del autobús que trasladó a la selección de Uzbekistán al Icahn Stadium de Nueva York para su amistoso ante Países Bajos, jugadores y miembros del cuerpo técnico fueron sometidos a una revisión que incluyó detectores de metales, inspección de pertenencias y perros policiales especializados. Para muchos, algo exagerado, aunque el operativo estuvo relacionado con la presencia de Donald Trump en Nueva York ese mismo día.
A esto se suma que en Texas, la selección de Senegal también fue expuesta a exhaustivos controles a su llegada, con revisiones individuales registradas en videos que se viralizaron rápidamente en redes sociales.
Lo que une estos episodios no es la casualidad. El caso del árbitro somalí se produce en un contexto de restricciones migratorias que afectan a ciudadanos de varios países, entre ellos Somalia, incluida en las medidas impulsadas por la administración del presidente Donald Trump. El deporte, una vez más, pagando facturas que no pidió.
Otras noticias: Mundial 2026| Neymar le da una buena sensación a Brasil en medio de su recuperación"
2026-06-09,TVN,Mundial 2026: Ancelotti sufre por laterales en Brasil y busca el hexacampeonato sin Wesley,deportes,"Morristown, Estados Unidos/Carlo Ancelotti se ha topado con un obstáculo en su misión de bordar la sexta estrella mundial de Brasil en Norteamérica 2026: carencias en los laterales, una posición que durante décadas fue marca registrada del país del jogo bonito.
El entrenador italiano ha probado 24 jugadores en esa posición desde que asumió la conducción de la Canarinha hace un año, según un conteo del portal Globo Esporte.
Otras noticias: Mundial 2026: Somalia defiende la integridad del árbitro Omar Artan tras ser denegada su entrada a EE. UU.
El sábado pasado, a una semana exacta del debut contra Marruecos en el Grupo C, perdió por lesión al futbolista que más se acercaba a las características que hicieron de Brasil una referencia en esa zona del campo, Wesley.
""Todo el mundo sabe: falta lo que nunca ha faltado, los laterales. Brasil tenía laterales fantásticos, ahora hay un poco de carencia"", dijo el afamado entrenador italiano en una entrevista en marzo.
Sin embargo, el extécnico del Real Madrid destacó entonces la aparición de un futbolista para esa zona, huérfana desde la era de Marcelo y Dani Alves: ""El joven Wesley, que está jugando muy bien en la Roma"".
Pero el lateral derecho de 22 años sufrió una lesión muscular en el muslo izquierdo en el amistoso ante Egipto (triunfo 2-1) el sábado y fue desconvocado. Se convirtió en la cuarta baja de peso para Carletto en el camino al Mundial, tras Rodrygo, Estêvão y Éder Militão.
Otras noticias: Mundial 2026| Neymar le da una buena sensación a Brasil en medio de su recuperación
Nacido en Açailândia, un pueblo en el estado amazónico de Maranhão que debe su nombre al açaí, Wesley es un marcador de punta de ida y vuelta y penetrante en el ataque, similar al estilo de los legendarios Roberto Carlos y Carlos Alberto.
""Él tiene una característica única en nuestro equipo"", dijo el capitán, Marquinhos, antes de que se hiciera oficial la baja de su compañero, quien se hizo un nombre en Brasil al levantar ocho trofeos con Flamengo, incluidas las Copas Libertadores de 2022 y 2025.
Su ausencia deja al Scratch, expectante también por la recuperación de Neymar, sin un lateral de corte ofensivo, pues en su reemplazo Ancelotti llamó a un volante, Éderson, del Atalanta.
Brasil comenzará su camino hacia el esquivo hexacampeonato mundial el sábado en East Rutherford, Nueva Jersey, con tres marcadores de punta netos: el zurdo Douglas Santos y los veteranos Danilo y Alex Sandro, cuyas carreras internacionales muchos daban por acabadas tras el tropiezo en Catar 2022.
Los centrales Bremer e Ibañez pueden hacer la doble función como laterales derechos, pero por su naturaleza defensiva los pentacampeones perderían fuego ofensivo. Lo mismo sucede si el elegido para la zona es Danilo, quien en el Flamengo suele ser central.
""Yo puedo hacer otras cosas: dar el pase limpio, llegar por dentro, pero mi característica es muy diferente"" a la de un jugador como Wesley, dijo el ex del Manchester City y del Real Madrid.
La falta de jugadores en esta posición ha sido atribuida por expertos a la fuga precoz de los talentos hacia Europa, que les impide formarse apropiadamente en la escuela brasileña de fútbol.
Ancelotti, quien se estrena como entrenador en un Mundial tras ganarlo todo como técnico de clubes, no es el único comandante de Brasil que ha tenido dolores de cabeza con los marcadores de punta.
En Catar 2022, donde la Verdeamarela fue eliminada por Croacia en cuartos de final, Tite apostó por el zaguero Militão en la derecha luego de una lesión de Danilo. También contaba para esa zona con Bremer y un venido a menos Dani Alves, entonces de 39 años.
Tras problemas físicos de los zurdos Alex Sandro y Alex Telles, Tite debió apelar a la polifuncionalidad de un recuperado Danilo para cubrir la banda izquierda en octavos y cuartos.
Tite rearmó el rompecabezas por necesidad, pero en el fútbol actual varios timoneles se la juegan, por convicción, con centrales o laterales con perfil invertido para ocupar la posición de marcador de punta.
Así lo han hecho Pep Guardiola en el City y Mikel Arteta en el Arsenal, flamante campeón de la Premier League.
""Esta posición ha ido cambiando gracias a la influencia de entrenadores como Pep Guardiola"", dijo el exlateral alemán Philipp Lahm, quien compartió con el DT catalán en Bayern Munich, a la BBC en 2023.
""En defensa, se trata de dejar el menor espacio posible al rival, ocupando mucho terreno y manteniéndolo bajo control. En ataque, de aprovechar el espacio, creando el mayor espacio posible y generando tantas oportunidades como sea posible para los compañeros""."
2026-06-09,TVN,Mundial 2026: Somalia defiende la integridad del árbitro Omar Artan tras ser denegada su entrada a EE. UU.,deportes,"Mogadiscio, Somalia/El Ministerio de Juventud y Deportes de Somalia defendió el martes ""la integridad"" del árbitro somalí Omar Artan, cuya entrada fue denegada el sábado en Estados Unidos donde debía trabajar durante el Mundial de fútbol, y mostró su ""apoyo inquebrantable"".
Pese a las ""intensas gestiones diplomáticas y a las negociaciones con las autoridades competentes del gobierno de Estados Unidos y FIFA, con el objetivo de llegar a una resolución inmediata"", ""lamentablemente no fue posible lograr un resultado positivo"", lamentó la institución en un comunicado.
Contenido relacionado: Mundial 2026: Deniegan entrada a Estados Unidos al árbitro somalí Omar Abdulkadir Artan pese tener visado en regla
Estados Unidos denegó la entrada al árbitro el sábado. La policía de fronteras estadounidense (CBP) explicó a la AFP que ""fue considerado inadmisible debido a problemas relacionados con la verificación de sus antecedentes y se le denegó la entrada al territorio"".
El Ministerio de Deportes somalí afirmó su ""plena confianza en su integridad, profesionalismo y contribución continua al desarrollo del fútbol tanto en Somalia como a escala internacional"", y le mostró su ""apoyo inquebrantable"".
Titular del estatus de la FIFA desde 2018, arbitra en la liga somalí y fue nombrado mejor árbitro del año por la Confederación Africana de Fútbol en 2025.
A sus 34 años, el referí debía ser el primer somalí en dirigir en una Copa del Mundo, tras formar parte de los 52 árbitros seleccionados para llevar el silbato en el Mundial 2026, organizado por EEUU, Canadá y México.
Pero la FIFA indicó el lunes a la AFP que el árbitro no podría ni entrenar ni oficiar durante el Mundial una vez su entrada fue rechazada por Estados Unidos.
Otras noticias: Mundial 2026| Neymar le da una buena sensación a Brasil en medio de su recuperación
""Es el gobierno del país anfitrión quien determina en última instancia quien recibe un visado y quien es admitido en su territorio"", justificó la institución en un comunicado.
Al ser preguntada por la AFP, una fuente del comité arbitral de la Confederación Africana de Fútbol (CAF) dijo ""sentirlo por Artan"" pero no quiso comentar el incidente.
""La selección de árbitros para la Copa del Mundo es totalmente una responsabilidad de la FIFA"", declaró.
Somalia se halla en el punto de mira de Donald Trump.
A finales de noviembre, el presidente estadounidense lo calificó de ""país podrido"" y manifestó su intención de poner fin al estatuto especial que protege a los ciudadanos somalíes de expulsión.
Otras noticias: Mundial 2026| Francia deja buena impresión en su último amistoso ante Irlanda del Norte"
2026-06-08,TVN,Mundial 2026| Neymar le da una buena sensación a Brasil en medio de su recuperación,deportes,"Estados Unidos/El astro brasileño Neymar presenta una ""buena evolución"" de su lesión en la pantorrilla derecha, que lo ha privado de jugar desde mediados de mayo, informó este lunes la Confederación Brasileña de Fútbol (CBF).
El goleador histórico de los pentacampeones mundiales fue sometido este lunes en Estados Unidos a una resonancia magnética que arrojó resultados ""dentro de los parámetros esperados"".
""Seguirá el proceso de recuperación y preparación física diseñado por el equipo médico de la selección brasileña"", indicó la CBF en un comunicado.
La entidad no brindó más detalles, pero se cree que no estará listo para el debut de su país en la Copa del Mundo de Norteamérica, el sábado ante Marruecos en East Rutherford, Nueva Jersey, por el Grupo C.
Ney, de 34 años, jugo por última vez con su equipo, el Santos, el 17 de mayo en un juego del campeonato brasileño. No actúa con el Scratch desde octubre de 2023.
Podría recibir el alta médica para el segundo choque, contra Haití, el 19 de junio en Filadelfia. Brasil cierra la primera fase ante Escocia el 24 del mismo mes.
El exjugador del FC Barcelona y el Paris Saint-Germain no formó parte del entrenamiento del lunes e hizo, como en los pasados días, trabajos de recuperación en el gimnasio.
El entrenador de Brasil, Carlo Ancelotti, confió el viernes en que Neymar podría reincorporarse a las prácticas esta semana.
Pero el técnico italiano ha dicho que no forzará la recuperación del astro, cuya carrera ha sido lastrada en las últimas temporadas por lesiones recurrentes.
En tanto, en el entrenamiento en las instalaciones de Columbia Park, en Morristown, Nueva Jersey, la Seleção contó con su último refuerzo, Ederson.
El volante del Atalanta reemplazó al lateral Wesley, de la Roma, lesionado el sábado en el partido amistoso ante Egipto (victoria brasileña 2-1), el último antes del estreno mundialista."
2026-06-08,TVN,Mundial 2026| Francia deja buena impresión en su último amistoso ante Irlanda del Norte,deportes,"Francia/Francia, con un triplete de Michael Olise, derrotó 3-1 a Irlanda del Norte en su último partido de preparación antes del Mundial 2026, este lunes en el estadio Pierre-Mauroy de Villeneuve-d'Ascq (norte).
Los Bleus venían de perder 2-1 el jueves pasado ante Costa de Marfil en su primer partido de preparación para la cita de Norteamérica, en un partido en el que el DT Didier Deschamps dio descanso a varios titulares habituales.
Para el seleccionador, que dirigía por última vez a los Bleus en suelo francés antes de dejar su cargo al término del torneo norteamericano, el objetivo era sobre todo ver a sus jugadores afinar por última vez sus automatismos.
Con el regreso de los dos campeones de Europa parisinos, el Balón de Oro Ousmane Dembélé y Désiré Doué, así como del defensa del Arsenal William Saliba, los tres reservados el pasado jueves, el técnico decidió alinear de inicio el once que sin duda tendrá la responsabilidad de comenzar el Mundial el 16 de junio contra Senegal, en East Rutherford (Nueva Jersey).
Olise, que día tras día se mete un poco más en la lucha por el próximo Balón de Oro, remató el recital ofrecido al público del estadio Pierre-Mauroy con una auténtica joya.
Justo después de haber servido un pase de oro a Kylian Mbappé, que el capitán de la selección francesa no consiguió convertir en gol (73'), Olise decidió, una vez más, tomar las riendas.
Desde su banda derecha, el jugador del Bayern Munich de 24 años se fue hacia el centro, sorteó a dos defensores por el camino y soltó un disparo con rosca con la zurda. Balón al palo y dentro, 3-1, asunto resuelto (75').
La decepción de la noche se llama Kylian Mbappé. La superestrella francesa nunca logró destacar en los dos partidos de preparación para el Mundial y no consiguió marcar ni un solo gol para, al menos, igualar el récord de Olivier Giroud con la selección francesa (57).
Tras una temporada frustrante y sin títulos con el Real Madrid en lo colectivo, pese a un segundo título de máximo goleador en la liga, Mbappé quizá espera el escenario del Mundial, su competición predilecta, para retomar sus buenas costumbres.
El combinado galo partirá el miércoles hacia Estados Unidos."
2026-06-08,TVN,Mundial 2026| RD Congo vs Chile: partido amistoso se jugará en un nuevo sitio tras prohibición por ébola,deportes,"España/Las selecciones de fútbol de Chile y República Democrática de Congo disputarán en Francia el martes el partido amistoso que fue prohibido por una localidad española, debido al brote de ébola en el país africano.
La selección congoleña, que ha estado concentrada en Marbella (sur de España) estos últimos días, viaja este lunes a Francia, tal como confirmó su Federación de Fútbol (FECOFA) en su cuenta de X.
""Últimos momentos de trabajo en Marbella antes de tomar rumbo a Francia"", escribió la FECOFA sobre una imagen de una agenda del día de la selección africana.
La selección chilena precisó en X que el partido se disputará a puerta cerrada a las 18h00 locales (16h00 GMT; 12h00 en Chile) en el estadio La Source de Orleans.
El encuentro debía jugarse inicialmente en La Línea de la Concepción (sur de España), pero el alcalde de la localidad, Juan Franco, prohibió el martes pasado el encuentro por temor al brote de ébola en el país africano.
Franco basó su decisión en ""una cuestión de prudencia sanitaria"", siguiendo recomendaciones del departamento de sanidad del gobierno regional de Andalucía así como de los servicios sanitarios de su propio ayuntamiento.
El alcalde de La Línea alegó que no se le habían ofrecido garantías sanitarias suficientes.
La Organización Mundial de la Salud (OMS) declaró una emergencia sanitaria internacional por el brote anunciado el 15 de mayo en el noreste de la República Democrática del Congo.
Según la agencia de salud de la ONU, en ese país se han registrado 515 infecciones confirmadas por ébola, entre ellas 91 que terminaron en muerte.
Un responsable de prensa de la selección congoleña señaló a AFP el 21 de mayo que ""ningún jugador que milite en un equipo del país ha sido convocado"".
La selección congolesa, que el miércoles pasado empató 0-0 con Dinamarca en un amistoso en Bélgica, cerrará contra Chile su preparación para la Copa del Mundo de Estados Unidos, México y Canadá.
En el Mundial, la RD Congo se medirá en el grupo K a Colombia, Portugal y Uzbekistán.
Chile, por su parte, que no clasificó para el Mundial, cerrará su gira europea tras perder el sábado 2-1 frente a Portugal en un amistoso en Lisboa."
2026-06-08,TVN,Mundial 2026| México hizo una promesa para la inauguración del torneo,deportes,"México/México prometió el lunes que la inauguración del Mundial de fútbol se desarrollará ""en paz"", en medio de protestas de maestros en huelga que aprovechan la cita deportiva para presionar por sus demandas.
Los accesos a la plaza central del Zócalo en Ciudad de México -donde estará ubicado el mayor 'fan fest' del país-- están bloqueados por barreras metálicas, constató un periodista de la AFP. Decenas de personas hacían fila para pasar los controles y llegar a los comercios donde trabajan, golpeados por los cierres.
El gobierno de la presidenta Claudia Sheinbaum mantiene abierto un diálogo con un grupo disidente del sindicato de educación, la CNTE, que exige aumento salarial y la derogación de una ley de pensiones.
Los manifestantes ya realizaron bloqueos de calles e incluso derribaron estatuas alusivas a jugadores del torneo de fútbol.
Y se acaba el tiempo antes del inicio del Mundial el jueves en el estadio Azteca, adonde se llamaron protestas no solo de maestros sino de familiares de personas desaparecidas.
""Vamos a garantizar (...) que la celebración de la inauguración de la Copa Mundial se lleve bien, en paz y tranquila"", dijo Sheinbaum en su habitual rueda de prensa matutina.
Justificó los bloqueos al Zócalo como una medida para ""no caer en provocaciones"" de reprimir las movilizaciones con la policía.
México organiza por tercera vez un Mundial de fútbol, esta vez junto a Estados Unidos y Canadá.
El evento -que atrae los ojos de todo el mundo- es una ocasión propicia para ""generar presión"" contra el gobierno, dijo a la AFP Dinora Díaz, una maestra de 42 años en un campamento instalado por los huelguistas a pocas cuadras del Zócalo.
Sobre una de las barreras azules, llenas ya de pintas de todo tipo, un restaurante instaló un pequeño cartel de papel rosado escrito a mano: ""sí hay servicio"".
Unas 50 personas hacían fila a media mañana para cruzar el bloqueo. A unas cuadras, un centenar de comerciantes reclamaba la medida, que, según la cámara que los agrupa, ha generado pérdidas por 642,5 millones de pesos, unos 37 millones de dólares.
""¡Queremos trabajar!"", gritaban. ""Fuera vallas"", ""las vallas no pagan mi salario"".
Sheinbaum pidió paciencia mientras avanza la negociación.
""Con el Mundial esperábamos mucha venta, teníamos expectativas muy altas"", lamentó José Luis Leyva, de 46 años y gerente de un restaurante.
""Está cerrado el acceso a nuestro restaurante, la gente no llega, los turistas están espantados"", dijo Jonathan Herrera, un mesero de 31 años que protesta contra los cierres viales en otra de las avenidas principales con colegas y comerciantes.
Entre el bullicio de las movilizaciones, Heather Lutz, una turista estadounidense de 64 años dijo que como educadora entiende las protestas.
""A ningún gobierno le gusta que las ciudades luzcan a como son realmente"" durante grandes eventos como el Mundial, señaló.
El gabinete de Sheinbaum precisó en la rueda de prensa detalles de sus propuestas a la CNTE, desde el diseño de un nuevo mecanismo de asignación de plazas laborales hasta el planteamiento de crear una aseguradora pública que administre las pensiones de los maestros retirados.
El gobierno, sin embargo, advirtió que derogar la ley de pensiones vigente como pide el gremio es inviable e implicaría un gasto equivalente a unos 400.000 millones de dólares, explicó Martí Batres, director del instituto de seguridad social para los empleados públicos.
El gremio ha rechazado los planteamiento que hasta ahora presentó el gobierno, mientras la secretaria de Gobernación (Interior), Rosa Icela Rodríguez, llamó a los huelguistas a levantar los bloqueos y regresar a las aulas."
2026-06-08,TVN,Mundial 2026 | Messi entre algodones y Argentina cierra su preparación ante Islandia con varias bajas por lesión,deportes,"Buenos Aires, Argentina/A poco más de una semana de su debut como campeona defensora, la selección argentina llega al último amistoso previo al Mundial con su entrenador Lionel Scaloni mirando de reojo la enfermería y con Lionel Messi, su principal figura, entre algodones.
La Albiceleste se enfrentará en la noche del martes contra Islandia, en Auburn, Alabama, con buena parte del plantel que se consagró campeón en Catar 2022, pero Scaloni podría verse obligado a realizar variantes de última hora en la nómina mundialista por los inconvenientes físicos que arrastran varios seleccionados.
Otras noticias: Mundial 2026 | De Uruguay 1930 a Catar 2022: quién ha mandado en el fútbol
""No quiero alarmar, pero no estamos al cien por ciento con muchos jugadores. Tenemos un partido más para poder sacar conclusiones, vamos a esperar"", explicó el entrenador, que en el triunfo del sábado pasado sobre Honduras (2-0) dispuso el ingreso de varios jóvenes, incluidos cuatro debutantes absolutos en la selección.
En la segunda mitad del choque contra los centroamericanos, el DT dispuso los estrenos del portero Santiago Beltrán y el delantero Joaquín Freitas (River Plate), el volante ofensivo Tomás Aranda (Boca Juniors) y el zaguero Nicolás Capaldo (Hamburgo), mientras que fue titular el defensor Agustín Giay (Palmeiras), que tenía unos pocos minutos previos.
Giay y Capaldo son algunos de los candidatos a ocupar la plaza de Leonardo Balerdi (Olympique de Marsella), desafectado del plantel mundialista por un desgarro.
""Cuando los argentinos salen a una cancha siempre dan todo, no se guardan nada. Por eso administramos las cargas e intentamos darle minutos a la mayoría. No nos vamos a apresurar para elegir el jugador que se va a sumar, porque tenemos que evaluar muchos compañeros más"", dijo Scaloni sobre el posible reemplazo de Balerdi.
Otras noticias: Mundial 2026: Deniegan entrada a Estados Unidos al árbitro somalí Omar Abdulkadir Artan pese tener visado en regla
El entrenador también está preocupado por la situación de Leandro Paredes, que con un desgarro leve no se entrena a la par del plantel, y de Julián Álvarez, con una inflamación en un tobillo. Además, el arquero Emiliano ""Dibu"" Martínez, se recupera de una fractura en un dedo de la mano derecha que no le impediría llegar al debut del 16 de junio contra Argelia.
En las últimas horas, Argentina sí pudo sumar a Nicolás Paz, Nahuel Molina y Gonzalo Montiel, que después de varias jornadas trabajaron junto con el resto del equipo, pero los dos últimos, ocupantes del lateral derecho, serán exigidos para saber si llegarán en condiciones, y allí podría haber otra variante.
En el peor de los casos, el DT podría revivir una situación similar a lo ocurrido días antes del Mundial de Catar, cuando debió desafectar a último momento por sus lesiones a Joaquín Correa y a Nicolás González para el ingreso de Ángel Correa y Thiago Almada.
Más allá de la confianza depositada en sus jugadores, Scaloni se aproxima a la hora de las decisiones y destacó en varias ocasiones la necesidad de contar con jugadores en plenitud, un tema que considera innegociable.
""Creo que el futbolista es muy noble. Pero después, lo que tenga que pasar, va a pasar"", dijo en referencia a posibles cambios obligados.
Otras noticias: Mundial 2026: Lamine Yamal, Nico Williams y Víctor Muñoz estarán disponibles para el debut de España, asegura De la Fuente
A partir de esta incertidumbre que recién se resolverá en los próximos días, el entrenador del campeón del mundo tomará el cotejo contra Islandia como un examen decisivo para muchos, aunque no para Messi, que estuvo en el banco contra Honduras sin jugar ni un minuto, una imagen inimaginable en otras épocas.
El capitán de la Albiceleste terminó su participación en la MLS con un problema muscular que alteró la planificación, aunque eso no impedirá su participación en su sexta Copa del Mundo, un récord que apunta a compartir con el portugués Cristiano Ronaldo y el arquero mexicano Guillermo Ochoa.
La Pulga, que cumplirá 39 años el 24 de junio próximo, se recupera de una contractura en la pierna derecha, pero Scaloni destacó que su número 10 ""se entrenó con el grupo, y eso es importante. Viene bastante bien, incluso puede ser que juegue algunos minutos"" frente a Islandia.
Argentina integra el Grupo J y debutará el martes 16 frente a Argelia, en Kansas, mientras que en la segunda fecha se medirá con Austria, en Dallas, y allí mismo completará, cinco días después, la etapa de grupos contra Jordania."
2026-06-08,TVN,Mundial 2026 | De Uruguay 1930 a Catar 2022: quién ha mandado en el fútbol,deportes,"Los Angeles, Estados Unidos/Argentina es el último equipo que conquistó el Mundial de fútbol, en Catar 2022, su tercer título en la historia. Sin embargo, Brasil, con cinco estrellas, sigue siendo la selección que domina el palmarés del torneo de selecciones más importante del mundo.
Brasil encabeza la tabla histórica con 5 títulos, obtenidos en 1958, 1962, 1970, 1994 y 2002. Le siguen Alemania e Italia, ambas con 4 títulos: los alemanes levantaron la copa en 1954, 1974, 1990 y 2014, mientras que los italianos lo hicieron en 1934, 1938, 1982 y 2006.
Con 3 títulos figura Argentina, campeona en 1978, 1986 y 2022. En el grupo de las bicampeonas se encuentran Uruguay (1930 y 1950) y Francia (1998 y 2018). Finalmente, Inglaterra (1966) y España (2010) completan el palmarés con un título cada una.
La historia del Mundial comenzó en 1930 con el triunfo de Uruguay sobre Argentina (4-2) en suelo uruguayo. Cuatro años después, Italia inició su dinastía al vencer a Checoslovaquia (2-1) en la prórroga, título que revalidó en 1938 ante Hungría (4-2) en Francia.
En 1950, Uruguay protagonizó uno de los mayores sobresaltos del fútbol al imponerse a Brasil (2-1) en el propio estadio Maracaná, en un torneo que se decidió por grupo final en lugar de una final directa. En 1954, Alemania derrotó a Hungría (3-2) en Suiza, y en 1958 comenzó la era dorada de Brasil, que goleó a Suecia (5-2) en su propio país. Los brasileños repitieron en 1962 ante Checoslovaquia (3-1) en Chile y alcanzaron su tercer título en 1970 con una memorable victoria sobre Italia (4-1) en México.
Inglaterra logró su único título en 1966 al superar a Alemania Federal (4-2) en la prórroga, en casa. En 1974, Alemania Federal venció a Países Bajos (2-1) en su propio terreno, y en 1978 Argentina conquistó su primera estrella ante los mismos Países Bajos (3-1) en la prórroga. Italia completó su segunda racha de títulos en 1982 ante Alemania (3-1) en España, y Argentina obtuvo su segundo campeonato en 1986 superando a Alemania Federal (3-2) en México.
La década de los noventa abrió con la revancha alemana: en 1990, Alemania Federal derrotó a Argentina (1-0) en Italia. En 1994, Brasil alcanzó su cuarto título al vencer a Italia en penales (0-0, 3-2) en Estados Unidos. En 1998, Francia brilló en casa goleando a Brasil (3-0), y en 2002 los brasileños sellaron su quinto y último título ante Alemania (2-0) en Corea del Sur y Japón.
El nuevo siglo trajo más finales históricas: en 2006, Italia conquistó su cuarto título en una definición por penales ante Francia (1-1, 5-3) en Alemania. En 2010, España logró su único Mundial al superar a Países Bajos (1-0) en la prórroga, en Sudáfrica. En 2014, Alemania obtuvo su cuarta estrella con un gol en la prórroga ante Argentina (1-0) en Brasil. Francia revalidó título en 2018 ante Croacia (4-2) en Rusia.
El torneo más reciente, Catar 2022, ofreció quizás la final más emocionante de la historia: Argentina y Francia empataron 3-3 tras el tiempo reglamentario y la prórroga, con Argentina alzándose campeona en la tanda de penales (4-2) para conquistar su tercera estrella."
2026-06-08,TVN,"Mundial 2026: Lamine Yamal, Nico Williams y Víctor Muñoz estarán disponibles para el debut de España, asegura De la Fuente",deportes,"México, México/Los juveniles extremos Lamine Yamal, Nico Williams y Víctor Muñoz estarán disponibles para el debut de España en el Mundial de 2026 contra Cabo Verde, aseguró el domingo el seleccionador Luis de la Fuente.
La selección española llegó el domingo a Puebla, donde el lunes enfrentará a Perú con las notables ausencias de los atacantes del Barcelona, el Athletic Club y el Osasuna, respectivamente, quienes se quedaron en el campamento de prácticas de Chattanooga, en Estados Unidos, para continuar sus rehabilitaciones.
""Lamentamos que no estén aquí acompañándonos, pero las indicaciones de los servicios médicos y de la preparación física nos invitaban a que se quedaran allá"", explicó De la Fuente en rueda de prensa. ""Los tres podrán estar disponibles para el próximo partido"".
Este lunes, la Roja tendrá su último ensayo mundialista contra Perú en el estadio Cuauhtémoc, en Puebla (centro de México).
El lunes 15, con los tres atacantes dados de alta, España enfrentará a Cabo Verde en su primer partido dentro del Grupo H del Mundial, en Atlanta.
Yamal, de 18 años, se recupera de una lesión en el bíceps femoral de la pierna izquierda que sufrió en la recta final de la temporada 2025-2026 con su club.
Williams, de 23 años, va dejando atrás una lesión en el muslo izquierdo mientras que Víctor Muñoz, de 22 años, afrontó un problema en el soleo de la pierna izquierda.
Los tres extremos ""están cumpliendo los pasos de recuperación y están muy bien"", reiteró De la Fuente. ""Era conveniente que estos días se quedaran trabajando allá para hacer trabajo más específico"".
De la Fuente consideró que el partido contra Perú ""nos sitúa en la realidad del Mundial"". En este juego presentará una alineación con ""futbolistas que no estuvieron contra Irak"".
Antes de viajar a México, la selección española empató 1-1 con Irak en La Coruña, el jueves.
Para el partido del lunes contra Perú se prevé la participación de Yéremy Pino en la delantera.
""Este partido contra Perú nos va a ayudar a preparar el debut"", dijo el extremo de 23 años que juega para el Crystal Palace de Inglaterra."
2026-06-08,TVN,"Mundial 2026: Christian Eriksen sufre nuevo desplome en pleno partido y debería salir ""rápidamente"" del hospital",deportes,"Copenhague, Dinamarca/El mediocampista danés Christian Eriksen, que sufrió un paro cardíaco en pleno partido en la Eurocopa en 2021, debería salir del hospital ""rápidamente"" tras desplomarse nuevamente el domingo durante un encuentro, anunció el lunes la federación danesa (DBU).
""He hablado con Christian esta mañana y está bien. Está con su familia y está animado. Se espera que pueda recibir rápidamente la autorización para salir (del hospital) y volver a casa"", declaró el médico de la selección Morten Boesen, citado en un comunicado de la DBU publicado en redes sociales.
Otras noticias: Mundial 2026| Argentina supera a Honduras en un partido amistoso con Messi en el banco
No se ha difundido ninguna información sobre el origen del desvanecimiento ni el impacto del mismo en la carrera deportiva del jugador, que lleva un desfibrilador desde el paro cardíaco de 2021.
""Cuidamos bien a los jugadores y al cuerpo técnico y nos mantenemos en contacto regular con ellos"", añadió Boesen en el comunicado.
Otras noticias: Mundial 2026| Curazao se despide de su gente con goleada y alegría
El jugador de 34 años cayó al suelo en el minuto 64 de un amistoso contra Ucrania disputado en Odense, en el centro del país.
Los equipos de emergencia saltaron inmediatamente al césped para atenderlo y el partido fue anulado por el árbitro un cuarto de hora más tarde.
Después de recibir atención médica en el lugar, Eriksen pudo ponerse de nuevo en pie y montó en una ambulancia por sus propios medios, precisó el médico tras el incidente.
El jugador fue trasladado al centro hospitalario universitario de Odense.
Este desvanecimiento hizo recordar por momentos el paro cardíaco que el jugador sufrió hace cinco años contra Finlandia, cuando se llegó a temer por su vida.
Tras aquel suceso le fue implantado un desfibrilador subcutáneo y pudo retomar su carrera profesional a principios de 2022, ocho meses después del incidente.
Otras noticias: Mundial 2026: Récords de 48 equipos, 104 partidos y 7 millones de entradas en Estados Unidos, Canadá y México"
2026-06-08,TVN,"Mundial 2026: Récords de 48 equipos, 104 partidos y 7 millones de entradas en Estados Unidos, Canadá y México",deportes,"Los Angeles, Estados Unidos/48 equipos, 104 partidos, 7 millones de entradas: estas son algunas de las cifras más destacables del Mundial de fútbol de 2026, que se disputa desde el 11 de junio al 19 de julio en Estados Unidos, Canadá y México.
Es el número de selecciones participantes en esta Copa del Mundo, la primera con una cantidad tan elevada. En marzo de 2023, el Consejo de la FIFA aprobó la ampliación de 32 a 48 equipos, que se repartirán en 12 grupos de cuatro selecciones cada uno. La anterior ampliación del número de participantes del torneo se remontaba al Mundial de Francia 1998, cuando se pasó de 24 a 32 combinados.
Otras noticias: Mundial 2026| Brasil reporta un llamado de último momento por la lesión de Wesley
Es el número de partidos que se disputarán en este Mundial. Serán 40 más que en la anterior edición, la de Catar 2022. Además del aumento del número de participantes y grupos, se añade una ronda extra, la de dieciseisavos de final. Antes las rondas de eliminación directa empezaban en los octavos de final.
El Mundial 2026 será la 23ª edición desde la primera, organizada en Uruguay en 1930. Con cinco, Brasil es la selección que ostenta el récord de títulos, por delante de Alemania e Italia, que tienen cuatro cada uno.
Con casi siete millones de entradas puestas a la venta para asistir a la competición, la FIFA espera batir el récord histórico de 3,5 millones de entradas vendidas para un Mundial, que se dio en 1994, precisamente en la anterior cita que acogió Estados Unidos.
Otras noticias: Mundial 2026| Irán llega a México para concentrarse tras días complicados por trámite de visas
Repartidos entre los tres países anfitriones, serán 16 los estadios que acojan partidos del Mundial. Es el doble de los recintos de Catar 2022 y cuatro más que en Rusia 2018.
La estadounidense Tori Penso y la mexicana Katia García son las dos mujeres árbitras principales que han sido seleccionadas para el Mundial 2026. En total habrá 52 árbitros principales, que representan a las seis confederaciones y a cincuenta federaciones nacionales.
El precio mínimo de una entrada para un partido del Mundial es de 60 dólares, según la asociación Football Supporters Europe (FSE), cuando en su dosier de candidatura los responsables se comprometían a que fuera de 21 dólares.
Pero para la mayoría de partidos, los fans han tenido que desembolsar varios centenares o incluso miles de dólares para obtener una entrada en las diferentes fases de venta abiertas por la FIFA.
Respecto a la reventa de las entradas en la plataforma oficial, ha llamado especialmente la atención el caso de un poseedor de entrada para la final del 19 de julio que fijó un precio de dos millones de dólares.
En millones de dólares, la dotación total en premios a repartir entre los 48 equipos participantes. Será un cheque más de dos veces superior al que tuvo el Mundial de Catar 2022. El equipo campeón se irá de la final con 50 millones de dólares.
Otras noticias: Mundial 2026| Argentina supera a Honduras en un partido amistoso con Messi en el banco"
2026-06-07,TVN,Florentino Pérez es reelecto presidente del Real Madrid,deportes,"España/El actual presidente del Real Madrid, Florentino Pérez, revalidó su cargo tras imponerse este domingo a su rival Enrique Riquelme en las primeras elecciones a la presidencia merengue en 20 años, anunció el propio Pérez.
""Hemos ganado en todas las mesas electorales, es decir, en todas las edades y hemos obtenido el segundo mejor resultado de la historia. El primero fue en 2004 y también lo conseguimos nosotros"", afirmó Florentino Pérez.
El presidente merengue logró el 65% de los votos frente al 35% conseguido por su contrincante, anunció la Junta Electoral del Real Madrid.
""Quiero felicitar a la candidatura de Florentino Pérez porque ha conseguido la victoria esta noche"", se apresuró a reconocer Riquelme, quien advirtió que ""esto para nosotros no es el final, es el principio"" con vistas a las próximas elecciones.
El presidente merengue ha revalidado su puesto en las primeras elecciones desde 2006, cuando fueron convocadas tras la dimisión del propio Pérez con la que puso fin a su primer mandato (2000-2006).
Pérez volvió a la presidencia merengue en 2009 como único candidato a los comicios de ese año y, desde entonces, ha revalidado el cargo sin oposición en 2013, 2017, 2021 y 2025.
El 12 de mayo pasado sorprendió al convocar estos comicios, para los que Riquelme logró armar una candidatura a contrarreloj con la que ha podido evidenciar cierta oposición al dirigente merengue.
Tras el aviso dado en las urnas, Pérez necesita enderezar el rumbo del Real Madrid, después de dos temporadas sin títulos y un tenso fin de campaña con un vestuario en llamas.
El primer paso será la vuelta de José Mourinho como entrenador, tras el buen recuerdo que el luso dejó en Florentino en sus tres años en el banquillo merengue (2010-2013).
""Vamos a seguir trabajando para ganar títulos, para estar orgullosos del mejor estadio del mundo y de que vuelva uno de los mejores entrenadores del mundo, un madridista como José Mourinho"", aseguró Florentino Pérez.
La mano firme de Mourinho, por el que el Real Madrid pagará 15 millones de euros (17,5 millones de dólares) es vista por muchos como necesaria para tratar de embridar un vestuario, que se verá reforzado con dos nuevas incorporaciones.
El presidente merengue anunció esta semana la llegada de los defensas francés Ibrahima Konaté, que acaba contrato con el Liverpool, y del lateral derecho neerlandés Denzel Dumfries.
Pérez tiene previsto asimismo lanzar esta semana una oferta histórica por un gran jugador que mantiene en secreto.
""Voy a hacer una oferta a un importante club de la Champions por un gran jugador que sería la mayor cantidad de dinero que el Real Madrid pagaría por un traspaso en toda su historia, 150 millones (de euros/174 millones de dólares) por lo menos"", dijo el mandatario merengue en una entrevista con la televisión Cuatro el jueves.
Esas promesas deportivas parecen haber convencido a los socios más que las de Riquelme, que afirmó que traería a los jugadores del Manchester City Erling Haaland y Rodrigo Hernández 'Rodri', así como que trataría de negociar con el alemán Jurgen Klopp para que se hiciera cargo del banquillo.
El City desmintió la operación de Haaland, amenazando con acciones legales, al igual que hizo el agente de Klopp.
Pérez también ha repetido a lo largo de toda la campaña que quiere que el club siga en manos de sus socios y rechazó que tenga intención de privatizar el club como denunció Riquelme.
El presidente merengue volvió a avanzar en campaña la posibilidad de dar entrada a un inversor ""con un máximo del 5%"" del club, pero insistió en que se haría previa autorización de los socios.
Según Pérez, este inversor simplemente asociaría su marca a la del Real Madrid, pero ""ni decide, ni vota, que eso está reservado al 100% para los socios"".
""No tengan ninguna duda de que conmigo como presidente, el Real Madrid ha sido, es y seguirá siendo de sus socios"", sentenció este domingo."
2026-06-07,TVN,Christian Eriksen le dio un tremendo susto al mundo entero,deportes,"Dinamarca/El mediocampista danés Christian Eriksen, que lleva un desfibrilador desde que sufrió un paro cardíaco en pleno partido en la Eurocopa en 2021, dio un gran susto al desplomarse en el césped durante un amistoso contra Ucrania este domingo en Odense.
El jugador de 34 años cayó al suelo en el minuto 64 del partido, disparando las alarmas y haciendo recordar por unos momentos lo ocurrido en el partido de la fase de grupos de la Eurocopa de hace cinco años contra Finlandia, cuando se llegó a temer por su vida.
Después de recibir atención médica en el lugar, Eriksen pudo ponerse de nuevo en pie y montó en una ambulancia por sus propios medios.
""Christian Eriksen está consciente y está bien, teniendo en cuenta lo ocurrido"", explicó la Federación Danesa de Fútbol en su cuenta de la red social X.
""Perdió el conocimiento durante un corto momento, pero pronto volvió en sí. Estuvimos rápidamente en contacto con él"", añadió el doctor Morten Boesen, citado por la Federación.
Las imágenes del partido de este domingo muestran cómo en un primer momento el pánico se apoderó de los jugadores, tanto de Dinamarca como de Ucrania, que se emocionaron ante lo ocurrido.
""Fui tranquilamente hacia la línea. Luego me di la vuelta y vi que Christian se estaba desplomando. Sabemos muy bien qué quiere decir eso. La reacción fue muy rápida y respetuosa"", explicó el capitán de la selección danesa, Pierre-Emile Hojbjerg, a la televisión TV2 de su país.
""Es algo muy impactante para todos, para el cuerpo técnico, para los jugadores, para los rivales"", apuntó por su parte el seleccionador danés, Brian Riemer, que trabajó con Eriksen en el Brentford.
""Es alguien muy importante para mí. Sientes a algunos jugadores más cerca que a otros"", apuntó.
Como hace cinco años en la Eurocopa, los jugadores formaron pronto un círculo alrededor de Eriksen, a modo de protección.
""Lo principal es que ha podido salir por sí mismo"", declaró en TV2 Niklas Bendtner, exjugador internacional reconvertido ahora a comentarista.
""Pero son imágenes terribles, que eclipsan por completo todo (...) Es la segunda vez que le pasa. Soy amigo de Christian (...) y es realmente horrible"", dijo.
El paro cardíaco del 12 de junio de 2021 en Copenhague hizo que Eriksen fuera intervenido para la colocación de un desfibrilador subcutáneo, que le permitió continuar con su carrera, fichando por el club inglés Brentford en enero de 2022 y regresando a la competición en febrero de ese año, ocho meses después de lo ocurrido.
Fue transferido luego al Manchester United (2022-2025) y ahora viste los colores del Wolfsburgo alemán, con quien tiene contrato hasta junio de 2027.
Eriksen regresó también a la selección danesa con el tiempo y jugó con ese equipo el Mundial de Catar 2022 y la Eurocopa 2024.
Sin embargo, no estará en el Mundial de Norteamérica 2026 porque Dinamarca no obtuvo su boleto para el torneo, como le ocurrió igualmente a Ucrania, su rival este domingo en el amistoso de Odense."
2026-06-07,TVN,Mundial 2026| Brasil reporta un llamado de último momento por la lesión de Wesley,deportes,"Estados Unidos/La Confederación Brasileña de Fútbol (CBF) informó este domingo que el lateral Wesley, que sufrió una lesión muscular, será reemplazado por el volante Éderson en el plantel para el Mundial 2026, que se inicia el jueves.
El lateral derecho de la Roma, de 22 años, sufrió una molestia el sábado durante el último amistoso de Brasil antes de la Copa del Mundo, que se saldó con victoria 2-1 ante Egipto, y salió llorando del campo.
Wesley se hizo este domingo una resonancia magnética que ""constató lesión muscular en el músculo aductor del muslo izquierdo"", informó la CBF en un comunicado.
""Frente al diagnóstico, la CBF anuncia la convocatoria del atleta Éderson, que se sumará a la delegación este lunes en Estados Unidos"", detalló.
El mediocampista del Atalanta, de 26 años, había sido citado por el seleccionador Carlo Ancelotti en su primera lista para las eliminatorias sudamericanas, pero luego había quedado fuera de las siguientes convocatorias.
Brasil debutará el sábado en el Mundial de Norteamérica 2026 contra Marruecos por el Grupo C, que completan Escocia y Haití."
2026-06-07,TVN,Mundial 2026| Irán llega a México para concentrarse tras días complicados por trámite de visas,deportes,"México/La selección de fútbol de Irán llegó el domingo a México para establecer su campo base en Tijuana, de cara a un Mundial 2026 complicado por la guerra con Estados Unidos, que se niega a recibir a algunos miembros del cuerpo técnico y directivo en los partidos previstos en su territorio.
El avión del Team Melli aterrizó en el aeropuerto de Tijuana hacia las 05H00 locales, constató un fotógrafo de la AFP.
En sus primeras declaraciones, el entrenador iraní Amir Ghalenoei agradeció a México y a la FIFA por permitir su arribo, pero denunció que este debió ocurrir ""la semana pasada"" para permitirles adaptarse a la fuerte diferencia horaria de 12 horas.
""En estos torneos, antes que las cuestiones técnicas deben respetarse las consideraciones éticas y humanas, cosa que en nuestro caso no sucedió"", añadió.
Tras meses de incertidumbre sobre su participación, la selección iraní será el foco político de este Mundial en Norteamérica ya que nunca antes una nación participante en el torneo había estado en guerra con un país anfitrión.
Los jugadores y el cuerpo técnico aterrizaron en un aeropuerto fuertemente vigilado, patrullado por soldados de la Guardia Nacional mexicana, donde los esperaba un pequeño grupo de aficionados que enarbolaban banderas iraníes.
En Tijuana, localizada en plena frontera con Estados Unidos, la seguridad se reforzó de cara al arribo del seleccionado iraní, constató la AFP. Agentes de la Guardia Nacional fuertemente armados vigilan el estadio donde entrenará el Team Melli, así como el hotel donde pernoctarán.
El capitán del equipo, Ehsan Hajsafi, expresó su queja a la FIFA por el retraso en la obtención de los visados estadounidenses. ""¿Por qué tan tarde?"", cuestionó.
Hajsafi subrayó el difícil contexto de la participación de Irán en el Mundial, ya que ""en el último año hemos vivido dos guerras impuestas en nuestro país"".
Pero agregó que el equipo está ""al 100%"" y confiado en avanzar en la fase de grupos.
Otro jugador, Alireza Jahanbakhsh, dijo que la situación del equipo es ""positiva"" tras una buena concentración.
""Estamos haciendo todo lo posible para prepararnos para el primer partido, contra Nueva Zelanda"", agregó.
Irán, que disputará dos partidos en Los Ángeles y uno en Seattle en la fase de grupos, competirá en condiciones sumamente inusuales.
A poco más de una semana para su debut, las condiciones de entrada y salida en Estados Unidos siguen siendo una incertidumbre, y varias instituciones de Irán han mencionado medidas diferentes.
La administración estadounidense ha concedido visados a los jugadores, pero no a todo el cuerpo técnico.
Una quincena de acompañantes recibieron una negativa, entre ellos el presidente de la federación iraní, Mehdi Taj, que sirvió en los Guardianes de la Revolución, una organización considerada terrorista por Washington.
En este Mundial organizado de forma conjunta por Estados Unidos, México y Canadá, el equipo asiático disputará su primer encuentro en el Grupo G el lunes 15 de junio en Los Ángeles, frente a Nueva Zelanda.
Si bien obtuvieron los visados, el embajador iraní en México declaró el sábado desde Tijuana que su selección solo podrá entrar y salir de Estados Unidos ""el mismo día"" de sus partidos.
Sin embargo, el portavoz de la Federación de Fútbol de Irán (FFIRI) había afirmado previamente que los jugadores llegarían a Estados Unidos el día antes de su primer partido y dos días antes de los otros dos encuentros.
Y el domingo, Mehdi Taj mencionó que la selección tenía derecho a entrar en Estados Unidos la víspera de los partidos.
Ni Washington ni la FIFA se han manifestado sobre este asunto.
En Tijuana, aficionados al fútbol lamentan estas restricciones. ""No deberían mezclar fútbol y política, son cosas muy diferentes"", dice a la AFP Daniel Mercado, empleado de una taquería cercana al hotel donde se alojará el Team Melli.
Para la delegación iraní, los problemas con los visados son la punta de iceberg de un largo culebrón.
La mayor parte de los jugadores de la selección compiten en el campeonato local, anulado a finales de febrero tras los primeros ataques de Israel y Estados Unidos.
Debido a la guerra que se inició el 28 de febrero, Teherán mantuvo la duda sobre la presencia o no de su selección en el Mundial.
Incluso el presidente estadounidense, Donald Trump, envió señales contradictorias a este respecto, al afirmar que los iraníes eran bienvenidos pero que deberían reconsiderar su participación por razones de seguridad.
Finalmente se confirmó su presencia pero Irán trasladó su campamento base, inicialmente previsto en Tucson, Arizona, a Tijuana."
2026-06-06,TVN,Mundial 2026| Curazao se despide de su gente con goleada y alegría,deportes,"Curazao/Con estruendosos festejos, cientos de curazoleños despidieron a su selección nacional el sábado tras una goleada 4-0 ante su vecina, la isleña Aruba, en el último amistoso para calentar motores antes partir a Norteamérica para participar en su primera cita mundialista.
La fiesta mundialista empezó en el repleto Estadio Ergilio Hato, ubicado en la capital Willemstad, con capacidad para 15.000 espectadores.
Con apenas 444 km² y unos 160.000 habitantes, esta isla turística ubicada al sur del Caribe es el país más pequeño de la historia en haber clasificado a una Copa del Mundo.
Viajará al mundial con la esperanza de clasificar en un exigente grupo donde enfrentará a Alemania, Costa de Marfil y Ecuador.
La histórica clasificación de 'La Ola Azul', como es conocido el combinado curazoleño, encendió los ánimos y esperanzas de todo el país, que despidió a los jugadores este sábado con un emotivo homenaje al término del partido contra Aruba.
El triunfo les quitó el amargo sabor de boca que dejó la derrota 4-1 contra Escocia la semana pasada.
Las esperanzas de Curazao se centran en su excelsa clasificación al mundial. Bajo el mando del experimentado entrenador neerlandés Dick Advocaat sellaron un invicto de diez partidos con siete victorias y tres empates, que les valió para obtener un cupo directo.
La gestión de Advocaat se interrumpió brevemente cuando renunció en febrero para atender la salud de su hija. Tras un corto y decepcionante paso de su sustituto, el también neerlandés Fred Rutten, Advocaat tomó nuevamente las riendas de la selección en mayo para terminar el trabajo que empezó.
Curazao debutará el 14 de junio contra Alemania a las 17H00 GMT en el primer partido del Grupo E."
2026-06-06,TVN,Mundial 2026| Brasil y Egipto miden fuerzas para cerrar su ciclo de partidos amistosos,deportes,"Estados Unidos/Brasil se impuso por 2-1 a Egipto este sábado en el último partido amistoso de ambas selecciones antes de su debut en el Mundial 2026, en un duelo disputado en el Huntington Park Field de Cleveland, Estados Unidos.
Los errores defensivos propiciaron los dos primeros goles. En el minuto 7, Mohanad Lasheen fue sorprendido justo fuera de su área y Bruno Guimarães aprovechó el balón suelto para abrir el marcador.
Egipto respondió rápidamente, esta vez tras un error de Marquinhos. El defensa del Paris Saint-Germain intentó un pase hacia atrás, pero Mostafa Ziko lo interceptó fácilmente y solo tuvo que empujarlo al fondo de la red ante el portero Alisson Becker (11').
Tras el descanso, Endrick volvió a poner a Brasil por delante (52'), culminando un buen pase de Raphinha dentro del área.
Brasil, que jugó sin Neymar, baja por una lesión en la pantorrilla, también perdió a Wesley França al ser sustituido por lesión en el primer tiempo.
Neymar, quien no viajó desde Nueva Jersey, sigue siendo duda para el partido inaugural de la selección brasileña contra Marruecos el 13 de junio.
La Confederación Brasileña de Fútbol indicó que el máximo goleador histórico de Brasil (79 goles) se someterá a una resonancia magnética el lunes. ""Si todo va bien, entrenará con el grupo la próxima semana"", declaró su entrenador, Carlo Ancelotti, el viernes.
Brasil también se enfrentará a Haití y Escocia en el Grupo C del Mundial, mientras que Egipto, liderado por su estrella Mohamed Salah, quien entró como suplente en la segunda mitad pero no tuvo un gran impacto, debutará en el Mundial el 15 de junio contra Bélgica, antes de jugar contra Nueva Zelanda e Irán en el Grupo G."
2026-06-10,TVN,Panamá anuncia preselección de béisbol para Juegos Centroamericanos y del Caribe 2026,deportes,"Panamá/ La Federación Panameña de Béisbol reveló esta mañana el listado de 34 peloteros que forman parte de la Preselección Nacional de Béisbol que verá acción en los Juegos Centroamericanos y del Caribe 2026, a celebrarse en Santo Domingo, República Dominicana desde el 24 de julio.
El equipo nacional con miras a uno de los eventos más importantes del Ciclo Olímpico, con mucho béisbol y tradición iniciará entrenamientos el próximo 28 de junio y el certamen se jugará entre el 30 de julio y el 8 de agosto.
El cuerpo técnico estará bajo la dirección del veterano Alberto Macré, asistido por Rodolfo Aparicio, Alexander Guerra y Carlos Muñoz, como coach de los lanzadores Crispín Poveda. El trainer será Willy Serrano.
Este es el listado completo:
Lanzadores: Alain Pérez, Alberto Guerrero, Carlos Rodríguez, Davis Romero, Didier Vargas, Enrique Saldaña, Gilberto Chú, Harold Araúz, Manuel Campos, Luis Ramos, Jezler Baúles, Raúl De Gracia, Pedro González, Ismael Velasco y Kevin Rodríguez.
Receptores: Jean Carrillo, Mario Sanjur y Edwin Hidalgo.
Cuadro Interior: Eduardo Thomas, Héctor Rayo, Arod McKenzie, Edgard Muñoz, Joshwan Wright y Yeremy Lezcano.
Jardineros: Jael Escobar, Juan Diego Alonso, Abraham Rodríguez, Carlos Mosquera, Luis Castillo y José Murdock.
En el extranjero: Robert Mullen, Jhony Santos, Erasmo Caballero y Kevin Miranda.
Información de Fedebeis"
2026-06-04,TVN,Béisbol U23| Panamá tiene su calendario para el Campeonato Mundial Nicaragua 2026,deportes,"Panamá/La selección de béisbol de Panamá iniciará su camino en el Campeonato Mundial U23 el próximo 6 de noviembre, cuando se enfrente a su similar de Puerto Rico. El encuentro está programado para las 2:00 p.m. en el Estadio Soberanía de Managua, según el calendario oficial revelado por la Confederación Mundial de Béisbol y Sóftbol (WBSC, por sus siglas en inglés).
El equipo de la pequeña Copa se encuentra ubicado en el Grupo A del torneo, cuya sede principal será la capital nicaragüense. En esta exigente primera fase, los panameños compartirán sector con las novenas de Taiwán, República Checa, Australia, Puerto Rico y el país anfitrión, Nicaragua.
Tras el debut ante los boricuas, la novena nacional mantendrá una intensa agenda de partidos en busca de su clasificación:
Próxima fase: De lograr el pase, Panamá avanzará a la Súper Ronda del torneo, la cual está programada para iniciar el 12 de noviembre.
El U-23 Baseball World Cup es el campeonato mundial de béisbol internacional para selecciones nacionales menores de 23 años, organizado por la World Baseball Softball Confederation (WBSC).
Información de Fedebeis"
2026-05-16,TVN,Béisbol U12 final resultado | Panamá Oeste se quedó con el campeonato nacional en una final memorable,deportes,"Panamá/En un enfrentamiento de alta tensión disputado este sábado 16 de mayo de 2026, la novena de Oeste U12 se impuso con una victoria ajustada de 1-0 sobre Los Santos U12.
El encuentro fue un auténtico duelo de pitcheo en el que las defensas se mantuvieron herméticas hasta los episodios finales, definiéndose por la mínima diferencia en el marcador.
Otras noticias: Béisbol U12 2026| Conoce a los peloteros sobresalientes del campeonato nacional
A pesar del dominio de los lanzadores, algunos bateadores lograron descifrar los envíos rivales. Por Oeste U12, destacaron con el madero:
Por parte de Los Santos, la ofensiva fue silenciada casi por completo, logrando apenas dos hits en todo el trayecto, cortesía de Carlos Cortez y Jose Cohen.
El partido se mantuvo empatado a cero durante gran parte del trayecto, gracias a una sólida apertura de Eynar De Leon por Los Santos, quien lanzó 4.1 entradas sin permitir anotaciones. Sin embargo, el destino del juego cambió en la baja del quinto episodio, cuando la artillería de Oeste finalmente logró romper el celofán y anotar la carrera que les daría la victoria.
La figura indiscutible del encuentro fue el lanzador Luis Urriola, quien se acreditó el juego completo y la victoria tras una labor magistral de 6 entradas, en las que solo permitió 2 imparables, otorgó un boleto y recetó 3 ponches. Por el contrario, el relevista santeño Javier Barria cargó con la derrota al permitir la anotación decisiva en el quinto capítulo. Oeste terminó con una producción de 5 hits, mientras que Los Santos no pudo capitalizar sus pocas oportunidades, dejando a 4 corredores en las bases.
En una exhibición de poderío ofensivo y dominio desde el montículo, la selección de Metro U12 propinó una contundente blanqueada de 10-0 a Chiriquí U12 este sábado 16 de mayo de 2026. El encuentro se definió temprano gracias a un feroz ataque de los metropolitanos, quienes capitalizaron el descontrol del pitcheo rival para sentenciar el juego en apenas cinco episodios.
El bateo de Metro fue implacable, sumando un total de 10 imparables. Entre los jugadores más destacados figuraron:
Por el equipo de Chiriquí, la ofensiva fue silenciada y limitada a solo cuatro hits aislados conectados por Jadhier Rivera, Albert Ruiz, Franklin Morales y Loghann Castillo.
El destino del encuentro se selló prácticamente en el primer episodio, cuando Metro desató una ofensiva explosiva de nueve carreras que dejó sin respuesta a la novena de Chiriquí. El abridor chiricano, Eduardo Ortega, sufrió el castigo temprano al permitir cuatro anotaciones sin lograr retirar a ningún bateador, cargando con la derrota.
En el montículo, Diego Camaño se acreditó la victoria con una labor sólida de 3 entradas, en las que solo permitió dos imparables y recetó dos ponches. El relevista Javier Jaen completó la ruta lanzando los dos últimos capítulos sin permitir libertades, asegurando la blanqueada. La disciplina defensiva de Metro fue clave al terminar con cero errores, mientras que Chiriquí cometió dos pifias defensivas que complicaron su desempeño."
2026-05-15,TVN,Béisbol U12 2026| Conoce a los peloteros sobresalientes del campeonato nacional,deportes,"Panamá/ La Federación Panameña de Béisbol (Fedebeis) reveló el Cuadro de Honor del Campeonato Nacional U12, 2026, donde resalta el metropolitano Carlos Pérez como el Jugador Más Valioso del certamen.
En la Ronda Regular, Carlos Pérez jugó los cinco partidos con el equipo de Panamá Metro, tuvo 15 veces al plato, 10 imparables, 8 sencillos y 2 dobles, remolcó 6 carreras, anotó 7, recibió 4 boletos, no se ponchó y se robó una almohadilla. Además Carlos Pérez tuvo un juego salvado como lanzador.
Fedebeis anunció además que el ganador al Lanzador del Año fue el lanzador zurdo chiricano Asiel Pitti que tuvo marca de 2 ganados sin perdidos, trabajó 11.0 entradas, enfrentó a 42 bateadores, hizo 131 lanzamientos, efectividad de 1.09, le anotaron 3 carreras, 2 limpias, boleó a 5 y ponchó a 3.
El premio al Manager del Año recayó sobre el novato Noel Suárez que estuvo al frente de los Potros de Panamá Este, equipo que coquetea con avanzar a la serie semifinal e hizo un gran trabajo en Ronda Regular.
El certamen termina el sábado 16 de mayo con la disputa del partido final, entre los equipos de Los Santos y Panamá Oeste y el juego por el tercer  lugar, entre Panamá Metro y Chiriquí.
Este es el resto de los campeones defensivos y ofensivos:
Información de Fedebeis"
2026-05-15,TVN,Béisbol U12 2026| Definida la serie final del campeonato nacional,deportes,"Panamá/El Campeonato Nacional de Béisbol U12 2026 está en sus instancias decisivas. Este viernes se llevaron a cabo los juegos de semifinales donde los conjuntos de Panamá Oeste, Chiriquí, Los Santos y Panamá Metro fueron los protagonistas.
En el Complejo MVP Sport City estaban habilitados los campos MVP 1 y MVP 2 para la disputa simultánea de los dos encuentros de semifinales.
Leonel Cano anotó la carrera que le dio a Los Santos la victoria sobre Chiriquí, por 1 a 0, y su pase a la final del torneo.
Cano cruzó el 'home plate' en la parte alta del primer episodio mediante un imparable de Eynar De León.
El desempeño del pitcheo fue determinante para el equipo santeño. Cristian Cedeño fue el lanzador ganador al permitir tres inatrapables, propinar cinco ponches y otorgar cuatro bases por bolas en cinco episodios y un tercio.
La ofensiva santeña tuvo entre sus peloteros destacados a Leonel Cano quien conectó un hit en dos turnos y anotó una carrera. Eynar De León de 2-1 con una empujada, José Cohen y Bayron Ávila de 3-1 cada uno.
Por su parte, Viktor Pittí cargó con la derrota luego de que lanzó dos entradas y un tercio en las que toleró tres inatrapables y una anotación.
Kendrick Salinas, Thiago De Gracia e Ianne Salcedo pegaron los tres imparables de Chiriquí en ese juego.
A la par de ese encuentro, se llevaba a cabo el partido semifinal entre Panamá Metro y Panamá Oeste.
Transcurría la parte baja del segundo episodio cuando Yamir Minto y Axel Domínguez pegaron los hits productores de las dos carreras que le dieron la victoria al conjunto del 'West' sobre los metropolitanos, por 2  a 0.
Alams Rodríguez dio ocho ponches y una base por bola y recibió dos inatrapables en cinco episodios para ser el lanzador ganador.
Lucas Gutiérrez bateó de 2-2 y anotó una carrera por Panamá Oeste. Axel Domínguez de 2-1 con una anotada y Félix García de 4-2.
El descalabro se lo apuntó Axel Valdés quien permitió dos anotaciones y cinco incogibles en cuatro entradas y un tercio.
Carlos Pérez, Gabriel Ledezma y Francisco López pegaron los tres incogibles de los metropolitanos en ese cotejo.
El sábado 16 de mayo será el último día de actividad en el Campeonato Nacional de Béisbol U12.
Panamá Oeste y Los Santos jugarán el partido por el título de campeón del certamen en el MVP 1. Mientras que Panamá Metro y Chiriquí llevarán a cabo el encuentro por el tercer puesto en el MVP 2.
Los dos juegos iniciarán a las 9:00 a.m."
2026-05-14,TVN,Béisbol U12 2026| Semifinales del campeonato nacional están listas para ponerse en marcha,deportes,"Panamá/El Campeonato Nacional de Béisbol U12 2026 sigue su curso este viernes con los dos partidos semifinales que se llevarán a cabo en el Complejo MVP Sport City.
Después de completada la etapa regular, los equipos de Panamá Oeste, Los Santos, Chiriquí y Panamá Metro avanzaron a esa instancia.
'Vaqueros ' y metopolitanos medirán fuezas en esta semifinal a la que llegan con marca idéntica, pero en puestos distintos.
El equipo del West obtuvo un récord de cuatro victorias y una derrota que le valió para quedarse con el primer lugar del Grupo A.  Su único descalabro de la fase regular se lo propinó Colón en un partido cuyo marcador terminó, por 3 carreras a 1.
Por su parte, el elenco de Metro quedó segundo en el Grupo B tras ganar cuatro de los cinco juegos que disputó. Chiriquí le asestó su única derrota al superarle por pizarra de 7 a 5.
El colectivo chiricano, el único que no conoce la derrota en lo que va del certamen,  medirá fuerzas con el conjunto santeño.
Los chicos del 'Valle de la Luna' ganaron los cinco partidos que jugaron en la etapa preliminar. Esto les permitió ganar el Grupo B. Su triunfo ante los metropolitanos fue clave para que aseguraran ese primer lugar.
Por su parte, los santeños quedaron en el segundo puesto del Grupo A con marca de tres victorias y dos derrotas.
A pesar de que tuvo el mismo récord de los conjuntos de Coclé y Colón, el elenco naranja y negro se impuso por el dominio. Dos de sus tres triunfos los obtuvo ante los coclesanos, por 7 a 4, y los colonenses, por 3 a 2.
Como es tradicional, las semifinales son instancias importantes en los torneos deportivos. En el caso del Campeonato Nacional de Béisbol U12 esta etapa es rápida.
Las semifinales la disputarán, de forma cruzada, los equipos que ocuparon los dos primeros puestos de cada agrupación. Después de lo ocurrido en la fase regular,  Panamá Oeste quedó como el primer sembrado del Grupo A por lo que jugará ante Panamá Metro, segundo del B. En tanto que Chiriquí, primero del B, enfrentará a Los Santos, segundo del A.
Esta instancia será a partido único, por lo tanto los vencedores de cada encuentro avanzarán al juego final para buscar la victoria y coronarse campeones nacionales de esa categoría.
La final está programada para llevarse a cabo el sábado 16 de mayo."
2026-05-13,TVN,Béisbol U12 2026 resultados| Termina la etapa regular del campeonato nacional,deportes,"Panamá/La actividad en la fase regular del Campeonato Nacional de Béisbol U12 2026 culmina este miércoles en el Complejo Deportivo MVP Sport City.
En el Grupo A, Los Santos derrotó a Colón,  por 3 carreras a 2. El juego se definió en la parte baja del sexto episodio cuando el conjunto santeño concretó la anotación que le dio la victoria.
Miguel Samaniego fue el lanzador ganador al lanzar los seis episodios del juego, recibir tres imparables y dos carreras con seis ponches.
Luis Chen destacó por la ofensiva santeña con dos hits conectados en tres turnos y una carrera anotada. Sebastián Frías y José Cohen batearon de 2-1 cada uno.
El descalabro fue para Edwin Ortega quien toleró dos incogibles y una anotación en un relevo de dos entradas.
En la jornada del Grupo A,  Panamá Oeste superó a Coclé por pizarra de 4 carreras por 3.
Panamá Metro concluyó su participación en la etapa preliminar con una victoria sobre Herrera por 5 carreras a 1.
Diego Camaño permitió dos hits y una carrera, dio tres ponches y dos bases por bolas en cuatro episodios y un tercio para acreditarse el triunfo.
Por el elenco metropolitano, Carlos Pérez bateó de 2-2 con una carrera anotada y dos empujadas.  En tanto que Misael Rangel de 3-2 con una anotada y una remolcada.
Ángel Toribio se apuntó la derrota tras una salida de dios entradas y un tercio en los que recibió dos inatrapables y dos anotaciones.
Por otra parte, Chiriquí se impuso a Panamá Este por 7 carreras a 4.
Panamá Oeste y Chiriquí se aseguraron los primeros lugares de los grupos A y B, respectivamente.
El conjunto del 'West' ganó cuatro de los cinco partidos que disputó en la ronda regular. Mientras que los chiricanos fueron los únicos invictos del certamen al salir airosos en los cinco juegos que disputó.
La tabla de posiciones detallada es la siguiente:"
2026-05-11,TVN,Béisbol U12 2026 resultados| Chiriquí mantiene su invicto. Coclé y Colón luchan en el campeonato nacional,deportes,"Panamá/La tercera jornada del Campeonato Nacional de Béisbol U12 2026 se caracaterizó por el buen paso que mantiene el equipo de Chiriquí en el Grupo B y el trabajo que realizan los conjuntos de Coclé y Colón, en el Grupo A,  para buscar la clasificación a las semifinales.
El conjunto chiricano sumó este lunes su tercer triunfo en tres partidos jugados tras vencer a Bocas del Toro, por 4 carreras a 5.
Los del 'Valle de la Luna' inclinaron la balanza a su favor al marcar la carrera de la victoria en la parte baja del sexto episodio.
Kendrick Salinas fue el lanzador ganador al tolerar tres imparables y dos carreras, con cinco ponches y tres bases por bolas en cuatro entradas y dos tercios.  Además destacó a la ofensiva con un hit en dos turnos y una carrera anotada.
Ian Salcedo también aportó a la causa chiricana con un inatrapable en una oportunidad, una carrera anotada y una impulsada.
Roberto Stewart cargó con la derrota tras un relevo de cuatro episodios y dos tercios en los que recibió tres incogibles y dos carreras, dio tres ponches y siete bases por bolas.
En otros partidos del Grupo B, Panamá Metro venció a Panamá Este por 2 carreras a 1 y Herrera derrotó a Chiriquí Occidente por abultamiento de carreras en cinco episodios, 11 por 1.
Te puede interesar: Selección de Panamá | El anuncio de la lista de los 26 guerreros está cada vez más cerca
El elenco colonense sumó su segundo triunfo en tres juegos al imponerse a Veraguas, por 5 carreras a 2.
Cuatro carreras, en la parte baja del quinto episodio, le dio a Colón una ventaja que resultó ser definitiva.
Octavio Alfonso completó una apertura de cinco episodios y dos tercios en la que permitió cuatro imparables y dos carreras, con cuatro ponches y dos bases por bolas para llevarse la victoria.
Shelton Jiménez bateó de 2-1 y anotó una carrera por el colectivo colonense. José Ramírez pegó de 2-1.
El descalabro se lo apuntó Miguel Barría quien toleró tres anotaciones en un relevo de dos tercios de episodio.
Por su parte, el equipo coclesano anotó tres carreras, en la parte baja del quinto episodio, para imponerse a Darién, por 4 a 1.
Euclides Bethancourt destacó al bate por Coclé con un hit conectado en dos oportunidades y remolcó tres carreras.
El pitcheo coclesano limitó a la ofensiva darienita a dos inatrapables los que fueron conectados por Yeijel Ramos y Andrés Ruiz.
En el Grupo A también se registró la victoria de Panamá Oeste sobre Los Santos, 7 por 3."
2026-05-10,TVN,Béisbol U12 2026 resultados| Chiriquí y Herrera protagonizan duelo que marca la jornada 2 del campeonato nacional,deportes,"Panamá/Chiriquí y Herrera batallaron en un partido que se definió en una entrada, durante la segunda jornada del Campeonato Nacional de Béisbol U12 que tiene como sede el Complejo Deportivo MVP Sport City.
El duelo entre chiricanos y herreranos marcó una fecha en la que también los conjuntos de Coclé y Colón se enfrascaron un juego disputado.
A continuación hacemos un compendio de esos juegos y veremos que más ocurrió en la jornada correspondiente al domingo 10 de mayo de 2026.
Los chiricanos anotaron dos carreras, en la parte alta del sexto episodio, para vencer a los herreranos, por 2 a 1, en un juego correspondiente al Grupo B.
El elenco herrerano ganaba, por  1 a 0, con una anotación que registró en el tramo bajo de la primera entrada. Sin embargo no pudo sostener esa ventaja y la representación chiricana se lleva su segunda victoria del certamen.
Viktor Pittí fue el lanzador ganador tras una salida de cinco episodios en la que permitió tres imparables y una carrera, dio un ponche y tres bases por bolas.
Pïttí también destacó a la ofensiva al batear un hit en tres turnos, Con ese inatrapable remolcó las dos carreras del conjunto chiricano.
Edgar Batista se llevó la derrota al tolerar un inatrapable y dos anotaciones en un tercio de episodio.
En otros resultados del Grupo B, Panamá Metro venció a Chiriquí Occidente, 18 por 3, y Panamá Este se impuso a Bocas del Toro, 11 por 1.
Los coclesanos sacaron el mejor provecho de su juego ante los colonenses el que terminó a su favor, por pizarra de 6 carreras por 5, en un juego del Grupo A.
El marcador estaba empatado a tres carreras cuando Coclé marcó dos 'rayitas' en la cuarta entrada para encaminarse al triunfo.
Javier Fuentes se acreditó la victoria al permitir una carrera, con dos ponches y dos bases por bolas en un relevo de dos episodios y dos tercios.
Joao Castillo brilló por el bateo coclesano con dos hits en dos turnos, una carrera anotada y una empujada.
La derrota fue para Edwin Ortega quien toleró tres imparables y dos anotaciones en dos entradas como lanzador relevo.
En más juegos de esa agrupación,  Veraguas le ganó a Los Santos, por 3 carreras a 2, y Panamá Oeste se impuso a Darién, por 9 a 3."
2026-05-09,TVN,Béisbol U12 2026 resultados| Campeonato nacional inicia con una jornada intensa,deportes,"Panamá/El Campeonato Nacional de Béisbol U12 del año 2026 se puso en marcha con seis partidos que se disputaron en una sola sede, el Complejo MVP Sports City .
Con una actuación sobresaliente de Alams Rodríguez, Panamá Oeste superó a Veraguas por abultamiento de carreras en cinco episodios, 10 por 0.
Rodríguez se subió al montículo donde propinó ocho ponches y una base por bola, además de permitir tres imparables en cuatro episodios y un tercio. Esto le valió para ser el lanzador ganador.
También aportó a la ofensiva al conectar dos hits en tres turnos, con dos carreras anotadas y dos empujadas.
Joshua Reyna cargó con la derrota por los veragüenses al tolerar 12 inatrapables y ocho anotaciones.
En otros partidos, Colón venció a Darién, por 4 carreras a 1, y Los Santos se impuso a Coclé, por 7 a 4.
Panamá Este construyó una ventaja que pudo sostener para imponerse a Herrera, por 5 carreras a 3.
El conjunto herrerano anotó sus tres 'rayitas' en la parte alta del sexto episodio, pero no pudo completar la remontada que podría haberle llevado al triunfo.
Jared Carrera recibió dos hits, no le anotaron carreras y dio dos ponches en cinco episodios y un tercio para acreditarse la victoria.  En tanto que Deyker Mendoza destacó al bate con dos hits conectados en dos turnos y una carrera anotada.
Gianluca Díaz se llevó el descalabro al permitir tres incogibles y dos anotaciones en tres entradas y un tercio.
Además, Chiriquí blanqueó a Chiriquí Occidente, por 3 a 0, y Panamá Metro se impuso a Bocas del Toro por abultamiento de carreras en cinco episodios, 11 por 1."
2026-05-08,TVN,Béisbol Mayor| Chiriquí anuncia el retorno del manager Carlos Lee III para el campeonato nacional 2027,deportes,"Panamá/Carlos Lee III será el encargado de dirigir a Chiriquí en el Campeonato Nacional de Béisbol Mayor del año 2027.  Esto lo anunció la liga provincial chiricana de esa disciplina deportiva.
""La Liga Provincial de Chiriquí bajo la gestión de su presidente Jesús Pinzón hace oficial! El anuncio del hombre que nos guió hacia la 17 está de vuelta en casa. Carlos Lee III regresa con una misión clara: liderar a nuestra selección en la conquista de la tan anhelada número 18"", plasmó esa organización en su cuenta de Instagram.
Esta será la segunda incursión de Lee III como manager del conjunto del 'Valle de la Luna' al que llevó a la conquista del campeonato mayor en el certamen nacional del año 2024. El que es el título número 17 de su historia en ese tipo de torneos.
""Él sabe lo que es ganar y viene con toda la determinación para consagrarnos como el equipo con más títulos en la historia de la pelota nacional"", agregó la Liga Provincial de Béisbol de Chiriquí.
Lee III tomará el puesto que ocupó este año el entrenador Alberto Macré quien llevó a Chiriquí a la final del 83 Campeonato Nacional de Béisbol Mayor la que perdió en siete partidos ante Bocas del Toro.
El dirigente, oriundo de la provincia de Coclé, también obtuvo el título de campeón nacional de la categoría mayor con Panamá Metro en el año 2022. Este año estuvo al frente del elenco de Los Santos."
2026-05-06,TVN,Béisbol U12 2026 calendario| Conoce más detalles del próximo campeonato nacional de esa categoría,deportes,"Panamá/La Federación Panameña de Béisbol (Fedebeis) anuncia oficialmente el calendario del Campeonato Nacional de Béisbol U12 2026, evento que reunirá a las futuras promesas del béisbol panameño en una competencia llena de talento, disciplina y pasión por el deporte nacional.
El torneo dará inicio el próximo sábado 9 de mayo, con el desarrollo de la serie regular, que se extenderá hasta el miércoles 13 de mayo, donde las distintas novenas del país competirán en busca de su clasificación a la siguiente fase.
Posteriormente, los mejores equipos avanzarán a la Serie Semifinal, programada para el viernes 15 de mayo, en la que se enfrentarán los equipos clasificados de los grupos A y B, en duelos decisivos que definirán a los finalistas del certamen.
La Serie Final se disputará el sábado 16 de mayo, jornada en la que se conocerá al campeón nacional de la categoría U12, consolidando así el desarrollo y proyección del béisbol menor en Panamá.
El certamen se llevará a cabo en el Complejo MVP Sport City, que será punto de encuentro para el talento juvenil del país.
Este campeonato representa una plataforma fundamental para el crecimiento deportivo de los jóvenes peloteros, fomentando valores como el trabajo en equipo, la disciplina y el respeto, pilares que promueve la Fedebeis a nivel nacional.
El Campeonato Nacional de Béisbol U12 de Panamá es una de las principales competiciones formativas del país, organizada por la Federación Panameña de Béisbol. Está enfocado en niños de hasta 12 años, y es clave para el desarrollo del talento que luego alimenta categorías superiores (juvenil, mayor e incluso selección nacional).
Por ejemplo, en 2025:
No es solo un torneo local. Tiene un objetivo muy importante:
Es decir, aquí se detectan los mejores peloteritos del país.
Información de Fedebeis"
2026-05-05,TVN,Béisbol U12 2026| Se conforman los grupos para el próximo campeonato nacional,deportes,"Panamá/La actividad del béisbol en Panamá continúa, tras la culminación del certamen mayor, con la realización del Campeonato Nacional de Béisbol U12. Antes del inicio de ese torneo se realizó este martes el sorteo de los grupos que estarán en competencia.
Los 12 equipos que participarán en el campeonato fueron divididos en dos grupos que se conformaron mediante un proceso realizado en la sede de la Federación Panameña de Béisbol (Fedebeis).
Esos conjuntos fueron enumerados en base a las posiciones obtenidas en el torneo del año pasado. Por tal motivo, los equipos de Panamá Oeste y Panamá Metro fueron designados como cabezas de grupo ya que fueron el campeón y subcampeón de ese certamen, respectivamente.
Los dos grupos quedaron conformados de la siguiente manera:
El certamen está previsto para iniciar el sábado 9 de mayo. Próximamente, la Fedebeis dará a conocer el calendario del torneo y divulgará detalles sobre las fechas, horas y sedes de los juegos.
El Campeonato Nacional de Béisbol U12 de Panamá es una de las principales competiciones formativas del país, organizada por la Federación Panameña de Béisbol. Está enfocado en niños de hasta 12 años, y es clave para el desarrollo del talento que luego alimenta categorías superiores (juvenil, mayor e incluso selección nacional).
Por ejemplo, en 2025:
No es solo un torneo local. Tiene un objetivo muy importante:
Es decir, aquí se detectan los mejores peloteritos del país.
Aunque no tiene la fama del juvenil o mayor, el U12 es:"
2026-05-01,TVN,Béisbol Mayor final 2026 | Chiriquí vs Bocas del Toro estos son los lanzadores para el juego 7,deportes,"Panamá/La versión 83 del Campeonato Nacional de Béisbol Mayor llegará esta noche a su desenlace cuando Chiriquí y Bocas del Toro disputen el decisivo Juego 7 de la gran final, programado para este viernes 1 de mayo desde las 7:00 p.m. en el Estadio Rod Carew de la ciudad de Panamá.
Con la serie empatada 3-3, ambos equipos tendrán una última oportunidad de conquistar el campeonato en un duelo que podrá seguirse por TVMAX, TVN Pass y el canal de YouTube TVMAX Panamá.
Bocas del Toro tomó el control de la final en el arranque al imponerse en los juegos 1, 2 y 4, colocándose a una victoria del campeonato. Sin embargo, Chiriquí reaccionó en el momento más crítico, ganó el tercer partido y luego enlazó triunfos consecutivos en los juegos 5 y 6 para forzar el séptimo y definitivo compromiso.
El conjunto chiricano cambió el rumbo de la serie tras un repunte ofensivo clave en el séptimo episodio del quinto juego, mientras que la ofensiva bocatoreña ha perdido producción en el cierre de la final, con apenas una carrera anotada en los últimos dos encuentros combinados.
Para el encuentro definitivo, los managers apostarán por Kevin Miranda como abridor de Chiriquí y Didier Vargas por Bocas del Toro.
El derecho trabajó previamente en esta serie y dejó los siguientes números:
El abridor bocatoreño también tuvo una presentación en la final con estos registros:
El partido de esta noche definirá mucho más que un campeón:
Con una serie que ha tenido cambios de dominio, remontadas y dramatismo, el Juego 7 promete un cierre a la altura de una gran final.
Nueve entradas —o más si son necesarias— separan a Chiriquí y Bocas del Toro de la gloria nacional en una noche donde solo uno levantará el trofeo del Béisbol Mayor 2026."
2026-05-01,TVN,Béisbol Mayor 2026 previa| Chiriquí y Bocas del Toro se juegan el todo por el todo en la serie final,deportes,"Panamá/¡Es ahora o nunca! Chiriquí y Bocas del Toro llegan al partido que le pondrá fin a la versión 83 del Campeonato Nacional de Béisbol Mayor. Un séptimo juego de una serie final que se ha robado las miradas y ha captado la atención de los fanáticos con partidos cargados de emociones entre dos equipos que batallan por prevalecer.
Este viernes 1 de mayo, cuando en Panamá y el mundo se conmemora el Día del Trabajador, será distinto. La pasión por el béisbol se tomará el estadio Rod Carew de la ciudad de Panamá para la disputa de un juego 7 que, quizás, parecía improbable hace algunos días.
Los bocatoreños habían tomado el control de la serie al ganar tres de cuatro partidos. Sus victorias en los juegos 1, 2 y 4 se habían conseguido a base de un bateo efectivo, el aprovechamiento de la velocidad de algunos de sus jugadores para fabricar jugadas y un pitcheo que supo manejar las situaciones que se le presentaron en esos juegos.
La situación cambió para los 'Tortugueros' en los juegos 5 y 6. El batazo no se daba en el momento preciso y fabricar carreras se hizo más complicado. Una prueba de ello es que solo anotaron una 'rayita' en esos dos partidos.
Por su parte, los chiricanos han experimentado un despertar en la serie. Después de perder tres de cuatro encuentros, sumaron dos triunfos consecutivo. La victoria en el tercer encuentro, le dio al 'Ganao' Bravo' el empuje para ganar dos de los tres encuentros que le siguieron.
El séptimo episodio, del quinto juego, representó un punto de inflexión para los del 'Valle de la Luna'. Después de estar en blanco durante seis entradas, anotaron cuatro carreras y agregaron otras tres en el octavo capítulo para ganar. Al día siguiente mantuvieron el ritmo, sumaron una nueva victoria y empataron la serie.
Ambos elencos lucharán por quedarse con el campeonato. Para Bocas del Toro sería el quinto de su historia y segundo consecutivo. Mientras que para Chiriquí sería su título número 18 lo que consolidaría su lugar como uno de los conjuntos más exitosos en la historia de los torneos nacionales de béisbol mayor. }"
2026-04-30,TVN,Béisbol Mayor 2026 resultado| Bocas del Toro vs Chiriquí: El 'Ganao' Bravo' se calienta y lleva la serie final al juego 7,deportes,"Panamá/Chiriquí obtuvo un triunfo, de 5 carreras por 1, sobre Bocas del Toro en el sexto juego de la serie final del 83 Campeonato Nacional de Béisbol Mayor. Un resultado que empata el enfrentamiento y obliga a la realización de un séptimo y decisivo partido.
Por segunda vez consecutiva, el equipo chiricano buscaba evitar la eliminación en el estadio Rod Carew de la ciudad de Panamá. Esto lo logró a base de bateo oportuno.
Después que el elenco bocatoreño amenazó, y terminó la parte alta del primer episodio con las manos vacías, llegó el turno del 'Ganao' Bravo' chricano que aprovechó la oportunidad y concretó tres anotaciones en el tramo bajo de esa misma entrada.
Jhony Santos abrió el marcador al cruzar el 'home plate' mediante un inatrapable de Erasmo Caballero.
Posteriormente, Jonathan Saavedra pegó un inatrapable para que Caballero anotara la segunda carrera.
Habían corredores en primera y tercera base, con un out, cuando Carlos Xavier Quiroz anotó luego que Iraj Serrano alcanzara la almohadilla inicial en una jugada de selección.
La cuarta 'rayita' de Chiriquí llegó en la parte alta de la quinta entrada por medio de un inatrapable de Jonathan Saavedra.
Mientras los chiricanos daban batazos en momentos precisos, los 'Tortugueros' bocatoreños no lograban hacer lo mismo a pesar de que ponía corredores en circulación constantemente. Sin embargo sus esperanzas de victoria se avivaron en el séptimo episodio cuando llenaron las bases sin outs. Melvin Novoa bateó una roleta al cuadro interior y se concretó una doble matanza, pero Héctor Rayo cruzó el 'home plate' y marcó la carrera del descuento.
Una carrera, anotada por Carlos Xavier Quiroz en la octava entrada le puso cifras definitivas el cotejo.
Brian Cáceres fue el lanzador ganador al completar una labor de seis episodios en los que permitió ocho imparables y una carrera, dio dos ponches y tres bases por bolas.
Enrique Saldaña cargó con la derrota tras lanzar siete episodios al tolerar siete inatrapables y cinco anotaciones con cinco ponches y dos bases por bolas.
Jonathan Saavedra bateó dos hits en tres turnos y empujó dos carreras por Chiriquí. Carlos Xavier Quiroz de 4-2 con dos anotadas, Jhony Santos de 2-1 con dos anotadas y Luis Jordán de 3-1 con una remolcada.
Por Bocas del Toro, Héctor Rayo de 4-2 con una carrera anotada. Melvin Novoa y Joshwan Wright de 4-2 cada uno
0-1 (1 Out)
Hit remolcador de Erasmo Caballero. Anota Jhony Santos.
Bocas 0-1 Chiriquí
2-1 (1 Out)
Hit remolcador de Jonathan Saavedra. Anota Erasmo Caballero.
Bocas 0-2 Chiriquí
1-1 (1 Out)
Iraj Serrano llega a la primera base por jugada de selección. Anota Carlos Xavier Quiroz. Jonathan Saavedra es puesto out en la segunda base.
Bocas 0-3 Chiriquí
0-2 (2 Outs)
Hit remolcador de Jonathan Saavedra. Anota Jhony Santos.
Bocas 0-4 Chiriquí
0-1 (0 Outs)
Melvin Novoa batea para doble matanza. Anota Héctor Rayo desde la tercera base.
Bocas 1-4 Chiriquí
0-0 (1 Out)
Luis Jordán toca la pelota y llega a la primera base en jugada de 'squeeze play'. Anota Carlos Xavier Quiroz desde la tercera base.
Bocas 1-5 Chiriquí"
2026-04-30,TVN,Béisbol Mayor 2026 noticias| Bocas del Toro vs Chiriquí: Conoce a los lanzadores abridores del juego 6 de la serie final,deportes,"Panamá/La serie final del 83 Campeonato Nacional de Béisbol Mayor llega a su sexto partido. Chiriquí y Bocas del Toro en el estadio Rod Carew donde la victoria tendrá repercusiones en la serie, dependiendo del equipo que la obtenga.
Para este partido, ambos equipos presentan a dos buenas cartas de su pitcheo. Chiriquí buscará llevar la serie a un séptimo y decisivo encuentro y, para ello, deposita su confianza en el lanzador Brian Cáceres quien tuvo acción en el primer juego de la serie.
Cáceres se fue sin decisión en el primer encuentro. En esa salida, permitió seis imparables y tres carreras, dio cinco ponches y tres bases por bolas en cuatro episodios y un tercio.
Bocas del Toro intentará terminar la serie con una victoria que le consagre campeón por segundo año consecutivo. Por tal motivo le entrega la pelota a Enrique Saldaña, lanzador refuerzo proveniente de Panamá Metro.
Saldaña lanzó en el tercer juego y se fue sin decisión. Esa vez trabajó en cuatro episodios en dos tercios en los que toleró seis inatrapables y dos carreras, propinó tres ponches y dio dos bases por bolas.
Tanto Saldaña como Cáceres intentarán allanar el camino al triunfo para sus dos equipos a través de sus lanzamientos. ¿Podrán hacerlo? Sintonicen TVMAX, TVN Pass y el canal de YouTube TVMAX PANAMÁ y lo sabrán."
2026-04-30,TVN,Béisbol Mayor 2026 final | Chiriquí busca igualar la serie y Bocas del Toro quiere coronarse en el juego 6,deportes,"Panamá/La gran final del Campeonato Nacional de Béisbol Mayor 2026 vivirá este jueves un nuevo capítulo de alta tensión cuando Chiriquí y Bocas del Toro disputen el Juego 6 de la serie final en el Estadio Nacional Rod Carew, desde las 7:00 p.m., en un compromiso que podría definir al campeón de la temporada.
Otras noticias: Béisbol Mayor 2026 resultado| Chiriquí vs Bocas del Toro: El 'Ganao' Bravo' despierta y extiende la contienda en la serie final
Los tortugueros de Bocas del Toro llegan con ventaja de 3-2 en la serie, pero el panorama cambió tras la sólida reacción chiricana en el quinto encuentro, donde los del Valle de la Luna se impusieron con autoridad 7 carreras por 0 para mantenerse con vida en la disputa por el título.
La gran figura de ese compromiso fue el derecho Dario Agrazal, quien firmó una actuación dominante al trabajar 8.2 episodios sin permitir carreras, controlando por completo a la ofensiva bocatoreña y devolviendo la confianza a la tropa chiricana en el momento más crucial del campeonato.
Con ese resultado, Chiriquí llega fortalecido anímicamente a un sexto partido donde buscará empatar la serie y forzar un decisivo Juego 7, mientras que Bocas del Toro intentará recuperar el nivel mostrado en los primeros encuentros para sellar el campeonato esta misma noche.
Otras noticias: Béisbol Mayor 2026 | Davis Romero es elegido lanzador más valioso del campeonato nacional
La presión será máxima para ambos equipos.
El ambiente promete ser electrizante en el estadio Nacional Rod Carew, con dos de las aficiones más apasionadas del país acompañando a sus novenas en un choque que puede marcar el desenlace de una de las finales más disputadas de los últimos años.
Otras noticias: Béisbol Mayor 2026| Chiriquí vs Bocas del Toro: Estos son los peloteros destacados en la serie final del campeonato nacional
El compromiso será transmitido EN VIVO por:
Si Chiriquí consigue la victoria, el Juego 7 se disputará el viernes 1 de mayo en el mismo escenario."
2026-04-29,TVN,Béisbol Mayor 2026 resultado| Chiriquí vs Bocas del Toro: El 'Ganao' Bravo' despierta y extiende la contienda en la serie final,deportes,"Panamá/Cuatro carreras, en la parte alta del séptimo episodio, encaminaron a Chiriquí a la victoria sobre Bocas del Toro, por 7 a 0, en el quinto partido de la serie final del 83 Campeonato Nacional de Béisbol Mayor realizado en el estadio Rod Carew de la ciudad de Panamá.
Durante seis episodios, el juego se constituyó en un duelo de lanzadores entre los lanzadores Darío Agrazal, por Chiriquí, y Pedro Torres, de Bocas del Toro. Al llegar la parte alta del séptimo episodio, Iraj Serrano recibió una base por bola, lo que marcó el inicio de una gran entrada para el conjunto del 'Valle de la Luna'.
Un toque de sacrificio de Ariel Serrano y un imparable de Luis Jordán, le permitieron a Iraj llegar a la tercera base. Con dos corredores en circulación, llegó turno de Erick Barría quien tocó la pelota en un intento de 'squeeze play'.  El serpentinero Torres tomó la esférica antes de que ésta saliera hacia el territorio de foul, por lo que Barría quedó quieto en la almohadilla inicial. Eso propició que los chiricanos abrieran el marcador.
Luego Jhony Santos pegó un doble que produjo la segunda carrera chiricana.
El ataque del 'Ganao' Bravo' continuó en la séptima entrada cuando Jeffer Patiño pega un elevado al jardín central y es puesto out. Barría anota desde la tercera base, pero un mal tiro al 'home plate' del jardinero bocatoreño Jael Escobar le permitió a Santos marcar una 'rayita' más.
Chiriquí sumó tres anotaciones en la octava entrada. Carlos Xavier Quiroz llega a la primera base, mediante una base por bola, y Jonathan Saavedra bateó un inatrapable. Más adelante, fueron impulsados hacia el plato por un doble de Iraj Serrano.
Después de su anotación, Saavedra expresó su molestia al receptor del colectivo  bocatoreño, Melvin Novoa, por la manera cómo cubrió el 'home plate' cuando se deslizó para anotar la sexta carrera. La discusión subió de tono y las bancas de ambos equipos se vaciaron. pero los árbitros tomaron el control e impidieron que ese incidente se convirtiera en una trifulca.
Un elevado de sacrificio de Ariel Serrano propició la séptima anotación del elenco chiricano, la que le puso cifras definitivas al partido.
Darío Agrazal se acreditó la victoria al lanzar ocho episodios y dos tercios en los que permitió cinco imparables, dio siete ponches y una base por bola.
Pedro Torres toleró seis incogibles y cuatro carreras, con seis ponches y tres bases por bolas para llevarse la derrota.
Jhony Santos conectó tres hits en cinco turnos, con una carrera anotada y una empujada por Chiriquí. Jonathan Saavedra de 4-2 con una anotada e Iraj Serrano de 2-1 con dos anotadas y dos empujadas.
0-1 (1 Out)
Hit remolcador de Erick Barría. Anota Iraj Serrano.
Chiriquí 1-0 Bocas
1-0 (1 Out)
Doble remolcador de Jhony Santos. Anota Luis Jordán.
Chiriquí 2-0 Bocas
1-0 (1 Out)
Jeffer Patiño es puesto out en elevado al jardín central y hay error del jardinero Jael Escobar. Anotan Erick Barría y Jhony Santos.
Chiriquí 4-0 Bocas
3-1 (0 Outs)
Doble remolcador de dos carreras de Iraj Serrano. Anotan Carlos Xavier Quiroz y Jonathan Saavedra.  Iraj Serrano avanza a la tercera base por error del receptor Melvin Novoa.
Chiriquí 6-0 Bocas
0-0 (1 Out)
Elevado de sacrificio de Ariel Serrano. Anota Iraj Serrano.
Chiriquí 7-0 Bocas
*: En caso de ser necesario"
2026-04-29,TVN,Béisbol Mayor 2026 noticias| Chiriquí vs Bocas del Toro: Estos son los lanzadores abridores del juego 5 de la serie final,deportes,"Panamá/Llegó el día para la realización del quinto partido de la serie final del 83 Campeonato Nacional de Béisbol Mayor entre los equipos de Chiriquí y Bocas del Toro.
El estadio Rod Carew es el escenario de un encuentro que podría representar la consagración de los 'Tortugueos' bocatotreños como campeones o la extensión de a serie para los chiricanos.
Los lanzadores abridores han sido asignados. Darío Agrazal asume esa responsabilidad por Chiriquí y Pedro Torres hace lo propio por Bocas del Toro.
Esta será la segunda presentación de ambos serpentineros en la serie. Agrazal lanzó en el segundo juego de la serie, cargó con la derrota en esa ocasión al permitir 10 imparables y tres carreras en seis episodios y un tercio, dio cuatro ponches y no concedió bases por bolas.
Torres se acreditó el triunfo en el primer juego. En esa ocasión trabajó ocho episodios, permitió nueve inatrapables y tres carreras, dio siete ponches y dos bases por bolas.
¿Cuál será el desempeño de ambos lanzadores en este encuentro? Sintoniza TVMAX, TVN Pass y el canal de YouTube TVMAX PANAMÁ para que seas testigo de lo que se espera sea un partido protagonizado por dos abridores de alto nivel."
2026-04-29,TVN,Béisbol Mayor 2026 previa| Bocas del Toro vs Chiriquí: la serie final se traslada al Rod Carew para el juego 5,deportes,"Panamá/La serie final del 83 Campeonato Nacional de Béisbol Mayor se reanuda este miércoles con la realización del quinto partido que tendrá un escenario neutral, el estadio Rod Carew de la ciudad de Panamá.
Chiriquí y Bocas del Toro salen al terreno de juego deseosos de una victoria. Por el bando chiricano, esta representaría la continuidad de la serie. Al haber perdido tres de cuatro encuentros, los del 'Valle de la Luna' necesitan ganar para extender la serie y mantener la ilusión de concretar una remontada para conseguir el título.
Por el lado bocatoreño, el triunfo significa la alegría de obtener su segundo galardón de campeón nacional mayor consecutivo.
Los 'Tortugueros' bocatoreños lideran la serie final por récord de tres victorias y una derrota. Eso representa una posición privilegiada que han conseguido mediante un bateo efectivo, un pitcheo que se ha mantenido consistente y un estilo agresivo para correr las bases.
Bocas del Toro tiene un promedio de bateo colectivo en la final de .295 al acumular 39 imparables en 132 turnos. Mientras que Chiriquí registra un total de 35 incogibles en 129 oportunidades para .271.
El cuerpo de lanzadores bocatoreño ha permitido 12 carreras limpias en 35 episodios para una efectividad de 3.09. En tanto que los serpentineros del elenco chiricano toleraron 17 anotaciones limpias en 34 entradas para 4.50.
Además, los bocatoreños han sacado provecho de las bases robadas ya que acumulan ocho sobre una de los chiricanos.
En el aspecto defensivo, Bocas del Toro ha cometido tres errores ante uno de Chiriquí.
¿Podrán los 'Tortugueros' consagrarse campeones o será el 'Ganao' Bravo' el que salga airoso y extienda la serie a un sexto juego? La respuesta a esta pregunta la iremos descubriendo a partir de las 8:00 p.m."
2026-04-28,TVN,Béisbol Mayor 2026|  Chiriquí vs Bocas del Toro: Estos son los peloteros destacados en la serie final del campeonato nacional,deportes,"Panamá/Han transcurrido cuatro partidos de la serie final del 83 Campeonato Nacional de Béisbol Mayor entre Chiriquí y Bocas del Toro. Un duelo caracterizado por los marcadores ajustados, el entusiasmo de los fanáticos y dos equipos luchadores a pesar de que, en el récord, uno tiene la ventaja.
En estos cuatro encuentros ha sido evidente el aporte de determinados peloteros en la ofensiva, el pitcheo y el recorrido de las bases. En las siguientes líneas exploramos estos aspectos del juego de pelota y vemos de cerca quiénes son esos jugadores sobresalientes.
A pesar de que su equipo está en desventaja, Jorge Rodríguez ha hecho un trabajo notable con el bate. El campocorto del elenco chiricano registra seis imparables en 13 turnos para un promedio de bateo de .462. Además acumula dos carreras anotadas y una empujada.
Rodríguez tiene un slugging de .538 y un porcentaje de llegadas a base (OBP) de .533 para un OPS de 1.072.
Melvin Novoa ha rendido satisfactoriamente a la ofensiva por el conjunto bocatoreño. El receptor de origen nicaragüense batea para .429 de promedio, como resultado de seis hits conectados en 14 oportunidades. También tiene cinco carreras impulsadas.
Novoa registra un slugging de .429 y un OBP de .556 para un OPS de .984.
Pedro Torres se ha constituido en una de las cartas principales del pitcheo de Bocas del Toro y lo ha demostrado en esta serie. El lanzador ganó su apertura del primer juego en la que trabajó ocho episodios, permitió nueve inatrapables y tres carreras para una efectividad de 3.38. También tiene siete ponches y dos bases por bolas.
A pesar de perder el segundo partido de la serie, Darío Agrazal tuvo un buen desempeño. El refuerzo proveniente de la provincia de Coclé, toleró dos carreras de limpias de tres que recibió en una apertura de seis entradas y un tercio para 2.95 de efectividad. Además sus rivales le conectaron 10 inatrapables y él propinó cuatro ponches.
El recorrido de las almohadillas se ha constituido en un punto clave en este emparejamiento. A esto, los 'Tortugueros' bocatoreños le han sacado provecho con jugadores veloces y con la audacia para buscar la base adicional si así lo requieren.
El bocatoreño Jael Escobar registra tres de las ocho bases robadas por su equipo en la serie. Esto le constituye en el líder de ese departamento.
Por su parte, los chiricanos solo han robado una base y esta la consiguió Jhony Santos que ha sido el primer bate de la alineación del colectivo del 'Valle de la Luna' en los últimos partidos.
La serie está a favor de Bocas del Toro, por 3 victorias y una derrota. El miércoles 29 de abril se realizará el quinto juego en el estadio Rod Carew de la ciudad de Panamá a partir de las 8:00 p.m."
2026-04-27,TVN,Béisbol Mayor 2026 resultado| Bocas del Toro vs Chiriquí: 'Tortugueros' ponen al 'Ganao' Bravo' al borde del abismo,deportes,"Panamá/Bocas del Toro se colocó a un triunfo de obtener el título de campeón, en el 83 Campeonato Nacional de Béisbol Mayor al vencer a Chiriquí, por 6 carreras a 3, en el cuarto partido de la serie final del certamen que se realizó en el estadio Kenny Serracín de David.
Los 'Tortugueros' bocatoreños atacaron rápidamente al lanzador Luis Escobar, quien asumía el rol abridor por primera vez en el torneo. Apenas era la parte alta del primer episodio, llenaron las bases y anotaron dos carreras por medio de un imparable de Carlos Sánchez. Esto provocó la salida rápida de Escobar quien fue sustituido por Steven Fuentes.
El 'Ganao' Bravo' chiricano descontó en la parte baja de la primera entrada con un incogible productor de una anotación de Jonathan Saavedra.
Los bocatoreños ampliaron su ventaja en el cuarto episodio. Joshwan Wright anotó mediante un incogible de Eduards Toló.
Un lanzamiento descontrolado de Fuentes le dio la oportunidad a los 'Tortugueros' de anotar dos carreras más.
Los chiricanos no se daban por vencidos y, en el octavo episodio, recortaron la diferencia. Carlos Xavier Quiroz marcó la segunda 'rayita' para los del 'Valle de la Luna' e Iraj Serrano concretó la tercera anotación.
La sexta carrera de Bocas del Toro llegó en la parte alta de la novena entrada con un incogible de Jonathan Mendoza.
Didier Vargas fue el lanzador ganador tras una faena de siete episodios y dos tercios en los que permitió nueve inatrapables y tres carreras, dio seis ponches y una por bola.
La derrota se la acreditó Luis Escobar quien toleró tres incogibles y dos anotaciones sin sacar outs en la parte alta del primer episodio.
Jael Escobar bateó dos hits en cuatro turnos y anotó dos carreras por Bocas de Toro. Eduards Toló de 4-2 con una empujada, Carlos Sánchez de 5-2 con dos remolcadas y Jonathan Mendoza de 5-2 con una anotada y una impulsada.
Por Chiriquí, Jonathan Saavedra pegó de 5-3 con una carrera empujada. Carlos Xavier Quiroz de 4-2 con una carrera anotada y Jorge Rodríguez de 4-2 con una remolcada.
2-1 (0 Outs)
Hit remolcador de dos carreras de Carlos Sánchez. Anotan Héctor Rayo y Jonathan Mendoza.
Bocas 2-0 Chiriquí
1-1 (2 Outs)
Hit remolcador de Jonathan Saavedra. Anota Jeffer Patiño.
Bocas 2-1 Chiriquí
0-1 (1 Out)
Hit remolcador de Eduards Toló. Anota Joshwan Wright.
Bocas 3-1 Chiriquí
1-0 (2 Outs)
Lanzamiento descontrolado del serpentinero Steven Fuentes. Anotan Carlos Cortés y Jael Escobar.
Bocas 5-1 Chiriquí
3-2 (1 Out)
Iraj Serrano llega a la primera base en jugada de selección. Anota Carlos Xavier Quiroz y Jonathan Saavedra es puesto out en la segunda base.
Bocas 5-2 Chiriquí
1-2 (2 Outs)
Hit remolcador de Jorge Rodríguez. Anota Iraj Serrano.
Bocas 5-3 Chiriquí
1-2 (1 Out)
Hit remolcador de Jonathan Mendoza. Anota Jael Escobar.
Bocas 6-3 Chiriquí"
2026-04-27,TVN,Béisbol de Pequeñas Ligas| Veraguas sube a la cima del béisbol preinfantil en Panamá,deportes,"Panamá/Veraguas y Panamá Metro definieron este lunes al campeón del Torneo Nacional de Béisbol Preinfantil cuando disputaron el tercer partido de la serie final de ese certamen en el campo de juegos CAPLITOM de Juan Díaz.
Después de dividir honores en los dos primeros juegos de la serie, realizados el domingo 26 de abril, ambos conjuntos salieron al terreno de juego dispuestos a ganar el tercer cotejo y quedarse con el campeonato. Los veragüenses se valieron de una ofensiva contundente para vencer a los metropolitanos por pizarra de 16 carreras por 2.
Siete anotaciones en la parte alta del tercer episodio y siete más en el quinto fueron determinantes para la victoria que le dio el titulo de campeón nacional preinfantil para los veragüenses.
Jeiremid Atencio fue el lanzador ganador tras una salida de tres episodios y un tercio en la que permitió tres imparables y dos carreras, propinó cuatro ponches y dio dos bases por bolas.
La derrota fue Sebastián Ávila quien permitió tres incogibles y tres anotaciones en una entrada y dos tercios.
Ian González pegó dos hits en dos turnos, anotó dos carreras y empujó cinco por Veraguas. Jeiremid Atencio de 2-2 con tres anotadas y dos remolcadas y Bryan Marín de 3-2 con dos anotadas.
Por Panamá Metro, Bryan Montemayor de 1-1 con una carrera anotada y una impulsada. Jorge León de 2-1 con una anotada y Anderson Muñoz de 2-1.
Con este resultado, Veraguas gana la serie por récord de dos victorias y una derrota. Debido a que es el campeón nacional, será el equipo que represente a Panamá en la Serie Latinoamericana de Béisbol Preinfantil que este año se realizará en Puerto Rico."
2026-04-26,TVN,Béisbol Mayor 2026 resultado| Bocas del Toro vs Chiriquí: Erasmo Caballero le da vida al 'Ganao' Bravo' en la serie final,deportes,"Panamá/Erasmo Caballero conectó un imparable productor de dos carreras, en la parte baja del noveno episodio, que le dio la victoria a Chiriquí sobre Bocas del Toro, por 4 carreras a 3, en el tercer partido de la serie final del 83 Campeonato Nacional de Béisbol Mayor realizado en el estadio Kenny Serracín de David.
El equipo chiricano afrontaba la parte baja del noveno episodio con desventaja de una carrera y el cerrador del conjunto bocatoreño, Alberto Guerrero, en el montículo. Jorge Rodríguez encendió la chispa con un imparable sin outs. Luego él avanzó a la tercera base mediante un doble de Jhony Santos.
La dirección técnica de los 'Tortugueros' bocatoreños decidió darle la base por bola intencional a Jeffer Patiño y llenó las bases. En esas circunstancias, llegó el turno de Caballero quien lo aprovechó para conectar el hit decisivo.
Gilberto Chu se acreditó la victoria al lanzar tres entradas y dos tercios en las que recibió tres inatrapables, dio un ponche y una base por bola.
Alberto Guerrero cargó con la derrota al permitir tres incogibles y dos anotaciones. También otorgó una base por bola.
Erasmo Caballero bateó tres hits en cuatro turnos y empujó dos carreras por Chiriquí. Iraj Serrano de 3-2 y Jorge Rodríguez de 4-2 con una anotada.
Por Bocas del Toro, Carlos Sánchez de 4-2 con una carrera anotada. Héctor Rayo de 4-1 con una anotada y Jonathan Mendoza de 4-1 con una anotada.
El juego inició 53 minutos después de lo programado por motivo de lluvia.
1-1 (1 Out)
Eduards Toló es puesto out en la primera base. Anota Carlos Sánchez y Yeremy Lezcano avanza a la segunda base.
Bocas 1-0 Chiriquí
1-1 (0 Outs)
Elevado de sacrificio de Jhony Santos. Anota Amador Rojas.
Bocas 1-1 Chiriquí
3-0 (1 Out)
Carlos Xavier Quiroz recibe base por bola con las bases llenas. Anota Luis Jordán.
Bocas 1-2 Chiriquí
1-0 (0 Outs)
Hit remolcador de Melvin Novoa. Anota Héctor Rayo.
Chiriquí 2-2 Bocas
2-2 (1 Out)
Hit remolcador de Joshwan Wright. Anota Jonathan Mendoza y Melvin Novoa es puesto out en el 'home plate'.
Bocas 3-2 Chiriquí
0-2 (0 Outs)
Hit remolcador de dos carreras de Erasmo Caballero. Anotan Jorge Rodríguez y Jhony Santos.
Bocas 3-4 Chiriquí"
2026-04-26,TVN,Panamá celebra la conquista del oro en el béisbol de los Juegos Suramericanos de la Juventud 2026,deportes,"Panamá/La selección de Panamá de béisbol, integradas por jugadores de la categoría U17, celebró este día la obtención de la medalla de oro en los Juegos Suramericanos de la Juventud 2026 con una cena conmemorativa cargada de emoción y orgullo.
Adolfo Rivera, manager del equipo panameño, aprovechó la ocasión para resaltar la unidad y el compromiso mostrado por los peloteros desde la fase de preparación.
""Una preparación fue muy ardua las dos primeras semanas. Un early work, un extra work. Se hizo lo que se tenía que hacer"", manifestó el dirigente en declaraciones a los medios oficiales de la Federación Panameña de Béisbol (Fedebeis). ""Ellos tenían mucha unión entre ellos, eran muchachos que se llevaban muy bien en su dormitorio... esa fue la base del éxito, la unión que tenían ellos, tú no veías una rivalidad y que, ah no, yo soy titular, yo soy banca, no, ellos peleaban por obtener el triunfo"", añadió.
El encuentro sirvió como espacio para destacar el esfuerzo, la disciplina y el talento del equipo, que logró una actuación sobresaliente y dejó en alto el nombre del país en la competencia regional.
""El sacrificio y la mentalidad que ellos tenían, nos llevó a la medalla de oro, que era lo que ellos estaban buscando, y se logró"", sostuvo Rivera.
Panamá conquistó la presea dorada al vencer a Colombia en el partido final del torneo, por marcador de 2 carreras a 0. Ese triunfo completó una campaña triunfal del elenco canalero en la que ganó los seis juegos que disputó en la cita juvenil suramericana.
Entre aplausos y muestras de entusiasmo, jugadores, cuerpo técnico e invitados conmemoraron un triunfo que no solo marca un hito en el presente, sino que también proyecta un futuro prometedor para el béisbol panameño.
Información de Fedebeis"
2026-04-26,TVN,Béisbol Mayor 2026 previa| Bocas del Toro vs Chiriquí: serie final continúa con un juego 3 de alta tensión,deportes,"Panamá/La serie final del 83 Campeonato Nacional de Béisbol Mayor se reanuda este domingo en el estadio Kenny Serracín de David donde los equipos de Bocas del Toro y Chiriquí medirán fuerzas en el tercer partido.
Después de dos juegos intensos en Changuinola, ambos conjuntos se enfrentarán en un juego que podría ser clave para el rumbo de la serie. Los 'Tortugueros' bocatoreños tienen la ventaja al ganar los dos juegos por la misma vía, con remontadas concretadas en las postrimerías.
La ofensiva bocatoreña ha aprovechado la inconsistencia del relevo de su oponente de turno para obtener las victorias. En dos juegos disputados, Bocas del Toro ha conectado 21 imparables en 66 turnos para un promedio de .318.
En cuanto a su pitcheo colectivo, este ha permitido cinco carreras limpias en 18 entradas para una efectividad de 2.50.
Por su parte, el bateo de Chiriquí ha pegado 13 incogibles en 61 oportunidades para .213 de promedio. Mientras que sus lanzadores han tolerado ocho anotaciones limpias en 16 episodios para 4.50 de efectividad.
Otro aspecto a considerar es que los bocatoreños registran cuatro bases robadas ante una de los chiricanos. Esto representa un recurso adicional que los 'Tortugueros' han sabido utilizar.
Además,  la defensa de Bocas del Toro ha cometido un error en dos juegos ante tres del 'Ganao' Bravo' chiricano.
Esta es la situación por la que atraviesan ambos conjuntos. ¿Podrán los bocatoreños ganar y colocarse a un paso del título o los chiricanos tomarán impulso en casa y sumarán su primer triunfo? La respuesta a esta pregunta llegará al final de este cotejo que se transmitirá por TVMAX, TVN Pass y el canal de YouTube TVMAX PANAMÁ."
2026-04-25,TVN,Béisbol de Pequeñas Ligas| Torneo Nacional Preinfantil 2026 determinó a sus finalistas,deportes,"Panamá/El Torneo Nacional de Béisbol Preinfantil llevó a cabo este sábado sus partidos semifinales en el campo de juegos CAPLITOM de Juan Díaz.
Los equipos de Panamá Metro, Coclé, Veraguas y Herrera buscaban quedarse con los dos cupos disponibles para una serie final que, además del campeón, definirá al representante de Panamá en la Serie Latinoamericana de esa categoría
Coclé y Panamá Metro fueron los primeros equipos en salir al terreno de juego.
Los metropolitanos se llevaron la victoria por 3 carreras a 1 en un encuentro donde Sebastián Torres fue el lanzador ganador al permitir cuatro imparables, no recibir carreras, con tres ponches y una base por bola en cuatro episodios y un tercio.
Sebastián Torres también destacó a la ofensiva con un hit conectado en dos turnos y una carrera anotada. También aportaron por Panamá Metro, Matías Cordero de 2-1 con una impulsada y Matías Seixias de 1-1 con una remolcada.
Posteriormente, Veraguas y Herrera midieron fuerzas en un partido donde el marcador se mantuvo sin anotaciones hasta el cuarto episodios.
Los veragüenses anotaron cuatro carreras en la parte alta del quinto episodio, pero los herreranos se acercaron con tres 'rayitas' en el tramo bajo de esa misma entrada.
Dos anotaciones más en el sexto capítulo bastaron para que Veraguas se llevara la victoria por pizarra de 6 por 4.
Ian Campos propinó ocho ponches, recibió tres hits y dos carreras en cuatro episodios para ser el lanzador ganador.
Bryan Marín pegó dos hits en tres turnos y anotó una carrera por Veraguas. David Botello y Caleb Sánchez batearon de 2-1 y empujaron una carrera cada uno.
Panamá Metro y Veraguas se enfrentarán en la serie final del certamen que se disputará en el CAPLITOM a partir del domingo 26 de abril.
La serie está pactada al ganador de dos de tres juegos. Los dos primeros partidos se jugarán este domingo. Si es necesaria la realización del tercer encuentro, este se llevará a cabo el lunes 27.
El equipo que gane la serie se coronará campeón y representará a Panamá en la Serie Latinoamericana de Béisbol Preinfantil de este año."
2026-04-24,TVN,Béisbol Mayor 2026 resultado| Chiriquí vs Bocas del Toro: 'Tortugueros' tienen su 'Lucky 7'  y se distancian del 'Ganao' Bravo',deportes,"Panamá/Una reacción, en la parte baja del séptimo episodio, le permitió a Bocas del Toro llevarse la victoria sobre Chiriquí, por 3 carreras a 2, en el segundo partido de la serie final del 83 Campeonato Nacional de Béisbol Mayor realizado en el estadio Calvin Byron de Changuinola.
Los chiricanos tomaron el comando en la parte alta del primer episodio. Un doble de Jeffer Patiño produjo la primera carrera del juego para los del 'Valle de la Luna'.
En la tercera entrada, Chiriquí llenó la bases y eso provocó que Jhony Santos marcara la segunda 'rayita' tras una base por bola con las bases llenas a Iraj Serrano.
Los 'Tortugueros' buscaron el descuento en varias ocasiones, pero el 'Ganao' Bravo' se las arreglaba para mantener una ventaja que tuvo hasta el séptimo episodio.
Con corredores en segunda y tercera base, y un out, Jonathan Mendoza pegó una roleta al 'infield'. El segunda base Luis Jordán cometió un error, Mendoza llegó a la primera base y eso provocó que Carlos Cortés anotara la carrera del descuento para Bocas del Toro.
Luego Melvin Novoa pegó el hit que fabricó la carrera que empató el marcador a dos 'rayitas' por bando.
La presión de los 'Tortugueros' en la séptima entrada continuó. Un pasaporte a Carlos Sánchez llenó las bases, llegó el turno Joshwan Wright quien recibió una base por bola intencional que remolcó la carrera que, al final, marcó la diferencia para los locales.
Ever Moya no recibió carreras ni imparables, dio un ponche y una base por bola en un relevo de un episodio para ser el lanzador ganador.
Darío Agrazal cargó con la derrota tras una apertura de seis episodios y un tercio en los que toleró 10 inatrapables y tres carreras, con cuatro ponches propinados.
Melvin Novoa conectó tres hits en cuatro turnos y empujó una carrera por Bocas del Toro. Carlos Cortés de 4-2 con una anotada y      Jael Escobar de 4-2 con una anotada.
Por Chiriquí, Jeffer Patiño bateó de 5-2 con una carrera empujada y Erasmo Caballero de 3-1.
El pelotero chiricano Luis Jordán abordó una ambulancia y salió del Calvin Byron para recibir atención médica. Esto se debió a que recibió un golpe en el pecho cuando defendía la segunda base en la parte baja del séptimo episodio.
Tras el incidente, Jordán salió del juego y su lugar en el orden al bate lo ocupó Amador Rojas. Posteriormente se retiró del coliseo en ambulancia a la que se subió por sus propios medios.
1-0 (0 Outs)
Doble remolcador de Jeffer Patino. Anota Jhony Santos.
Chiriquí 1-0 Bocas
3-0 (2 Outs)
Base por bola con las bases llenas a Iraj Serrano. Anota Jhony Santos desde la tercera base.
Chiriquí 2-0 Bocas
1-2 (1 Out)
Jonathan Mendoza pega roleta y llega a la primera base por error de Luis Jordán. Anota Carlos Cortés.
Chiriquí 2-1 Bocas
1-1 (1 Out)
Hit remolcador de Melvin Novoa. Anota Jael Escobar.
Chiriquí 2-2 Bocas
3-1 (1 Out)
Base por bola con las bases llenas a Joshwan Wright. Anota Jonathan Mendoza.
Chiriquí 2-3 Bocas"
2026-04-23,TVN,Béisbol Mayor 2026 resultado| Chiriquí vs Bocas del Toro: 'Tortugueros' pegan primero en la serie final del campeonato nacional,deportes,"Panamá/Cuatro carreras, en la parte baja del octavo episodio, le bastaron a Bocas del Toro  para vencer a Chiriquí, por 7 a 3, en el primer partido de la serie final del 83 Campeonato Nacional de Béisbol Mayor que se realizó en el estadio Calvin Byron de Changuinola.
El marcador registraba tres carreras por bando hasta que los 'Tortugueros' bocatoreños desataron su ataque en la parte baja del octavo episodio.  Jael Escobar asumió su turno al bate con las bases llenas sin outs cuando conectó un imparable para que Eduards Toló anotara la cuarta carrera para los locales.
Posteriormente, Melvin Novoa amplió la ventaja bocatoreña con un inatrapable productor de dos anotaciones.
Un error cometido por el receptor chiricano Erasmo Caballero provocó la séptima carrera de Bocas del Toro la que fue anotada por Jonathan Mendoza.
Los chiricanos trataron de hacer una remontada en la parte alta de la novena entrada. Con dos outs en la pizarra, Jeffer Patiño recibió una base por bola y Carlos Xavier Quiroz conectó un incogible. Sin embargo Erasmo Caballero fue puesto out en la primera base por lo que el juego terminó.
Pedro Torres fue el lanzador ganador tras completar una faena de ocho episodios en los que permitió nueve imparables y tres carreras, propinó siete ponches y dos bases por bolas.
Steven Fuentes toleró un hit y una carrera en un relevo de dos entradas y dos tercios en los que toleró un incogible y una anotación. Esto le valió para llevarse la derrota.
Carlos Cortés bateó dos hits en tres turnos y anotó una carrera por Bocas del Toro. Melvin Novoa de 4-2 con tres empujadas, Jonathan Mendoza de 5-2 con dos anotadas y una remolcada y Héctor Rayo de 5-2 con una anotada.
Por Chiriquí, Jhony Dixon de 4-2 con una carrera anotada. Jonathan Saavedra de 4-2 y Jorge Rodríguez de 4-2 con una anotada.
1-1 (2 Out)
Erasmo Caballero es puesto out en la primera base. Anota Jhony Santos desde la tercera base.
Chiriquí 1-0 Bocas
1-1 (0 Outs)
Hit remolcador de Jonathan Mendoza. Anota Jael Escobar.
Chiriquí 1-1 Bocas
1-1 (0 Outs)
Hit remolcador de Jonathan Mendoza. Anota Jael Escobar.
Chiriquí 1-1 Bocas
0-1 (2 Outs)
Yeremy Lezcano llega a la primera base en jugada de selección. Carlos Sánchez es puesto out en la segunda base. Melvin Novoa llega a tercera base y anota Jonathan Mendoza.
Chiriquí 1-3 Bocas
1-0 (0 Outs)
Hit remolcador de dos carreras de Jeffer Patiño. Anotan Amador Rojas y Jorge Rodríguez.
Chiriquí 3-3 Bocas
1-0 (0 Outs)
Hit remolcador de Jael Escobar. Anota Eduards Toló.
Chiriquí 3-4 Bocas
3-1 (2 Outs)
Hit remolcador de dos carreras de Melvin Novoa. Anotan Carlos Cortés y Jael Escobar.
Chiriquí 3-6 Bocas
0-2 (2 Outs)
Mal tiro a la segunda base de Erasmo Caballero. Anota Jonathan Mendoza.
Chiriquí 3-7 Bocas"
2026-04-23,TVN,Béisbol Mayor 2026 | Juan Diego Alonso es elegido jugador más valioso del campeonato mayor,deportes,"Panamá/El herrerano Juan Diego Alonso Collado ha sido seleccionado como el Jugador Más Valioso del Campeonato Nacional de Béisbol Mayor, Copa Cerveza Atlas, en honor al ""Line Up de Estrellas"", así se desprende de un informe con los detalles de las votaciones.
El reglamento estipula que están habilitados para votar en esta categoría los miembros de la prensa deportiva que se acrediten para el torneo, la afición a través de nuestro portal internet y la Junta Directiva de la Federación Panameña de Béisbol.
En ese orden, Alonso fue favorecido con el voto ponderado donde recibió el 62.77 % de los votos compilados, guardando una gran ventaja sobre el jugador que ocupó la segunda posición, Arod McKenzie de Oeste con el 11.40% de los votos y en el tercer lugar llegó Navid Sánchez de Veraguas con un 6.89 % de los votos emitidos.
Davis Romero es elegido lanzador más valioso del campeonato nacional
El zurdo coclesano y ex Grandes Ligas, Davis Romero ha sido seleccionado como el ""Lanzador Más Valioso"" del Campeonato Nacional de Béisbol Mayor, Copa Cerveza Atlas en honor al ""Line Up de Estrellas"".
Romero fue favorecido con el 48.62% del voto ponderado, tras compilar una tremenda temporada en la lomita. El derecho Severino González de Veraguas tuvo un 39.08% para ser el segundo y tercero en la votación quedó el chiricano Kevin Miranda con un 3.54%.
""Es uno de mis sueños"", dijo Davis Romero. ""Es un sueño, ahora si me puedo retirar tranquilo, he sido seleccionado el mejor lanzador del torneo, un premio que anhelaba"", sostuvo.
José Camarena es elegido como el mánager del año en el campeonato nacional
La Federación Panameña de Béisbol anunció esta mañana al ganador del premio Manager del Año 2026 el cual recae sobre el director debutante José Camarena de Panamá Oeste.
Camarena condujo a los Vaqueros de Panamá Oeste al tercer lugar de la clasificación en la Ronda Regular y le cambió la cara al equipo por completo, haciendo que sus peloteros tuvieran la confianza en el juego y rindieran al máximo en cada partido.
""Contento, muy contento por esta designación, se trabajó duro para poner al equipo en una buena posición, se pudo haber llegado más lejos, pero están las bases de un objetivo que pronto podrá cumplirse"", dijo el manager.
Jesús López es elegido como el extranjero del año en el campeonato nacional de béisbol mayor 2026.
El jugador de cuadro interior nicaragüense Jesús López al servicio de los Correcaminos de Colón fue anunciado esta mañana como el ganador al premio ""Extranjero del Año"" 2026, por su productividad ofensiva y defensiva en el Campeonato Nacional de Béisbol Mayor, Copa Cerveza Atlas.
López recibió el 34.54 % del total de los votos asignados por los responsables de la elección, quedando segundo el lanzador derecho Jorge Bautista que jugó con Darién con un 27.38 % y tercero llegó Elian Miranda con 14.43 %.
Durante la Serie Regular del torneo, López conectó para .283 con 17 hits en 60 turnos, incluyendo 14 carreras remolcadas, encabezando este departamento con los ""Beep Beep"".
En la Serie de Ocho tuvo promedio de .412, con 7 hits en 17 turnos, siendo el mejor bateador de la hueste colonense en esa ronda.
Con información de Fedebeis."
2026-04-23,TVN,Béisbol Mayor 2026 | Davis Romero es elegido lanzador más valioso del campeonato nacional,deportes,"Panamá/El zurdo coclesano y ex Grandes Ligas, Davis Romero ha sido seleccionado como el ""Lanzador Más Valioso"" del Campeonato Nacional de Béisbol Mayor, Copa Cerveza Atlas en honor al ""Line Up de Estrellas"".
Romero fue favorecido con el 48.62% del voto ponderado, tras compilar una tremenda temporada en la lomita. El derecho Severino González de Veraguas tuvo un 39.08% para ser el segundo y tercero en la votación quedó el chiricano Kevin Miranda con un 3.54%.
""Es uno de mis sueños"", dijo Davis Romero. ""Es un sueño, ahora si me puedo retirar tranquilo, he sido seleccionado el mejor lanzador del torneo, un premio que anhelaba"", sostuvo.
José Camarena es elegido como el mánager del año en el campeonato nacional
La Federación Panameña de Béisbol anunció esta mañana al ganador del premio Manager del Año 2026 el cual recae sobre el director debutante José Camarena de Panamá Oeste.
Camarena condujo a los Vaqueros de Panamá Oeste al tercer lugar de la clasificación en la Ronda Regular y le cambió la cara al equipo por completo, haciendo que sus peloteros tuvieran la confianza en el juego y rindieran al máximo en cada partido.
""Contento, muy contento por esta designación, se trabajó duro para poner al equipo en una buena posición, se pudo haber llegado más lejos, pero están las bases de un objetivo que pronto podrá cumplirse"", dijo el manager.
Jesús López es elegido como el extranjero del año en el campeonato nacional de béisbol mayor 2026.
El jugador de cuadro interior nicaragüense Jesús López al servicio de los Correcaminos de Colón fue anunciado esta mañana como el ganador al premio ""Extranjero del Año"" 2026, por su productividad ofensiva y defensiva en el Campeonato Nacional de Béisbol Mayor, Copa Cerveza Atlas.
López recibió el 34.54 % del total de los votos asignados por los responsables de la elección, quedando segundo el lanzador derecho Jorge Bautista que jugó con Darién con un 27.38 % y tercero llegó Elian Miranda con 14.43 %.
Durante la Serie Regular del torneo, López conectó para .283 con 17 hits en 60 turnos, incluyendo 14 carreras remolcadas, encabezando este departamento con los ""Beep Beep"".
En la Serie de Ocho tuvo promedio de .412, con 7 hits en 17 turnos, siendo el mejor bateador de la hueste colonense en esa ronda.
Con información de Fedebeis."
2026-04-23,TVN,Béisbol Mayor 2026 previa| Chiriquí vs Bocas del Toro: comienza la serie final del campeonato nacional,deportes,"Panamá/Dos equipos contendores, en los campeonatos nacionales de béisbol mayor en los últimos años, se enfrentan por la supremacía de la categoría en el año 2026. Chiriquí y Bocas del Toro medirán fuerzas en la serie definitiva del presente certamen.
El estadio Calvin Byron de Changuinola será el escenario donde, este jueves 23 de abril, comenzará el duelo en el que chiricanos y bocatoreños buscarán ser los que ganen cuatro de siete partidos para coronarse campeones en la máxima categoría del béisbol panameño.
Después de conquistar el título mayor, en el año 2025, los 'Tortugueros' bocatoreños han sabido sostenerse hasta llegar a su segunda serie final consecutiva.
La ausencia por motivos de salud de Audes De León, manager que los llevó a la cima, y bajas como por ejemplo la del lanzador Luis Machuca, quien pasó a jugar para el equipo de Coclé, no fueron impedimento para que mantuvieran la consistencia. Los bocatoreños se quedaron con el primer puesto de la tabla de posiciones en la etapa regular al obtener 11 triunfos en 16 partidos jugados.
En la Ronda de Ocho superó a Coclé en tres partidos y en las semifinales se impuso a Colón en una serie que se extendió al límite de siete juegos.
Ahora los 'Tortugueros' tienen la oportunidad de conquistar la quinta corona nacional mayor de su historia y colocar un trofeo a una colección que contiene los galardones de los años 1961, 2012, 2014 y 2025.
Los chiricanos han sido animadores constantes del béisbol mayor panameño al punto de ser uno de los equipos con más títulos de la categoría.
Con el recuerdo fresco en la memoria de haber salido prematuramente en la Ronda de Ocho de la edición del año 2025, tras hilvanar una racha récord de 17 victorias consecutivas, los del 'Valle de la Luna' se reagruparon y, bajo la guía del manager experimentado Alberto Macré, alcanzaron su segunda final en tres años.
El denominado 'Ganao' Bravo' igualó la marca de su rival de turno, de 11 triunfos y cinco derrotas, en la fase preliminar. No obstante quedó en la segunda posición debido a que los bocatoreños ganaron los dos juegos que disputaron en esa etapa.
En la Ronda de Ocho, los chiricanos se sobrepusieron a un comienzo de dos derrotas e hilvanaron tres victorias consecutivas sobre Veraguas para avanzar a las semifinales. En esa instancia derrotaron a Panamá Oeste en cinco juegos.
Chiriquí busca su título mayor número 18. Las 17 conquistas anteriores las tuvo en los años: 1978, 1979, 1991, 1992, 1993, 1996, 1998, 1999, 2000, 2002, 2004, 2013, 2015, 2018, 2020, 2021 y 2024.
Bocas del Toro y Chiriquí se enfrentaron en dos ocasiones durante la fase regular del torneo. La primera fue el 20 de marzo en el Calvin Byron y los 'Tortugueros' salieron airosos por marcador de 5 carreras por 3.
La segunda vez se dio el 27 de marzo en el estadio Kenny Serracín de David. En esa oportunidad, Bocas del Toro se quedó con la victoria por 4 carreras a 2 en un juego que se extendió a 10 episodios.
Bocatoreños y chiricanos se han enfrentado cuatro veces por el título de campeón nacional de béisbol mayor. El balance favorece a los del Valle de la Luna con tres de esas cuatro series  finales ganadas.
La primera fue en el 2013 y Chiriquí se impuso en siete partidos a un conjunto de Bocas del Toro que venía de ganar el título en el año anterior.
Llegó el certamen del 2014 y ambos elencos volvieron a encontrarse en la final. Esa vez los bocatoreños se desquitaron y ganaron la serie final de ese año en siete juegos.
Pasaron cuatro años, Bocas del Toro y Chiriquí se topan por tercera vez en una final mayor. En la edición de 2018, Chiriquí se impuso en seis partidos.
La ocasión más reciente fue en el año 2020. En un certamen sin fanáticos en las gradas, a causa de la pandemia del covid-19, Chiriquí conquistaba el campeonato al imponerse a Bocas del Toro en seis juegos.
Esta será la quinta vez que estos dos elencos midan fuerzas en la serie por el campeonato. ¿Cuál equipo será el vencedor?"
2026-04-22,TVN,Béisbol Mayor 2026 | José Camarena es elegido como el mánager del año en el campeonato nacional,deportes,"Panamá/La Federación Panameña de Béisbol anunció esta mañana al ganador del premio Manager del Año 2026 el cual recae sobre el director debutante José Camarena de Panamá Oeste.
Camarena condujo a los Vaqueros de Panamá Oeste al tercer lugar de la clasificación en la Ronda Regular y le cambió la cara al equipo por completo, haciendo que sus peloteros tuvieran la confianza en el juego y rindieran al máximo en cada partido.
""Contento, muy contento por esta designación, se trabajó duro para poner al equipo en una buena posición, se pudo haber llegado más lejos, pero están las bases de un objetivo que pronto podrá cumplirse"", dijo el manager.
Otras noticias: Béisbol Mayor 2026 resultado| Colón vs Bocas del Toro: 'Tortugueros' clasifican a la final del campeonato nacional
Otras noticias: Béisbol Mayor 2026 calendario| Chiriquí vs Bocas del Toro: ¿Cuándo y dónde se jugarán los partidos de la serie final?
El jugador de cuadro interior nicaragüense Jesús López al servicio de los Correcaminos de Colón fue anunciado esta mañana como el ganador al premio ""Extranjero del Año"" 2026, por su productividad ofensiva y defensiva en el Campeonato Nacional de Béisbol Mayor, Copa Cerveza Atlas.
López recibió el 34.54 % del total de los votos asignados por los responsables de la elección, quedando segundo el lanzador derecho Jorge Bautista que jugó con Darién con un 27.38 % y tercero llegó Elian Miranda con 14.43 %.
Durante la Serie Regular del torneo, López conectó para .283 con 17 hits en 60 turnos, incluyendo 14 carreras remolcadas, encabezando este departamento con los ""Beep Beep"".
En la Serie de Ocho tuvo promedio de .412, con 7 hits en 17 turnos, siendo el mejor bateador de la hueste colonense en esa ronda.
Con información de Fedebeis.
Otras noticias: Béisbol Mayor 2026 | Jean Carlo Rodríguez es el novato del año en el campeonato nacional
Otras noticias: Béisbol Mayor 2026 | Conoce a los líderes individuales de las semifinales en el campeonato"
2026-04-22,TVN,Béisbol Mayor 2026 calendario| Chiriquí vs Bocas del Toro: ¿Cuándo y dónde se jugarán los partidos de la serie final?,deportes,"Panamá/La serie final del 83 Campeonato Nacional de Béisbol Mayor está lista para comenzar.
Con la clasificación de Bocas del Toro, tras superar a Colón en una semifinal que se extendió a siete partidos, quedó definido el duelo que determinará al campeón de un certamen intenso y parejo.
Los 'Tortugueros' bocatoreños enfrentarán a Chiriquí en la serie por la supremacía del béisbol mayor panameño. Según lo estipulado por la Federación Panameña de Béisbol (Fedebeis), dicho emparejamiento tendrá sus dos primeros partidos en el estadio Calvin Byron de Changuinola.
Después de un día de descanso intermedio se disputarán dos juegos en el estadio Kenny Serracín de  David. Posteriormente habrá otra pausa y la serie se reanudará en la ciudad de Panamá para la disputa de los juegos cinco, seis y siete en el estadio Rod Carew, siempre y cuando estos sean necesarios.
A continuación detallamos el calendario de la serie final
Todos los juegos están programados para iniciar a las 7:00 p.m.
*: En caso de ser necesario."
2026-04-21,TVN,Béisbol Mayor 2026 resultado| Colón vs Bocas del Toro: 'Tortugueros' clasifican a la final del campeonato nacional,deportes,"Panamá/Bocas del Toro avanzó a la serie final del 83 Campeonato Nacional de Béisbol Mayor al superar a Colón, por 4 carreras a 0, en el séptimo partido de su serie semifinal que se realizó en el estadio Calvin Byron de Changuinola.
Después de seis partidos, y con la serie empatada a tres victorias por bando,  ambos equipos afrontaban este encuentro con la meta de obtener la victoria y mantenerse en la competencia.
Pasaron tres episodios sin anotaciones. Llegó la parte baja del cuarto y los bocatoreños llenan las bases sin outs. Eduards Toló fue a la caja de bateo y pegó una roleta al 'infield'.  Los colonenses sacaron un out en la segunda base, pero no pudieron evitar que Toló alcanzara  la almohadilla inicial. Esto lo aprovechó Melvin Novoa para anotar la primera carrera del conjunto local.
En la quinta entrada, la ofensiva de los 'Tortugueros' volvió a relucir con tres carreras más. Jonathan Mendoza conectó un elevado de sacrificio para que Edwin Walden anotara la segunda 'rayita', luego un imparable de Carlos Sánchez produjo dos más.
La falta de un bateo efectivo y un pitcheo desgastado le restaron a los 'Correcaminos' colonenses la posibilidad de concretar una remontada que les llevara a la victoria.
Didier Vargas lanzó siete episodios en los que permitió tres imparables, dio seis ponches y dos bases por bolas para acreditarse el triunfo.
Julio Denis cargó con la derrota en una faena de tres entradas en las que toleró tres inatrapables y una anotación con cuatro ponches una base por bola.
Carlos Sánchez bateó tres hits en cuatro turnos y empujó dos carrera por Bocas del Toro. Héctor Rayo de 4-2 con una anotada y Melvin Novoa de 2-1 con una anotada.
Por Colón, Jean Carrillo de 2-1. Edgard Muñoz y Jason Patterson de 3-1 cada uno y Omar Ortega de 4-1.
Con ese resultado, los bocatoreños ganan la serie por récord de cuatro victorias y tres derrotas. Su rival en la final será Chiriquí que se impuso a Panamá Oeste en las semifinales en cinco partidos.
1-2 (1 Out)
Eduards Toló llega a la primera base en jugada de selección. Yeremy Lezcano es puesto out en la segunda base y Melvin Novoa anota desde la tercera base.
Colón 0-1 Bocas
3-1 (1 Out)
Elevado de sacrificio de Jonathan Mendoza. Anota Edwin Walden desde la tercera base.
Colón 0-2 Bocas
1-0 (1 Out)
Hit remolcador de dos carreras de Carlos Sánchez. Anotan Jael Escobar y Héctor Rayo.
Colón 0-4 Bocas"
2026-04-21,TVN,Béisbol Mayor 2026 | Jean Carlo Rodríguez es el novato del año en el campeonato nacional,deportes,"Panamá/La Federación Panameña de Béisbol anunció este martes al ganador del premio Novato del Año del Campeonato Nacional de Béisbol Mayor 2026, distinción que fue otorgada al jugador de los Vaqueros de Panamá Oeste, Jean Carlo Rodríguez.
El joven pelotero destacó durante la temporada regular, dejando números que reflejan su aporte ofensivo. Rodríguez registró un promedio de .229, conectando 8 imparables en 35 turnos al bate, incluyendo 3 sencillos, 1 doble, 2 triples y 2 jonrones. Además, impulsó 9 carreras, anotó 5, recibió 5 boletos y se ponchó en 12 ocasiones.
En el proceso de votación, el jugador de Panamá Oeste mostró un amplio dominio. Rodríguez obtuvo 6 de los 7 votos posibles en la primera instancia, sumó 4 de 6 en la Comisión Técnica y consiguió 8 de 10 votos por parte de los comisionados del certamen. En total, acumuló 18 de 23 votos posibles, consolidándose como el mejor novato de la campaña.
Este reconocimiento confirma el impacto inmediato de Jean Carlo Rodríguez en el béisbol mayor panameño, proyectándose como una de las jóvenes figuras a seguir en los próximos torneos.
Con información de Fedebeis."
2026-04-21,TVN,Béisbol de Pequeñas Ligas| Torneo Nacional Preinfantil 2026 tiene a sus semifinalistas,deportes,"Panamá/El Torneo Nacional de Béisbol Preinfantil está en curso y pronto disputará su etapa para la que ya se tienen los cuatro equipos clasificados.
Las representaciones de Veraguas, Herrera, Panamá Metro y Coclé avanzaron a esa instancia que definirá a los finalistas del certamen.
El certamen se disputó en tres zonas. La Zona A tenía a los equipos de Bocas del Toro, Chiriquí, Chiriquí Occidente y Veraguas; la Zona B la integraron Coclé, Herrera, Los Santos y Panamá Oeste y la C la conformaron Colón, Darién, Panamá Este y Panamá Metro.
Los veragüenses, herreranos y metropolitanos se quedaron con los primeros lugares de sus respectivas zonas al ganar los tres partidos que jugaron en la fase preliminar, entre el sábado 18 y el lunes 20 de abril.
Veraguas derrotó a Bocas del Toro, 15 carreras por 1, Chiriquí, 2 por 0, y Chiriquí Occidente, 19 por 0.
Herrera se impuso a Panamá Oeste, 9 por 7, Los Santos, 8 por 1, y Coclé, 4 por 3.
Panamá Metro superó a Darién, 17 por 0, y Panamá Este en dos ocasiones, 11 por 0 y 9 por 7.
Coclé se quedó con el cuarto cupo para las semifinales por ser el mejor segundo lugar del torneo.
En base al reglamento de la competencia, esta posición se la queda el conjunto con el promedio más bajo de carreras permitidas. Los coclesanos registraron .875, esto como resultado de 21 anotaciones en 24 episodios defendidos. Este promedio fue menor al registrado por los otros dos elencos que ocuparon la segunda casilla, Chiriquí Occidente (1.500) y Panamá Este (1.083).
Coclé tuvo récord de dos victorias y dos derrotas en la etapa preliminar. Sus triunfos fueron ante Panamá Oeste, 12 por 10, y Los Santos, 6 por 4.
Las semifinales y la serie final se llevarán a cabo entre el 25 y 27 de abril en el campo de juegos CAPLITOM  de Juan Díaz,  ciudad de Panamá.
Las semifinales serán a partido único, los que se jugarán el sábado 25. Los ganadores de esos dos juegos avanzarán a la final que consistirá en una serie pactada al ganador de dos de un límite de tres encuentros.
El domingo 26 se llevarán a cabo dos juegos de la serie final. Si es necesario, el tercer partido se realizará el lunes 27."
2026-04-20,TVN,Béisbol Mayor | Colón fuerza el séptimo juego tras vencer a Bocas del Toro en un duelo de pitcheo,deportes,"Panamá/La serie semifinal del Campeonato Nacional de Béisbol Mayor 2026 se definirá en un séptimo y decisivo encuentro, luego de que Colón derrotara 2-1 a Bocas del Toro en el sexto juego, disputado en el estadio Calvin Byron.
El compromiso estuvo marcado por un cerrado duelo de lanzadores entre Carlos Rodríguez por Colón y Enrique Saldaña por Bocas del Toro, quienes dominaron a las ofensivas durante gran parte del partido. El primer imparable del juego llegó recién en la baja del tercer episodio, cortesía de Héctor Rayo, reflejando el dominio monticular.
Contenido relacionado: Béisbol Mayor 2026 | Conoce los líderes individuales del campeonato nacional
Fue en la alta del quinto inning cuando Colón rompió el cero en la pizarra. José González empujó la primera carrera del encuentro, llevando al plato a Jorge Bishop. Posteriormente, en el sexto episodio, los colonenses ampliaron la ventaja con una carrera de caballito, anotada por Edgar Muñoz, nuevamente con Bishop involucrado tras recibir boleto, lo que marcó la salida del abridor Saldaña.
El derecho bocatoreño trabajó con intensidad, pero su descontrol fue clave: otorgó 9 bases por bolas y ponchó a 6 rivales, antes de ser relevado por Alaín Pérez.
Por su parte, Carlos Rodríguez firmó una sólida apertura de 84 lanzamientos, manteniendo a raya a la ofensiva rival. El relevo llegó en el octavo episodio con Manuel Campos, justo después de que Carlos Sánchez impulsara la única carrera de Bocas del Toro, anotada por Jael Escobar.
Con este resultado, la serie queda igualada y todo se definirá en el séptimo juego, que se disputará este martes 21 de abril desde las 7:00 p.m., nuevamente en el Calvin Byron, en un choque donde ambos equipos buscarán el boleto a la gran final.
Contenido relacionado: Béisbol Mayor 2026 resultado | Harold Araúz con magistral actuación en el montículo le da vida a Colón
Otras noticias: Béisbol Mayor 2026 resultado| Bocas del Toro vs Colón: 'Tortugueros' quedan a un paso de la final"
2026-04-20,TVN,Juegos Suramericanos de la Juventud 2026 | Panamá salta al diamante en el béisbol,deportes,"Panamá/Panamá abre el torneo de béisbol de los Juegos Suramericanos de la Juventud, en la tarde de este lunes, jugando ante Perú en el estadio Juan Demóstenes Arosemena y para tan importante responsabilidad se ha asignado al lanzador derecho Alexis Govea de los Vaqueros del West.
Govea, un lanzador derecho de 6' 2"" con un repertorio interesante, será el abridor de la hueste panameña, la cual saldrá en busca de su primera victoria en un torneo donde además estarán participando equipos como Curazao, Argentina, Colombia y Brasil, además de los dos mencionados anteriormente.
Panamá cerró en la tarde del domingo 19 de abril su último entrenamiento teniendo como sede el estadio Juan Demóstenes Arosemena, un icono de la historia deportiva de nuestro Panamá y que desde hoy será escenario del evento reservado para jugadores menores de 17 años de edad.
""Vamos a abrir con Alexis Govea, es nuestra carta de apertura, tenemos mucha confianza en lo que puede hacer y queremos tenerlo listo para los partidos finales de importancia, cuando se disputen las medallas"", dijo Adolfo Rivera, el manager de Panamá.
El equipo se entrenó por más de 30 días en las instalaciones del estadio Rod Carew, hasta que este viernes ingresó a la Villa Olímpica para encarar el certamen y disputar una medalla.
Con información de Fedebeis."
